subtype,question,structured,correct_answer
blood_relation,Rohit is Meera's son. Meera is Manoj's daughter. How is Rohit related to Manoj?,Rohit|son|Meera;Meera|daughter|Manoj,grandson
direction_sense,"Karan walks 5km east, then 8km south, then 8km south. How far is Karan from the starting point?",5km east;8km south;8km south,16.76
coding_decoding,"If CUP is coded as HZU, how is LOG coded?",CUP->HZU;LOG->?,QTL
syllogism,Statement 1: Some fruits are cars. Statement 2: Some cars are cats. Conclusion: Some fruits are cats. Is the conclusion valid?,Some fruits are cars|Some cars are cats|Some fruits are cats,invalid
blood_relation,Vikram is Manoj's son. Manoj is Rohit's son. How is Vikram related to Rohit?,Vikram|son|Manoj;Manoj|son|Rohit,grandson
direction_sense,"Divya walks 4km north, then 4km west. How far is Divya from the starting point?",4km north;4km west,5.66
coding_decoding,"If CUP is coded as DVQ, how is BAT coded?",CUP->DVQ;BAT->?,CBU
syllogism,Statement 1: All birds are cats. Statement 2: No cats are pets. Conclusion: No birds are pets. Is the conclusion valid?,All birds are cats|No cats are pets|No birds are pets,valid
blood_relation,Rohit is Suresh's father. Suresh is Divya's father. How is Rohit related to Divya?,Rohit|father|Suresh;Suresh|father|Divya,grandfather
direction_sense,"Karan walks 9km north, then 7km south. How far is Karan from the starting point?",9km north;7km south,2.0
coding_decoding,"If DOG is coded as GRJ, how is COW coded?",DOG->GRJ;COW->?,FRZ
syllogism,Statement 1: All flowers are fruits. Statement 2: All fruits are plants. Conclusion: All flowers are plants. Is the conclusion valid?,All flowers are fruits|All fruits are plants|All flowers are plants,valid
blood_relation,Rohit is Arjun's mother. Arjun is Divya's father. How is Rohit related to Divya?,Rohit|mother|Arjun;Arjun|father|Divya,grandmother
direction_sense,"Manoj walks 10km east, then 4km north. How far is Manoj from the starting point?",10km east;4km north,10.77
coding_decoding,"If SUN is coded as UWP, how is RUN coded?",SUN->UWP;RUN->?,TWP
syllogism,Statement 1: All animals are cars. Statement 2: No cars are mammals. Conclusion: No animals are mammals. Is the conclusion valid?,All animals are cars|No cars are mammals|No animals are mammals,valid
blood_relation,Arjun is Suresh's daughter. Suresh is Manoj's daughter. How is Arjun related to Manoj?,Arjun|daughter|Suresh;Suresh|daughter|Manoj,granddaughter
direction_sense,"Karan walks 8km east, then 4km south, then 4km north. How far is Karan from the starting point?",8km east;4km south;4km north,8.0
coding_decoding,"If PEN is coded as RGP, how is BOX coded?",PEN->RGP;BOX->?,DQZ
syllogism,Statement 1: No dogs are cats. Statement 2: Some cats are pets. Conclusion: Some pets are not dogs. Is the conclusion valid?,No dogs are cats|Some cats are pets|Some pets are not dogs,valid
blood_relation,Divya is Kavya's father. Kavya is Anjali's mother. How is Divya related to Anjali?,Divya|father|Kavya;Kavya|mother|Anjali,grandfather
direction_sense,"Karan walks 7km north, then 4km south. How far is Karan from the starting point?",7km north;4km south,3.0
coding_decoding,"If PEN is coded as UJS, how is TOP coded?",PEN->UJS;TOP->?,YTU
syllogism,Statement 1: Some dogs are foods. Statement 2: All foods are fruits. Conclusion: Some dogs are fruits. Is the conclusion valid?,Some dogs are foods|All foods are fruits|Some dogs are fruits,valid
blood_relation,Kavya is Nikhil's mother. Nikhil is Amit's father. How is Kavya related to Amit?,Kavya|mother|Nikhil;Nikhil|father|Amit,grandmother
direction_sense,"Sneha walks 8km east, then 5km south, then 5km north. How far is Sneha from the starting point?",8km east;5km south;5km north,8.0
coding_decoding,"If PEN is coded as RGP, how is LOG coded?",PEN->RGP;LOG->?,NQI
syllogism,Statement 1: Some foods are fruits. Statement 2: All fruits are cars. Conclusion: Some foods are cars. Is the conclusion valid?,Some foods are fruits|All fruits are cars|Some foods are cars,valid
blood_relation,Suresh is Riya's daughter. Riya is Pooja's daughter. How is Suresh related to Pooja?,Suresh|daughter|Riya;Riya|daughter|Pooja,granddaughter
direction_sense,"Nikhil walks 5km north, then 4km south. How far is Nikhil from the starting point?",5km north;4km south,1.0
coding_decoding,"If SUN is coded as VXQ, how is TOP coded?",SUN->VXQ;TOP->?,WRS
syllogism,Statement 1: All foods are cats. Statement 2: All cats are animals. Conclusion: All foods are animals. Is the conclusion valid?,All foods are cats|All cats are animals|All foods are animals,valid
blood_relation,Arjun is Anjali's mother. Anjali is Kavya's mother. How is Arjun related to Kavya?,Arjun|mother|Anjali;Anjali|mother|Kavya,grandmother
direction_sense,"Manoj walks 4km south, then 8km east. How far is Manoj from the starting point?",4km south;8km east,8.94
coding_decoding,"If CUP is coded as HZU, how is LOG coded?",CUP->HZU;LOG->?,QTL
syllogism,Statement 1: Some pets are birds. Statement 2: All birds are flowers. Conclusion: Some pets are flowers. Is the conclusion valid?,Some pets are birds|All birds are flowers|Some pets are flowers,valid
blood_relation,Karan is Kavya's mother. Kavya is Anjali's mother. How is Karan related to Anjali?,Karan|mother|Kavya;Kavya|mother|Anjali,grandmother
direction_sense,"Sneha walks 8km north, then 3km north. How far is Sneha from the starting point?",8km north;3km north,11.0
coding_decoding,"If MAP is coded as QET, how is KEY coded?",MAP->QET;KEY->?,OIC
syllogism,Statement 1: All plants are cats. Statement 2: All cats are birds. Conclusion: All plants are birds. Is the conclusion valid?,All plants are cats|All cats are birds|All plants are birds,valid
blood_relation,Sneha is Priya's son. Priya is Arjun's daughter. How is Sneha related to Arjun?,Sneha|son|Priya;Priya|daughter|Arjun,grandson
direction_sense,"Divya walks 9km south, then 2km north. How far is Divya from the starting point?",9km south;2km north,7.0
coding_decoding,"If FAN is coded as KFS, how is JAM coded?",FAN->KFS;JAM->?,OFR
syllogism,Statement 1: All vehicles are mammals. Statement 2: All mammals are pets. Conclusion: All vehicles are pets. Is the conclusion valid?,All vehicles are mammals|All mammals are pets|All vehicles are pets,valid
blood_relation,Priya is Nikhil's father. Nikhil is Rohit's father. How is Priya related to Rohit?,Priya|father|Nikhil;Nikhil|father|Rohit,grandfather
direction_sense,"Suresh walks 6km east, then 5km south. How far is Suresh from the starting point?",6km east;5km south,7.81
coding_decoding,"If CAT is coded as ECV, how is TOP coded?",CAT->ECV;TOP->?,VQR
syllogism,Statement 1: Some cars are flowers. Statement 2: Some flowers are plants. Conclusion: Some cars are plants. Is the conclusion valid?,Some cars are flowers|Some flowers are plants|Some cars are plants,invalid
blood_relation,Rohit is Nikhil's mother. Nikhil is Anjali's mother. How is Rohit related to Anjali?,Rohit|mother|Nikhil;Nikhil|mother|Anjali,grandmother
direction_sense,"Karan walks 5km north, then 3km north, then 3km south. How far is Karan from the starting point?",5km north;3km north;3km south,5.0
coding_decoding,"If CUP is coded as EWR, how is LOG coded?",CUP->EWR;LOG->?,NQI
syllogism,Statement 1: All mammals are pets. Statement 2: No pets are fruits. Conclusion: No mammals are fruits. Is the conclusion valid?,All mammals are pets|No pets are fruits|No mammals are fruits,valid
blood_relation,Suresh is Priya's daughter. Priya is Arjun's son. How is Suresh related to Arjun?,Suresh|daughter|Priya;Priya|son|Arjun,granddaughter
direction_sense,"Karan walks 4km north, then 5km east. How far is Karan from the starting point?",4km north;5km east,6.4
coding_decoding,"If DOG is coded as ITL, how is LOG coded?",DOG->ITL;LOG->?,QTL
syllogism,Statement 1: All dogs are plants. Statement 2: No plants are fruits. Conclusion: No dogs are fruits. Is the conclusion valid?,All dogs are plants|No plants are fruits|No dogs are fruits,valid
blood_relation,Kavya is Suresh's daughter. Suresh is Rohit's daughter. How is Kavya related to Rohit?,Kavya|daughter|Suresh;Suresh|daughter|Rohit,granddaughter
direction_sense,"Anjali walks 7km south, then 6km east, then 2km west. How far is Anjali from the starting point?",7km south;6km east;2km west,8.06
coding_decoding,"If FAN is coded as IDQ, how is TOP coded?",FAN->IDQ;TOP->?,WRS
syllogism,Statement 1: Some cats are plants. Statement 2: Some plants are foods. Conclusion: Some cats are foods. Is the conclusion valid?,Some cats are plants|Some plants are foods|Some cats are foods,invalid
blood_relation,Sneha is Anjali's mother. Anjali is Nikhil's mother. How is Sneha related to Nikhil?,Sneha|mother|Anjali;Anjali|mother|Nikhil,grandmother
direction_sense,"Priya walks 6km south, then 7km south. How far is Priya from the starting point?",6km south;7km south,13.0
coding_decoding,"If DOG is coded as EPH, how is BOX coded?",DOG->EPH;BOX->?,CPY
syllogism,Statement 1: All mammals are cats. Statement 2: All cats are birds. Conclusion: All mammals are birds. Is the conclusion valid?,All mammals are cats|All cats are birds|All mammals are birds,valid
blood_relation,Nikhil is Rohit's son. Rohit is Divya's son. How is Nikhil related to Divya?,Nikhil|son|Rohit;Rohit|son|Divya,grandson
direction_sense,"Suresh walks 5km north, then 8km west. How far is Suresh from the starting point?",5km north;8km west,9.43
coding_decoding,"If FAN is coded as GBO, how is RUN coded?",FAN->GBO;RUN->?,SVO
syllogism,Statement 1: All mammals are flowers. Statement 2: No flowers are birds. Conclusion: No mammals are birds. Is the conclusion valid?,All mammals are flowers|No flowers are birds|No mammals are birds,valid
blood_relation,Pooja is Rohit's mother. Rohit is Amit's mother. How is Pooja related to Amit?,Pooja|mother|Rohit;Rohit|mother|Amit,grandmother
direction_sense,"Sneha walks 3km south, then 5km west, then 4km north. How far is Sneha from the starting point?",3km south;5km west;4km north,5.1
coding_decoding,"If SUN is coded as WYR, how is BAT coded?",SUN->WYR;BAT->?,FEX
syllogism,Statement 1: Some fruits are animals. Statement 2: All animals are dogs. Conclusion: Some fruits are dogs. Is the conclusion valid?,Some fruits are animals|All animals are dogs|Some fruits are dogs,valid
blood_relation,Sneha is Riya's mother. Riya is Kavya's father. How is Sneha related to Kavya?,Sneha|mother|Riya;Riya|father|Kavya,grandmother
direction_sense,"Suresh walks 8km south, then 4km north. How far is Suresh from the starting point?",8km south;4km north,4.0
coding_decoding,"If PEN is coded as UJS, how is RUN coded?",PEN->UJS;RUN->?,WZS
syllogism,Statement 1: All animals are cats. Statement 2: No cats are dogs. Conclusion: No animals are dogs. Is the conclusion valid?,All animals are cats|No cats are dogs|No animals are dogs,valid
blood_relation,Amit is Arjun's son. Arjun is Nikhil's daughter. How is Amit related to Nikhil?,Amit|son|Arjun;Arjun|daughter|Nikhil,grandson
direction_sense,"Meera walks 9km south, then 4km west, then 9km south. How far is Meera from the starting point?",9km south;4km west;9km south,18.44
coding_decoding,"If FAN is coded as GBO, how is BOX coded?",FAN->GBO;BOX->?,CPY
syllogism,Statement 1: Some fruits are cats. Statement 2: Some cats are mammals. Conclusion: Some fruits are mammals. Is the conclusion valid?,Some fruits are cats|Some cats are mammals|Some fruits are mammals,invalid
blood_relation,Manoj is Karan's father. Karan is Sneha's mother. How is Manoj related to Sneha?,Manoj|father|Karan;Karan|mother|Sneha,grandfather
direction_sense,"Priya walks 8km north, then 5km south, then 6km north. How far is Priya from the starting point?",8km north;5km south;6km north,9.0
coding_decoding,"If MAP is coded as RFU, how is BAT coded?",MAP->RFU;BAT->?,GFY
syllogism,Statement 1: All flowers are vehicles. Statement 2: All vehicles are cats. Conclusion: All flowers are cats. Is the conclusion valid?,All flowers are vehicles|All vehicles are cats|All flowers are cats,valid
blood_relation,Anjali is Suresh's father. Suresh is Rohit's father. How is Anjali related to Rohit?,Anjali|father|Suresh;Suresh|father|Rohit,grandfather
direction_sense,"Amit walks 9km north, then 4km north. How far is Amit from the starting point?",9km north;4km north,13.0
coding_decoding,"If PEN is coded as SHQ, how is RUN coded?",PEN->SHQ;RUN->?,UXQ
syllogism,Statement 1: No dogs are vehicles. Statement 2: Some vehicles are pets. Conclusion: Some pets are not dogs. Is the conclusion valid?,No dogs are vehicles|Some vehicles are pets|Some pets are not dogs,valid
blood_relation,Manoj is Divya's daughter. Divya is Suresh's son. How is Manoj related to Suresh?,Manoj|daughter|Divya;Divya|son|Suresh,granddaughter
direction_sense,"Rohit walks 4km south, then 10km east, then 3km west. How far is Rohit from the starting point?",4km south;10km east;3km west,8.06
coding_decoding,"If CAT is coded as ECV, how is BAT coded?",CAT->ECV;BAT->?,DCV
syllogism,Statement 1: All cars are pets. Statement 2: All pets are dogs. Conclusion: All cars are dogs. Is the conclusion valid?,All cars are pets|All pets are dogs|All cars are dogs,valid
blood_relation,Kavya is Manoj's father. Manoj is Vikram's mother. How is Kavya related to Vikram?,Kavya|father|Manoj;Manoj|mother|Vikram,grandfather
direction_sense,"Manoj walks 5km west, then 5km east. How far is Manoj from the starting point?",5km west;5km east,0.0
coding_decoding,"If CUP is coded as FXS, how is COW coded?",CUP->FXS;COW->?,FRZ
syllogism,Statement 1: All foods are mammals. Statement 2: No mammals are birds. Conclusion: No foods are birds. Is the conclusion valid?,All foods are mammals|No mammals are birds|No foods are birds,valid
blood_relation,Anjali is Riya's daughter. Riya is Nikhil's daughter. How is Anjali related to Nikhil?,Anjali|daughter|Riya;Riya|daughter|Nikhil,granddaughter
direction_sense,"Sneha walks 10km west, then 4km south. How far is Sneha from the starting point?",10km west;4km south,10.77
coding_decoding,"If PEN is coded as TIR, how is RUN coded?",PEN->TIR;RUN->?,VYR
syllogism,Statement 1: All fruits are cats. Statement 2: All cats are plants. Conclusion: All fruits are plants. Is the conclusion valid?,All fruits are cats|All cats are plants|All fruits are plants,valid
blood_relation,Divya is Anjali's daughter. Anjali is Pooja's daughter. How is Divya related to Pooja?,Divya|daughter|Anjali;Anjali|daughter|Pooja,granddaughter
direction_sense,"Riya walks 8km east, then 9km south, then 6km north. How far is Riya from the starting point?",8km east;9km south;6km north,8.54
coding_decoding,"If FAN is coded as IDQ, how is KEY coded?",FAN->IDQ;KEY->?,NHB
syllogism,Statement 1: Some dogs are fruits. Statement 2: All fruits are plants. Conclusion: Some dogs are plants. Is the conclusion valid?,Some dogs are fruits|All fruits are plants|Some dogs are plants,valid
blood_relation,Sneha is Kavya's mother. Kavya is Vikram's father. How is Sneha related to Vikram?,Sneha|mother|Kavya;Kavya|father|Vikram,grandmother
direction_sense,"Manoj walks 4km north, then 9km west. How far is Manoj from the starting point?",4km north;9km west,9.85
coding_decoding,"If FAN is coded as HCP, how is KEY coded?",FAN->HCP;KEY->?,MGA
syllogism,Statement 1: Some animals are foods. Statement 2: All foods are vehicles. Conclusion: Some animals are vehicles. Is the conclusion valid?,Some animals are foods|All foods are vehicles|Some animals are vehicles,valid
blood_relation,Riya is Divya's son. Divya is Karan's daughter. How is Riya related to Karan?,Riya|son|Divya;Divya|daughter|Karan,grandson
direction_sense,"Vikram walks 4km north, then 5km east, then 4km west. How far is Vikram from the starting point?",4km north;5km east;4km west,4.12
coding_decoding,"If PEN is coded as RGP, how is LOG coded?",PEN->RGP;LOG->?,NQI
syllogism,Statement 1: Some flowers are cars. Statement 2: Some cars are pets. Conclusion: Some flowers are pets. Is the conclusion valid?,Some flowers are cars|Some cars are pets|Some flowers are pets,invalid
blood_relation,Pooja is Priya's daughter. Priya is Divya's daughter. How is Pooja related to Divya?,Pooja|daughter|Priya;Priya|daughter|Divya,granddaughter
direction_sense,"Rohit walks 6km south, then 4km west, then 6km west. How far is Rohit from the starting point?",6km south;4km west;6km west,11.66
coding_decoding,"If SUN is coded as UWP, how is COW coded?",SUN->UWP;COW->?,EQY
syllogism,Statement 1: Some mammals are plants. Statement 2: Some plants are cats. Conclusion: Some mammals are cats. Is the conclusion valid?,Some mammals are plants|Some plants are cats|Some mammals are cats,invalid
blood_relation,Nikhil is Arjun's father. Arjun is Suresh's mother. How is Nikhil related to Suresh?,Nikhil|father|Arjun;Arjun|mother|Suresh,grandfather
direction_sense,"Nikhil walks 8km east, then 4km west, then 4km north. How far is Nikhil from the starting point?",8km east;4km west;4km north,5.66
coding_decoding,"If CAT is coded as DBU, how is COW coded?",CAT->DBU;COW->?,DPX
syllogism,Statement 1: All cats are cars. Statement 2: All cars are animals. Conclusion: All cats are animals. Is the conclusion valid?,All cats are cars|All cars are animals|All cats are animals,valid
blood_relation,Karan is Pooja's son. Pooja is Nikhil's daughter. How is Karan related to Nikhil?,Karan|son|Pooja;Pooja|daughter|Nikhil,grandson
direction_sense,"Pooja walks 2km north, then 4km north. How far is Pooja from the starting point?",2km north;4km north,6.0
coding_decoding,"If FAN is coded as GBO, how is COW coded?",FAN->GBO;COW->?,DPX
syllogism,Statement 1: Some vehicles are cats. Statement 2: Some cats are fruits. Conclusion: Some vehicles are fruits. Is the conclusion valid?,Some vehicles are cats|Some cats are fruits|Some vehicles are fruits,invalid
blood_relation,Rohit is Anjali's son. Anjali is Suresh's son. How is Rohit related to Suresh?,Rohit|son|Anjali;Anjali|son|Suresh,grandson
direction_sense,"Sneha walks 5km south, then 7km west. How far is Sneha from the starting point?",5km south;7km west,8.6
coding_decoding,"If SUN is coded as TVO, how is TOP coded?",SUN->TVO;TOP->?,UPQ
syllogism,Statement 1: Some vehicles are birds. Statement 2: Some birds are cars. Conclusion: Some vehicles are cars. Is the conclusion valid?,Some vehicles are birds|Some birds are cars|Some vehicles are cars,invalid
blood_relation,Priya is Suresh's mother. Suresh is Manoj's father. How is Priya related to Manoj?,Priya|mother|Suresh;Suresh|father|Manoj,grandmother
direction_sense,"Vikram walks 6km north, then 7km east, then 4km east. How far is Vikram from the starting point?",6km north;7km east;4km east,12.53
coding_decoding,"If BAT is coded as DCV, how is JAM coded?",BAT->DCV;JAM->?,LCO
syllogism,Statement 1: Some foods are pets. Statement 2: All pets are mammals. Conclusion: Some foods are mammals. Is the conclusion valid?,Some foods are pets|All pets are mammals|Some foods are mammals,valid
blood_relation,Nikhil is Sneha's son. Sneha is Amit's daughter. How is Nikhil related to Amit?,Nikhil|son|Sneha;Sneha|daughter|Amit,grandson
direction_sense,"Suresh walks 6km east, then 8km north, then 5km west. How far is Suresh from the starting point?",6km east;8km north;5km west,8.06
coding_decoding,"If CUP is coded as GYT, how is RUN coded?",CUP->GYT;RUN->?,VYR
syllogism,Statement 1: Some mammals are flowers. Statement 2: All flowers are cars. Conclusion: Some mammals are cars. Is the conclusion valid?,Some mammals are flowers|All flowers are cars|Some mammals are cars,valid
blood_relation,Divya is Karan's daughter. Karan is Manoj's son. How is Divya related to Manoj?,Divya|daughter|Karan;Karan|son|Manoj,granddaughter
direction_sense,"Nikhil walks 8km north, then 9km north. How far is Nikhil from the starting point?",8km north;9km north,17.0
coding_decoding,"If SUN is coded as UWP, how is JAM coded?",SUN->UWP;JAM->?,LCO
syllogism,Statement 1: No dogs are animals. Statement 2: Some animals are pets. Conclusion: Some pets are not dogs. Is the conclusion valid?,No dogs are animals|Some animals are pets|Some pets are not dogs,valid
blood_relation,Amit is Nikhil's son. Nikhil is Meera's daughter. How is Amit related to Meera?,Amit|son|Nikhil;Nikhil|daughter|Meera,grandson
direction_sense,"Sneha walks 10km east, then 9km south, then 6km west. How far is Sneha from the starting point?",10km east;9km south;6km west,9.85
coding_decoding,"If CUP is coded as DVQ, how is LOG coded?",CUP->DVQ;LOG->?,MPH
syllogism,Statement 1: No birds are animals. Statement 2: Some animals are cars. Conclusion: Some cars are not birds. Is the conclusion valid?,No birds are animals|Some animals are cars|Some cars are not birds,valid
blood_relation,Manoj is Sneha's father. Sneha is Vikram's father. How is Manoj related to Vikram?,Manoj|father|Sneha;Sneha|father|Vikram,grandfather
direction_sense,"Arjun walks 5km north, then 6km south, then 6km east. How far is Arjun from the starting point?",5km north;6km south;6km east,6.08
coding_decoding,"If BAT is coded as EDW, how is TOP coded?",BAT->EDW;TOP->?,WRS
syllogism,Statement 1: All vehicles are pets. Statement 2: No pets are foods. Conclusion: No vehicles are foods. Is the conclusion valid?,All vehicles are pets|No pets are foods|No vehicles are foods,valid
blood_relation,Kavya is Meera's father. Meera is Karan's father. How is Kavya related to Karan?,Kavya|father|Meera;Meera|father|Karan,grandfather
direction_sense,"Rohit walks 9km north, then 5km south, then 10km south. How far is Rohit from the starting point?",9km north;5km south;10km south,6.0
coding_decoding,"If DOG is coded as HSK, how is BAT coded?",DOG->HSK;BAT->?,FEX
syllogism,Statement 1: All cars are birds. Statement 2: No birds are animals. Conclusion: No cars are animals. Is the conclusion valid?,All cars are birds|No birds are animals|No cars are animals,valid
blood_relation,Amit is Anjali's son. Anjali is Manoj's son. How is Amit related to Manoj?,Amit|son|Anjali;Anjali|son|Manoj,grandson
direction_sense,"Sneha walks 9km east, then 10km south, then 6km east. How far is Sneha from the starting point?",9km east;10km south;6km east,18.03
coding_decoding,"If BAT is coded as FEX, how is BAT coded?",BAT->FEX;BAT->?,FEX
syllogism,Statement 1: No pets are foods. Statement 2: Some foods are animals. Conclusion: Some animals are not pets. Is the conclusion valid?,No pets are foods|Some foods are animals|Some animals are not pets,valid
blood_relation,Nikhil is Anjali's son. Anjali is Kavya's daughter. How is Nikhil related to Kavya?,Nikhil|son|Anjali;Anjali|daughter|Kavya,grandson
direction_sense,"Karan walks 8km south, then 3km north, then 9km north. How far is Karan from the starting point?",8km south;3km north;9km north,4.0
coding_decoding,"If PEN is coded as RGP, how is BAT coded?",PEN->RGP;BAT->?,DCV
syllogism,Statement 1: Some birds are flowers. Statement 2: Some flowers are vehicles. Conclusion: Some birds are vehicles. Is the conclusion valid?,Some birds are flowers|Some flowers are vehicles|Some birds are vehicles,invalid
blood_relation,Divya is Arjun's daughter. Arjun is Kavya's son. How is Divya related to Kavya?,Divya|daughter|Arjun;Arjun|son|Kavya,granddaughter
direction_sense,"Riya walks 4km east, then 9km west, then 3km south. How far is Riya from the starting point?",4km east;9km west;3km south,5.83
coding_decoding,"If BAT is coded as EDW, how is KEY coded?",BAT->EDW;KEY->?,NHB
syllogism,Statement 1: All cars are vehicles. Statement 2: All vehicles are fruits. Conclusion: All cars are fruits. Is the conclusion valid?,All cars are vehicles|All vehicles are fruits|All cars are fruits,valid
blood_relation,Manoj is Divya's father. Divya is Nikhil's father. How is Manoj related to Nikhil?,Manoj|father|Divya;Divya|father|Nikhil,grandfather
direction_sense,"Nikhil walks 10km south, then 2km west. How far is Nikhil from the starting point?",10km south;2km west,10.2
coding_decoding,"If PEN is coded as UJS, how is RUN coded?",PEN->UJS;RUN->?,WZS
syllogism,Statement 1: All animals are cats. Statement 2: No cats are pets. Conclusion: No animals are pets. Is the conclusion valid?,All animals are cats|No cats are pets|No animals are pets,valid
blood_relation,Kavya is Karan's son. Karan is Amit's daughter. How is Kavya related to Amit?,Kavya|son|Karan;Karan|daughter|Amit,grandson
direction_sense,"Pooja walks 10km west, then 7km west, then 7km south. How far is Pooja from the starting point?",10km west;7km west;7km south,18.38
coding_decoding,"If FAN is coded as GBO, how is BAT coded?",FAN->GBO;BAT->?,CBU
syllogism,Statement 1: All plants are mammals. Statement 2: All mammals are foods. Conclusion: All plants are foods. Is the conclusion valid?,All plants are mammals|All mammals are foods|All plants are foods,valid
blood_relation,Arjun is Pooja's son. Pooja is Meera's son. How is Arjun related to Meera?,Arjun|son|Pooja;Pooja|son|Meera,grandson
direction_sense,"Riya walks 10km east, then 4km north, then 10km east. How far is Riya from the starting point?",10km east;4km north;10km east,20.4
coding_decoding,"If CAT is coded as GEX, how is COW coded?",CAT->GEX;COW->?,GSA
syllogism,Statement 1: All plants are fruits. Statement 2: All fruits are mammals. Conclusion: All plants are mammals. Is the conclusion valid?,All plants are fruits|All fruits are mammals|All plants are mammals,valid
blood_relation,Sneha is Priya's mother. Priya is Anjali's mother. How is Sneha related to Anjali?,Sneha|mother|Priya;Priya|mother|Anjali,grandmother
direction_sense,"Divya walks 2km east, then 9km north, then 5km north. How far is Divya from the starting point?",2km east;9km north;5km north,14.14
coding_decoding,"If FAN is coded as JER, how is COW coded?",FAN->JER;COW->?,GSA
syllogism,Statement 1: All mammals are fruits. Statement 2: All fruits are pets. Conclusion: All mammals are pets. Is the conclusion valid?,All mammals are fruits|All fruits are pets|All mammals are pets,valid
blood_relation,Suresh is Sneha's son. Sneha is Arjun's daughter. How is Suresh related to Arjun?,Suresh|son|Sneha;Sneha|daughter|Arjun,grandson
direction_sense,"Divya walks 2km north, then 7km north. How far is Divya from the starting point?",2km north;7km north,9.0
coding_decoding,"If DOG is coded as FQI, how is BAT coded?",DOG->FQI;BAT->?,DCV
syllogism,Statement 1: Some dogs are pets. Statement 2: All pets are cats. Conclusion: Some dogs are cats. Is the conclusion valid?,Some dogs are pets|All pets are cats|Some dogs are cats,valid
blood_relation,Riya is Vikram's daughter. Vikram is Anjali's daughter. How is Riya related to Anjali?,Riya|daughter|Vikram;Vikram|daughter|Anjali,granddaughter
direction_sense,"Nikhil walks 9km north, then 9km east. How far is Nikhil from the starting point?",9km north;9km east,12.73
coding_decoding,"If PEN is coded as RGP, how is KEY coded?",PEN->RGP;KEY->?,MGA
syllogism,Statement 1: No fruits are flowers. Statement 2: Some flowers are mammals. Conclusion: Some mammals are not fruits. Is the conclusion valid?,No fruits are flowers|Some flowers are mammals|Some mammals are not fruits,valid
blood_relation,Manoj is Rohit's father. Rohit is Pooja's father. How is Manoj related to Pooja?,Manoj|father|Rohit;Rohit|father|Pooja,grandfather
direction_sense,"Sneha walks 7km north, then 10km east, then 6km east. How far is Sneha from the starting point?",7km north;10km east;6km east,17.46
coding_decoding,"If PEN is coded as UJS, how is KEY coded?",PEN->UJS;KEY->?,PJD
syllogism,Statement 1: Some vehicles are flowers. Statement 2: All flowers are fruits. Conclusion: Some vehicles are fruits. Is the conclusion valid?,Some vehicles are flowers|All flowers are fruits|Some vehicles are fruits,valid
blood_relation,Manoj is Suresh's father. Suresh is Vikram's father. How is Manoj related to Vikram?,Manoj|father|Suresh;Suresh|father|Vikram,grandfather
direction_sense,"Nikhil walks 10km north, then 7km west. How far is Nikhil from the starting point?",10km north;7km west,12.21
coding_decoding,"If SUN is coded as UWP, how is RUN coded?",SUN->UWP;RUN->?,TWP
syllogism,Statement 1: All pets are fruits. Statement 2: No fruits are mammals. Conclusion: No pets are mammals. Is the conclusion valid?,All pets are fruits|No fruits are mammals|No pets are mammals,valid
blood_relation,Rohit is Amit's father. Amit is Anjali's father. How is Rohit related to Anjali?,Rohit|father|Amit;Amit|father|Anjali,grandfather
direction_sense,"Arjun walks 10km east, then 4km west. How far is Arjun from the starting point?",10km east;4km west,6.0
coding_decoding,"If SUN is coded as TVO, how is BOX coded?",SUN->TVO;BOX->?,CPY
syllogism,Statement 1: Some animals are fruits. Statement 2: Some fruits are cats. Conclusion: Some animals are cats. Is the conclusion valid?,Some animals are fruits|Some fruits are cats|Some animals are cats,invalid
blood_relation,Vikram is Pooja's son. Pooja is Manoj's son. How is Vikram related to Manoj?,Vikram|son|Pooja;Pooja|son|Manoj,grandson
direction_sense,"Nikhil walks 9km west, then 5km north. How far is Nikhil from the starting point?",9km west;5km north,10.3
coding_decoding,"If FAN is coded as KFS, how is BOX coded?",FAN->KFS;BOX->?,GTC
syllogism,Statement 1: All pets are cars. Statement 2: No cars are birds. Conclusion: No pets are birds. Is the conclusion valid?,All pets are cars|No cars are birds|No pets are birds,valid
blood_relation,Nikhil is Karan's daughter. Karan is Suresh's daughter. How is Nikhil related to Suresh?,Nikhil|daughter|Karan;Karan|daughter|Suresh,granddaughter
direction_sense,"Vikram walks 5km west, then 4km west, then 8km east. How far is Vikram from the starting point?",5km west;4km west;8km east,1.0
coding_decoding,"If DOG is coded as EPH, how is TOP coded?",DOG->EPH;TOP->?,UPQ
syllogism,Statement 1: Some dogs are pets. Statement 2: Some pets are plants. Conclusion: Some dogs are plants. Is the conclusion valid?,Some dogs are pets|Some pets are plants|Some dogs are plants,invalid
blood_relation,Priya is Rohit's son. Rohit is Riya's daughter. How is Priya related to Riya?,Priya|son|Rohit;Rohit|daughter|Riya,grandson
direction_sense,"Suresh walks 10km south, then 9km north. How far is Suresh from the starting point?",10km south;9km north,1.0
coding_decoding,"If BAT is coded as EDW, how is LOG coded?",BAT->EDW;LOG->?,ORJ
syllogism,Statement 1: All pets are fruits. Statement 2: No fruits are foods. Conclusion: No pets are foods. Is the conclusion valid?,All pets are fruits|No fruits are foods|No pets are foods,valid
blood_relation,Vikram is Riya's father. Riya is Divya's mother. How is Vikram related to Divya?,Vikram|father|Riya;Riya|mother|Divya,grandfather
direction_sense,"Pooja walks 10km east, then 9km west. How far is Pooja from the starting point?",10km east;9km west,1.0
coding_decoding,"If DOG is coded as ITL, how is LOG coded?",DOG->ITL;LOG->?,QTL
syllogism,Statement 1: All foods are cats. Statement 2: No cats are dogs. Conclusion: No foods are dogs. Is the conclusion valid?,All foods are cats|No cats are dogs|No foods are dogs,valid
blood_relation,Karan is Kavya's father. Kavya is Divya's father. How is Karan related to Divya?,Karan|father|Kavya;Kavya|father|Divya,grandfather
direction_sense,"Karan walks 3km south, then 8km east. How far is Karan from the starting point?",3km south;8km east,8.54
coding_decoding,"If PEN is coded as TIR, how is TOP coded?",PEN->TIR;TOP->?,XST
syllogism,Statement 1: Some pets are cats. Statement 2: All cats are plants. Conclusion: Some pets are plants. Is the conclusion valid?,Some pets are cats|All cats are plants|Some pets are plants,valid
blood_relation,Rohit is Riya's daughter. Riya is Karan's son. How is Rohit related to Karan?,Rohit|daughter|Riya;Riya|son|Karan,granddaughter
direction_sense,"Nikhil walks 7km east, then 9km north, then 7km north. How far is Nikhil from the starting point?",7km east;9km north;7km north,17.46
coding_decoding,"If CUP is coded as FXS, how is TOP coded?",CUP->FXS;TOP->?,WRS
syllogism,Statement 1: All dogs are mammals. Statement 2: All mammals are foods. Conclusion: All dogs are foods. Is the conclusion valid?,All dogs are mammals|All mammals are foods|All dogs are foods,valid
blood_relation,Rohit is Riya's daughter. Riya is Meera's son. How is Rohit related to Meera?,Rohit|daughter|Riya;Riya|son|Meera,granddaughter
direction_sense,"Rohit walks 9km north, then 4km south. How far is Rohit from the starting point?",9km north;4km south,5.0
coding_decoding,"If MAP is coded as RFU, how is KEY coded?",MAP->RFU;KEY->?,PJD
syllogism,Statement 1: Some fruits are cats. Statement 2: All cats are pets. Conclusion: Some fruits are pets. Is the conclusion valid?,Some fruits are cats|All cats are pets|Some fruits are pets,valid
blood_relation,Divya is Amit's daughter. Amit is Rohit's daughter. How is Divya related to Rohit?,Divya|daughter|Amit;Amit|daughter|Rohit,granddaughter
direction_sense,"Riya walks 10km east, then 3km west. How far is Riya from the starting point?",10km east;3km west,7.0
coding_decoding,"If BAT is coded as GFY, how is COW coded?",BAT->GFY;COW->?,HTB
syllogism,Statement 1: Some mammals are foods. Statement 2: Some foods are animals. Conclusion: Some mammals are animals. Is the conclusion valid?,Some mammals are foods|Some foods are animals|Some mammals are animals,invalid
blood_relation,Anjali is Kavya's father. Kavya is Arjun's mother. How is Anjali related to Arjun?,Anjali|father|Kavya;Kavya|mother|Arjun,grandfather
direction_sense,"Rohit walks 7km south, then 4km west, then 8km west. How far is Rohit from the starting point?",7km south;4km west;8km west,13.89
coding_decoding,"If DOG is coded as GRJ, how is TOP coded?",DOG->GRJ;TOP->?,WRS
syllogism,Statement 1: Some pets are fruits. Statement 2: Some fruits are cars. Conclusion: Some pets are cars. Is the conclusion valid?,Some pets are fruits|Some fruits are cars|Some pets are cars,invalid
blood_relation,Vikram is Meera's father. Meera is Amit's father. How is Vikram related to Amit?,Vikram|father|Meera;Meera|father|Amit,grandfather
direction_sense,"Nikhil walks 3km east, then 9km north, then 2km east. How far is Nikhil from the starting point?",3km east;9km north;2km east,10.3
coding_decoding,"If FAN is coded as JER, how is KEY coded?",FAN->JER;KEY->?,OIC
syllogism,Statement 1: Some vehicles are flowers. Statement 2: All flowers are animals. Conclusion: Some vehicles are animals. Is the conclusion valid?,Some vehicles are flowers|All flowers are animals|Some vehicles are animals,valid
blood_relation,Karan is Divya's daughter. Divya is Pooja's son. How is Karan related to Pooja?,Karan|daughter|Divya;Divya|son|Pooja,granddaughter
direction_sense,"Nikhil walks 3km east, then 2km east. How far is Nikhil from the starting point?",3km east;2km east,5.0
coding_decoding,"If DOG is coded as HSK, how is TOP coded?",DOG->HSK;TOP->?,XST
syllogism,Statement 1: Some pets are flowers. Statement 2: All flowers are dogs. Conclusion: Some pets are dogs. Is the conclusion valid?,Some pets are flowers|All flowers are dogs|Some pets are dogs,valid
blood_relation,Manoj is Sneha's son. Sneha is Arjun's son. How is Manoj related to Arjun?,Manoj|son|Sneha;Sneha|son|Arjun,grandson
direction_sense,"Divya walks 5km west, then 4km east. How far is Divya from the starting point?",5km west;4km east,1.0
coding_decoding,"If MAP is coded as OCR, how is TOP coded?",MAP->OCR;TOP->?,VQR
syllogism,Statement 1: No dogs are pets. Statement 2: Some pets are birds. Conclusion: Some birds are not dogs. Is the conclusion valid?,No dogs are pets|Some pets are birds|Some birds are not dogs,valid
blood_relation,Amit is Rohit's father. Rohit is Sneha's father. How is Amit related to Sneha?,Amit|father|Rohit;Rohit|father|Sneha,grandfather
direction_sense,"Arjun walks 4km north, then 8km west. How far is Arjun from the starting point?",4km north;8km west,8.94
coding_decoding,"If PEN is coded as QFO, how is RUN coded?",PEN->QFO;RUN->?,SVO
syllogism,Statement 1: Some foods are vehicles. Statement 2: Some vehicles are pets. Conclusion: Some foods are pets. Is the conclusion valid?,Some foods are vehicles|Some vehicles are pets|Some foods are pets,invalid
blood_relation,Karan is Amit's daughter. Amit is Kavya's son. How is Karan related to Kavya?,Karan|daughter|Amit;Amit|son|Kavya,granddaughter
direction_sense,"Karan walks 10km south, then 9km north, then 7km north. How far is Karan from the starting point?",10km south;9km north;7km north,6.0
coding_decoding,"If BAT is coded as CBU, how is BOX coded?",BAT->CBU;BOX->?,CPY
syllogism,Statement 1: No fruits are foods. Statement 2: Some foods are birds. Conclusion: Some birds are not fruits. Is the conclusion valid?,No fruits are foods|Some foods are birds|Some birds are not fruits,valid
blood_relation,Sneha is Priya's father. Priya is Riya's mother. How is Sneha related to Riya?,Sneha|father|Priya;Priya|mother|Riya,grandfather
direction_sense,"Meera walks 10km west, then 2km south, then 10km south. How far is Meera from the starting point?",10km west;2km south;10km south,15.62
coding_decoding,"If CUP is coded as DVQ, how is RUN coded?",CUP->DVQ;RUN->?,SVO
syllogism,Statement 1: No dogs are mammals. Statement 2: Some mammals are vehicles. Conclusion: Some vehicles are not dogs. Is the conclusion valid?,No dogs are mammals|Some mammals are vehicles|Some vehicles are not dogs,valid
blood_relation,Divya is Rohit's son. Rohit is Sneha's daughter. How is Divya related to Sneha?,Divya|son|Rohit;Rohit|daughter|Sneha,grandson
direction_sense,"Arjun walks 9km west, then 5km south. How far is Arjun from the starting point?",9km west;5km south,10.3
coding_decoding,"If BAT is coded as FEX, how is JAM coded?",BAT->FEX;JAM->?,NEQ
syllogism,Statement 1: All fruits are cars. Statement 2: No cars are plants. Conclusion: No fruits are plants. Is the conclusion valid?,All fruits are cars|No cars are plants|No fruits are plants,valid
blood_relation,Divya is Vikram's daughter. Vikram is Riya's son. How is Divya related to Riya?,Divya|daughter|Vikram;Vikram|son|Riya,granddaughter
direction_sense,"Rohit walks 2km south, then 9km north, then 8km north. How far is Rohit from the starting point?",2km south;9km north;8km north,15.0
coding_decoding,"If PEN is coded as RGP, how is BAT coded?",PEN->RGP;BAT->?,DCV
syllogism,Statement 1: Some foods are birds. Statement 2: All birds are mammals. Conclusion: Some foods are mammals. Is the conclusion valid?,Some foods are birds|All birds are mammals|Some foods are mammals,valid
blood_relation,Kavya is Divya's mother. Divya is Riya's mother. How is Kavya related to Riya?,Kavya|mother|Divya;Divya|mother|Riya,grandmother
direction_sense,"Arjun walks 4km south, then 9km south. How far is Arjun from the starting point?",4km south;9km south,13.0
coding_decoding,"If MAP is coded as NBQ, how is BOX coded?",MAP->NBQ;BOX->?,CPY
syllogism,Statement 1: All flowers are birds. Statement 2: No birds are vehicles. Conclusion: No flowers are vehicles. Is the conclusion valid?,All flowers are birds|No birds are vehicles|No flowers are vehicles,valid
blood_relation,Karan is Amit's daughter. Amit is Suresh's son. How is Karan related to Suresh?,Karan|daughter|Amit;Amit|son|Suresh,granddaughter
direction_sense,"Divya walks 8km south, then 8km north, then 10km south. How far is Divya from the starting point?",8km south;8km north;10km south,10.0
coding_decoding,"If PEN is coded as QFO, how is KEY coded?",PEN->QFO;KEY->?,LFZ
syllogism,Statement 1: No cars are flowers. Statement 2: Some flowers are birds. Conclusion: Some birds are not cars. Is the conclusion valid?,No cars are flowers|Some flowers are birds|Some birds are not cars,valid
blood_relation,Riya is Arjun's daughter. Arjun is Meera's daughter. How is Riya related to Meera?,Riya|daughter|Arjun;Arjun|daughter|Meera,granddaughter
direction_sense,"Amit walks 5km west, then 9km east. How far is Amit from the starting point?",5km west;9km east,4.0
coding_decoding,"If BAT is coded as DCV, how is BAT coded?",BAT->DCV;BAT->?,DCV
syllogism,Statement 1: No birds are animals. Statement 2: Some animals are cats. Conclusion: Some cats are not birds. Is the conclusion valid?,No birds are animals|Some animals are cats|Some cats are not birds,valid
blood_relation,Kavya is Nikhil's mother. Nikhil is Vikram's mother. How is Kavya related to Vikram?,Kavya|mother|Nikhil;Nikhil|mother|Vikram,grandmother
direction_sense,"Amit walks 4km east, then 9km west, then 3km south. How far is Amit from the starting point?",4km east;9km west;3km south,5.83
coding_decoding,"If BAT is coded as CBU, how is LOG coded?",BAT->CBU;LOG->?,MPH
syllogism,Statement 1: All dogs are plants. Statement 2: All plants are cars. Conclusion: All dogs are cars. Is the conclusion valid?,All dogs are plants|All plants are cars|All dogs are cars,valid
blood_relation,Arjun is Amit's mother. Amit is Suresh's father. How is Arjun related to Suresh?,Arjun|mother|Amit;Amit|father|Suresh,grandmother
direction_sense,"Sneha walks 10km east, then 9km south. How far is Sneha from the starting point?",10km east;9km south,13.45
coding_decoding,"If MAP is coded as OCR, how is BOX coded?",MAP->OCR;BOX->?,DQZ
syllogism,Statement 1: Some pets are flowers. Statement 2: All flowers are mammals. Conclusion: Some pets are mammals. Is the conclusion valid?,Some pets are flowers|All flowers are mammals|Some pets are mammals,valid
blood_relation,Priya is Kavya's father. Kavya is Nikhil's mother. How is Priya related to Nikhil?,Priya|father|Kavya;Kavya|mother|Nikhil,grandfather
direction_sense,"Vikram walks 4km west, then 7km north, then 5km south. How far is Vikram from the starting point?",4km west;7km north;5km south,4.47
coding_decoding,"If BAT is coded as CBU, how is LOG coded?",BAT->CBU;LOG->?,MPH
syllogism,Statement 1: No plants are animals. Statement 2: Some animals are dogs. Conclusion: Some dogs are not plants. Is the conclusion valid?,No plants are animals|Some animals are dogs|Some dogs are not plants,valid
blood_relation,Suresh is Sneha's son. Sneha is Arjun's daughter. How is Suresh related to Arjun?,Suresh|son|Sneha;Sneha|daughter|Arjun,grandson
direction_sense,"Karan walks 8km south, then 7km north, then 7km north. How far is Karan from the starting point?",8km south;7km north;7km north,6.0
coding_decoding,"If MAP is coded as QET, how is KEY coded?",MAP->QET;KEY->?,OIC
syllogism,Statement 1: All pets are cats. Statement 2: All cats are fruits. Conclusion: All pets are fruits. Is the conclusion valid?,All pets are cats|All cats are fruits|All pets are fruits,valid
blood_relation,Kavya is Amit's father. Amit is Karan's father. How is Kavya related to Karan?,Kavya|father|Amit;Amit|father|Karan,grandfather
direction_sense,"Meera walks 6km south, then 10km west. How far is Meera from the starting point?",6km south;10km west,11.66
coding_decoding,"If CAT is coded as ECV, how is RUN coded?",CAT->ECV;RUN->?,TWP
syllogism,Statement 1: All dogs are flowers. Statement 2: No flowers are birds. Conclusion: No dogs are birds. Is the conclusion valid?,All dogs are flowers|No flowers are birds|No dogs are birds,valid
blood_relation,Karan is Divya's son. Divya is Amit's son. How is Karan related to Amit?,Karan|son|Divya;Divya|son|Amit,grandson
direction_sense,"Rohit walks 2km west, then 7km west, then 4km west. How far is Rohit from the starting point?",2km west;7km west;4km west,13.0
coding_decoding,"If MAP is coded as NBQ, how is BAT coded?",MAP->NBQ;BAT->?,CBU
syllogism,Statement 1: Some birds are dogs. Statement 2: All dogs are foods. Conclusion: Some birds are foods. Is the conclusion valid?,Some birds are dogs|All dogs are foods|Some birds are foods,valid
blood_relation,Manoj is Vikram's son. Vikram is Meera's daughter. How is Manoj related to Meera?,Manoj|son|Vikram;Vikram|daughter|Meera,grandson
direction_sense,"Arjun walks 9km west, then 5km east, then 6km east. How far is Arjun from the starting point?",9km west;5km east;6km east,2.0
coding_decoding,"If CUP is coded as FXS, how is LOG coded?",CUP->FXS;LOG->?,ORJ
syllogism,Statement 1: All fruits are birds. Statement 2: No birds are pets. Conclusion: No fruits are pets. Is the conclusion valid?,All fruits are birds|No birds are pets|No fruits are pets,valid
blood_relation,Priya is Pooja's mother. Pooja is Rohit's mother. How is Priya related to Rohit?,Priya|mother|Pooja;Pooja|mother|Rohit,grandmother
direction_sense,"Sneha walks 8km south, then 6km east, then 2km west. How far is Sneha from the starting point?",8km south;6km east;2km west,8.94
coding_decoding,"If MAP is coded as QET, how is KEY coded?",MAP->QET;KEY->?,OIC
syllogism,Statement 1: No plants are fruits. Statement 2: Some fruits are vehicles. Conclusion: Some vehicles are not plants. Is the conclusion valid?,No plants are fruits|Some fruits are vehicles|Some vehicles are not plants,valid
blood_relation,Kavya is Sneha's son. Sneha is Meera's son. How is Kavya related to Meera?,Kavya|son|Sneha;Sneha|son|Meera,grandson
direction_sense,"Kavya walks 10km east, then 9km east. How far is Kavya from the starting point?",10km east;9km east,19.0
coding_decoding,"If FAN is coded as JER, how is RUN coded?",FAN->JER;RUN->?,VYR
syllogism,Statement 1: All cars are foods. Statement 2: All foods are flowers. Conclusion: All cars are flowers. Is the conclusion valid?,All cars are foods|All foods are flowers|All cars are flowers,valid
blood_relation,Anjali is Rohit's father. Rohit is Suresh's mother. How is Anjali related to Suresh?,Anjali|father|Rohit;Rohit|mother|Suresh,grandfather
direction_sense,"Rohit walks 3km north, then 10km east, then 5km north. How far is Rohit from the starting point?",3km north;10km east;5km north,12.81
coding_decoding,"If MAP is coded as QET, how is TOP coded?",MAP->QET;TOP->?,XST
syllogism,Statement 1: All cats are pets. Statement 2: All pets are mammals. Conclusion: All cats are mammals. Is the conclusion valid?,All cats are pets|All pets are mammals|All cats are mammals,valid
blood_relation,Meera is Pooja's father. Pooja is Anjali's father. How is Meera related to Anjali?,Meera|father|Pooja;Pooja|father|Anjali,grandfather
direction_sense,"Amit walks 2km west, then 6km north. How far is Amit from the starting point?",2km west;6km north,6.32
coding_decoding,"If BAT is coded as FEX, how is LOG coded?",BAT->FEX;LOG->?,PSK
syllogism,Statement 1: All fruits are plants. Statement 2: No plants are birds. Conclusion: No fruits are birds. Is the conclusion valid?,All fruits are plants|No plants are birds|No fruits are birds,valid
blood_relation,Suresh is Priya's mother. Priya is Sneha's mother. How is Suresh related to Sneha?,Suresh|mother|Priya;Priya|mother|Sneha,grandmother
direction_sense,"Vikram walks 4km south, then 3km east, then 9km south. How far is Vikram from the starting point?",4km south;3km east;9km south,13.34
coding_decoding,"If PEN is coded as UJS, how is LOG coded?",PEN->UJS;LOG->?,QTL
syllogism,Statement 1: Some mammals are fruits. Statement 2: All fruits are foods. Conclusion: Some mammals are foods. Is the conclusion valid?,Some mammals are fruits|All fruits are foods|Some mammals are foods,valid
blood_relation,Priya is Karan's father. Karan is Kavya's father. How is Priya related to Kavya?,Priya|father|Karan;Karan|father|Kavya,grandfather
direction_sense,"Manoj walks 7km south, then 4km west, then 9km east. How far is Manoj from the starting point?",7km south;4km west;9km east,8.6
coding_decoding,"If CAT is coded as ECV, how is RUN coded?",CAT->ECV;RUN->?,TWP
syllogism,Statement 1: All animals are fruits. Statement 2: No fruits are cars. Conclusion: No animals are cars. Is the conclusion valid?,All animals are fruits|No fruits are cars|No animals are cars,valid
blood_relation,Pooja is Arjun's daughter. Arjun is Rohit's son. How is Pooja related to Rohit?,Pooja|daughter|Arjun;Arjun|son|Rohit,granddaughter
direction_sense,"Riya walks 3km west, then 9km south. How far is Riya from the starting point?",3km west;9km south,9.49
coding_decoding,"If BAT is coded as DCV, how is JAM coded?",BAT->DCV;JAM->?,LCO
syllogism,Statement 1: All animals are vehicles. Statement 2: All vehicles are pets. Conclusion: All animals are pets. Is the conclusion valid?,All animals are vehicles|All vehicles are pets|All animals are pets,valid
blood_relation,Nikhil is Sneha's mother. Sneha is Priya's father. How is Nikhil related to Priya?,Nikhil|mother|Sneha;Sneha|father|Priya,grandmother
direction_sense,"Vikram walks 8km south, then 3km south, then 8km west. How far is Vikram from the starting point?",8km south;3km south;8km west,13.6
coding_decoding,"If BAT is coded as EDW, how is JAM coded?",BAT->EDW;JAM->?,MDP
syllogism,Statement 1: All fruits are vehicles. Statement 2: No vehicles are mammals. Conclusion: No fruits are mammals. Is the conclusion valid?,All fruits are vehicles|No vehicles are mammals|No fruits are mammals,valid
blood_relation,Meera is Vikram's mother. Vikram is Karan's father. How is Meera related to Karan?,Meera|mother|Vikram;Vikram|father|Karan,grandmother
direction_sense,"Pooja walks 6km south, then 10km east. How far is Pooja from the starting point?",6km south;10km east,11.66
coding_decoding,"If PEN is coded as RGP, how is BAT coded?",PEN->RGP;BAT->?,DCV
syllogism,Statement 1: Some cats are animals. Statement 2: All animals are cars. Conclusion: Some cats are cars. Is the conclusion valid?,Some cats are animals|All animals are cars|Some cats are cars,valid
blood_relation,Amit is Riya's father. Riya is Sneha's mother. How is Amit related to Sneha?,Amit|father|Riya;Riya|mother|Sneha,grandfather
direction_sense,"Suresh walks 3km south, then 7km south, then 9km south. How far is Suresh from the starting point?",3km south;7km south;9km south,19.0
coding_decoding,"If BAT is coded as CBU, how is JAM coded?",BAT->CBU;JAM->?,KBN
syllogism,Statement 1: All plants are animals. Statement 2: No animals are foods. Conclusion: No plants are foods. Is the conclusion valid?,All plants are animals|No animals are foods|No plants are foods,valid
blood_relation,Pooja is Rohit's daughter. Rohit is Priya's son. How is Pooja related to Priya?,Pooja|daughter|Rohit;Rohit|son|Priya,granddaughter
direction_sense,"Rohit walks 3km south, then 9km south. How far is Rohit from the starting point?",3km south;9km south,12.0
coding_decoding,"If PEN is coded as UJS, how is JAM coded?",PEN->UJS;JAM->?,OFR
syllogism,Statement 1: All pets are vehicles. Statement 2: All vehicles are cats. Conclusion: All pets are cats. Is the conclusion valid?,All pets are vehicles|All vehicles are cats|All pets are cats,valid
blood_relation,Anjali is Vikram's daughter. Vikram is Amit's son. How is Anjali related to Amit?,Anjali|daughter|Vikram;Vikram|son|Amit,granddaughter
direction_sense,"Rohit walks 4km east, then 3km south. How far is Rohit from the starting point?",4km east;3km south,5.0
coding_decoding,"If FAN is coded as JER, how is BAT coded?",FAN->JER;BAT->?,FEX
syllogism,Statement 1: Some animals are cats. Statement 2: Some cats are mammals. Conclusion: Some animals are mammals. Is the conclusion valid?,Some animals are cats|Some cats are mammals|Some animals are mammals,invalid
blood_relation,Riya is Pooja's daughter. Pooja is Nikhil's daughter. How is Riya related to Nikhil?,Riya|daughter|Pooja;Pooja|daughter|Nikhil,granddaughter
direction_sense,"Vikram walks 3km south, then 6km west. How far is Vikram from the starting point?",3km south;6km west,6.71
coding_decoding,"If CUP is coded as FXS, how is COW coded?",CUP->FXS;COW->?,FRZ
syllogism,Statement 1: All birds are animals. Statement 2: No animals are plants. Conclusion: No birds are plants. Is the conclusion valid?,All birds are animals|No animals are plants|No birds are plants,valid
blood_relation,Sneha is Suresh's mother. Suresh is Rohit's father. How is Sneha related to Rohit?,Sneha|mother|Suresh;Suresh|father|Rohit,grandmother
direction_sense,"Anjali walks 6km east, then 6km east, then 6km south. How far is Anjali from the starting point?",6km east;6km east;6km south,13.42
coding_decoding,"If CUP is coded as HZU, how is BAT coded?",CUP->HZU;BAT->?,GFY
syllogism,Statement 1: No mammals are plants. Statement 2: Some plants are birds. Conclusion: Some birds are not mammals. Is the conclusion valid?,No mammals are plants|Some plants are birds|Some birds are not mammals,valid
blood_relation,Meera is Anjali's father. Anjali is Karan's mother. How is Meera related to Karan?,Meera|father|Anjali;Anjali|mother|Karan,grandfather
direction_sense,"Nikhil walks 9km north, then 8km west, then 6km east. How far is Nikhil from the starting point?",9km north;8km west;6km east,9.22
coding_decoding,"If MAP is coded as QET, how is COW coded?",MAP->QET;COW->?,GSA
syllogism,Statement 1: No fruits are cars. Statement 2: Some cars are foods. Conclusion: Some foods are not fruits. Is the conclusion valid?,No fruits are cars|Some cars are foods|Some foods are not fruits,valid
blood_relation,Vikram is Amit's daughter. Amit is Manoj's son. How is Vikram related to Manoj?,Vikram|daughter|Amit;Amit|son|Manoj,granddaughter
direction_sense,"Priya walks 10km west, then 7km west. How far is Priya from the starting point?",10km west;7km west,17.0
coding_decoding,"If CUP is coded as EWR, how is LOG coded?",CUP->EWR;LOG->?,NQI
syllogism,Statement 1: Some foods are birds. Statement 2: Some birds are flowers. Conclusion: Some foods are flowers. Is the conclusion valid?,Some foods are birds|Some birds are flowers|Some foods are flowers,invalid
blood_relation,Vikram is Meera's mother. Meera is Nikhil's father. How is Vikram related to Nikhil?,Vikram|mother|Meera;Meera|father|Nikhil,grandmother
direction_sense,"Manoj walks 7km west, then 3km south, then 9km north. How far is Manoj from the starting point?",7km west;3km south;9km north,9.22
coding_decoding,"If SUN is coded as WYR, how is JAM coded?",SUN->WYR;JAM->?,NEQ
syllogism,Statement 1: All birds are vehicles. Statement 2: No vehicles are plants. Conclusion: No birds are plants. Is the conclusion valid?,All birds are vehicles|No vehicles are plants|No birds are plants,valid
blood_relation,Nikhil is Riya's son. Riya is Rohit's daughter. How is Nikhil related to Rohit?,Nikhil|son|Riya;Riya|daughter|Rohit,grandson
direction_sense,"Vikram walks 4km east, then 7km south. How far is Vikram from the starting point?",4km east;7km south,8.06
coding_decoding,"If DOG is coded as ITL, how is JAM coded?",DOG->ITL;JAM->?,OFR
syllogism,Statement 1: Some dogs are mammals. Statement 2: All mammals are vehicles. Conclusion: Some dogs are vehicles. Is the conclusion valid?,Some dogs are mammals|All mammals are vehicles|Some dogs are vehicles,valid
blood_relation,Suresh is Divya's mother. Divya is Arjun's mother. How is Suresh related to Arjun?,Suresh|mother|Divya;Divya|mother|Arjun,grandmother
direction_sense,"Nikhil walks 6km east, then 6km north, then 2km south. How far is Nikhil from the starting point?",6km east;6km north;2km south,7.21
coding_decoding,"If CAT is coded as FDW, how is RUN coded?",CAT->FDW;RUN->?,UXQ
syllogism,Statement 1: Some flowers are pets. Statement 2: Some pets are dogs. Conclusion: Some flowers are dogs. Is the conclusion valid?,Some flowers are pets|Some pets are dogs|Some flowers are dogs,invalid
blood_relation,Suresh is Anjali's father. Anjali is Meera's father. How is Suresh related to Meera?,Suresh|father|Anjali;Anjali|father|Meera,grandfather
direction_sense,"Manoj walks 6km north, then 9km south, then 6km north. How far is Manoj from the starting point?",6km north;9km south;6km north,3.0
coding_decoding,"If FAN is coded as GBO, how is JAM coded?",FAN->GBO;JAM->?,KBN
syllogism,Statement 1: No vehicles are fruits. Statement 2: Some fruits are dogs. Conclusion: Some dogs are not vehicles. Is the conclusion valid?,No vehicles are fruits|Some fruits are dogs|Some dogs are not vehicles,valid
blood_relation,Sneha is Rohit's daughter. Rohit is Amit's daughter. How is Sneha related to Amit?,Sneha|daughter|Rohit;Rohit|daughter|Amit,granddaughter
direction_sense,"Amit walks 3km north, then 3km west, then 10km west. How far is Amit from the starting point?",3km north;3km west;10km west,13.34
coding_decoding,"If DOG is coded as GRJ, how is TOP coded?",DOG->GRJ;TOP->?,WRS
syllogism,Statement 1: All fruits are pets. Statement 2: No pets are plants. Conclusion: No fruits are plants. Is the conclusion valid?,All fruits are pets|No pets are plants|No fruits are plants,valid
blood_relation,Arjun is Suresh's son. Suresh is Sneha's daughter. How is Arjun related to Sneha?,Arjun|son|Suresh;Suresh|daughter|Sneha,grandson
direction_sense,"Vikram walks 10km north, then 8km south, then 5km north. How far is Vikram from the starting point?",10km north;8km south;5km north,7.0
coding_decoding,"If CAT is coded as HFY, how is RUN coded?",CAT->HFY;RUN->?,WZS
syllogism,Statement 1: Some cars are cats. Statement 2: All cats are birds. Conclusion: Some cars are birds. Is the conclusion valid?,Some cars are cats|All cats are birds|Some cars are birds,valid
blood_relation,Priya is Suresh's mother. Suresh is Vikram's mother. How is Priya related to Vikram?,Priya|mother|Suresh;Suresh|mother|Vikram,grandmother
direction_sense,"Arjun walks 6km north, then 6km west. How far is Arjun from the starting point?",6km north;6km west,8.49
coding_decoding,"If PEN is coded as QFO, how is BAT coded?",PEN->QFO;BAT->?,CBU
syllogism,Statement 1: Some vehicles are dogs. Statement 2: Some dogs are animals. Conclusion: Some vehicles are animals. Is the conclusion valid?,Some vehicles are dogs|Some dogs are animals|Some vehicles are animals,invalid
blood_relation,Suresh is Sneha's mother. Sneha is Pooja's father. How is Suresh related to Pooja?,Suresh|mother|Sneha;Sneha|father|Pooja,grandmother
direction_sense,"Meera walks 9km east, then 3km west. How far is Meera from the starting point?",9km east;3km west,6.0
coding_decoding,"If FAN is coded as JER, how is COW coded?",FAN->JER;COW->?,GSA
syllogism,Statement 1: Some plants are mammals. Statement 2: Some mammals are foods. Conclusion: Some plants are foods. Is the conclusion valid?,Some plants are mammals|Some mammals are foods|Some plants are foods,invalid
blood_relation,Suresh is Divya's daughter. Divya is Rohit's son. How is Suresh related to Rohit?,Suresh|daughter|Divya;Divya|son|Rohit,granddaughter
direction_sense,"Riya walks 8km south, then 3km north, then 9km north. How far is Riya from the starting point?",8km south;3km north;9km north,4.0
coding_decoding,"If MAP is coded as NBQ, how is TOP coded?",MAP->NBQ;TOP->?,UPQ
syllogism,Statement 1: All dogs are vehicles. Statement 2: All vehicles are animals. Conclusion: All dogs are animals. Is the conclusion valid?,All dogs are vehicles|All vehicles are animals|All dogs are animals,valid
blood_relation,Sneha is Pooja's daughter. Pooja is Karan's son. How is Sneha related to Karan?,Sneha|daughter|Pooja;Pooja|son|Karan,granddaughter
direction_sense,"Anjali walks 8km east, then 10km south. How far is Anjali from the starting point?",8km east;10km south,12.81
coding_decoding,"If SUN is coded as UWP, how is TOP coded?",SUN->UWP;TOP->?,VQR
syllogism,Statement 1: All mammals are cats. Statement 2: All cats are dogs. Conclusion: All mammals are dogs. Is the conclusion valid?,All mammals are cats|All cats are dogs|All mammals are dogs,valid
blood_relation,Riya is Karan's father. Karan is Manoj's father. How is Riya related to Manoj?,Riya|father|Karan;Karan|father|Manoj,grandfather
direction_sense,"Divya walks 9km north, then 2km south, then 9km east. How far is Divya from the starting point?",9km north;2km south;9km east,11.4
coding_decoding,"If PEN is coded as UJS, how is JAM coded?",PEN->UJS;JAM->?,OFR
syllogism,Statement 1: All dogs are vehicles. Statement 2: No vehicles are fruits. Conclusion: No dogs are fruits. Is the conclusion valid?,All dogs are vehicles|No vehicles are fruits|No dogs are fruits,valid
blood_relation,Vikram is Rohit's son. Rohit is Karan's daughter. How is Vikram related to Karan?,Vikram|son|Rohit;Rohit|daughter|Karan,grandson
direction_sense,"Kavya walks 3km south, then 9km east. How far is Kavya from the starting point?",3km south;9km east,9.49
coding_decoding,"If PEN is coded as QFO, how is RUN coded?",PEN->QFO;RUN->?,SVO
syllogism,Statement 1: All birds are animals. Statement 2: All animals are plants. Conclusion: All birds are plants. Is the conclusion valid?,All birds are animals|All animals are plants|All birds are plants,valid
blood_relation,Manoj is Amit's father. Amit is Arjun's father. How is Manoj related to Arjun?,Manoj|father|Amit;Amit|father|Arjun,grandfather
direction_sense,"Manoj walks 4km north, then 7km east. How far is Manoj from the starting point?",4km north;7km east,8.06
coding_decoding,"If FAN is coded as KFS, how is KEY coded?",FAN->KFS;KEY->?,PJD
syllogism,Statement 1: No fruits are vehicles. Statement 2: Some vehicles are birds. Conclusion: Some birds are not fruits. Is the conclusion valid?,No fruits are vehicles|Some vehicles are birds|Some birds are not fruits,valid
blood_relation,Kavya is Pooja's father. Pooja is Amit's father. How is Kavya related to Amit?,Kavya|father|Pooja;Pooja|father|Amit,grandfather
direction_sense,"Priya walks 9km south, then 2km south, then 3km east. How far is Priya from the starting point?",9km south;2km south;3km east,11.4
coding_decoding,"If CAT is coded as GEX, how is JAM coded?",CAT->GEX;JAM->?,NEQ
syllogism,Statement 1: No cats are dogs. Statement 2: Some dogs are flowers. Conclusion: Some flowers are not cats. Is the conclusion valid?,No cats are dogs|Some dogs are flowers|Some flowers are not cats,valid
blood_relation,Nikhil is Suresh's father. Suresh is Pooja's mother. How is Nikhil related to Pooja?,Nikhil|father|Suresh;Suresh|mother|Pooja,grandfather
direction_sense,"Manoj walks 7km south, then 2km west, then 3km south. How far is Manoj from the starting point?",7km south;2km west;3km south,10.2
coding_decoding,"If PEN is coded as RGP, how is BOX coded?",PEN->RGP;BOX->?,DQZ
syllogism,Statement 1: All pets are plants. Statement 2: All plants are vehicles. Conclusion: All pets are vehicles. Is the conclusion valid?,All pets are plants|All plants are vehicles|All pets are vehicles,valid
blood_relation,Suresh is Karan's son. Karan is Kavya's son. How is Suresh related to Kavya?,Suresh|son|Karan;Karan|son|Kavya,grandson
direction_sense,"Anjali walks 8km east, then 6km west. How far is Anjali from the starting point?",8km east;6km west,2.0
coding_decoding,"If MAP is coded as OCR, how is BAT coded?",MAP->OCR;BAT->?,DCV
syllogism,Statement 1: Some plants are foods. Statement 2: All foods are flowers. Conclusion: Some plants are flowers. Is the conclusion valid?,Some plants are foods|All foods are flowers|Some plants are flowers,valid
blood_relation,Riya is Sneha's daughter. Sneha is Priya's daughter. How is Riya related to Priya?,Riya|daughter|Sneha;Sneha|daughter|Priya,granddaughter
direction_sense,"Anjali walks 5km east, then 7km west. How far is Anjali from the starting point?",5km east;7km west,2.0
coding_decoding,"If FAN is coded as HCP, how is TOP coded?",FAN->HCP;TOP->?,VQR
syllogism,Statement 1: All vehicles are fruits. Statement 2: All fruits are flowers. Conclusion: All vehicles are flowers. Is the conclusion valid?,All vehicles are fruits|All fruits are flowers|All vehicles are flowers,valid
blood_relation,Priya is Pooja's mother. Pooja is Anjali's father. How is Priya related to Anjali?,Priya|mother|Pooja;Pooja|father|Anjali,grandmother
direction_sense,"Kavya walks 9km west, then 4km north. How far is Kavya from the starting point?",9km west;4km north,9.85
coding_decoding,"If DOG is coded as HSK, how is KEY coded?",DOG->HSK;KEY->?,OIC
syllogism,Statement 1: Some plants are cats. Statement 2: Some cats are vehicles. Conclusion: Some plants are vehicles. Is the conclusion valid?,Some plants are cats|Some cats are vehicles|Some plants are vehicles,invalid
blood_relation,Pooja is Karan's mother. Karan is Manoj's father. How is Pooja related to Manoj?,Pooja|mother|Karan;Karan|father|Manoj,grandmother
direction_sense,"Riya walks 10km south, then 10km north, then 8km east. How far is Riya from the starting point?",10km south;10km north;8km east,8.0
coding_decoding,"If CAT is coded as ECV, how is LOG coded?",CAT->ECV;LOG->?,NQI
syllogism,Statement 1: All flowers are vehicles. Statement 2: All vehicles are animals. Conclusion: All flowers are animals. Is the conclusion valid?,All flowers are vehicles|All vehicles are animals|All flowers are animals,valid
blood_relation,Riya is Priya's mother. Priya is Amit's father. How is Riya related to Amit?,Riya|mother|Priya;Priya|father|Amit,grandmother
direction_sense,"Riya walks 6km north, then 5km west. How far is Riya from the starting point?",6km north;5km west,7.81
coding_decoding,"If CUP is coded as FXS, how is COW coded?",CUP->FXS;COW->?,FRZ
syllogism,Statement 1: No pets are cats. Statement 2: Some cats are mammals. Conclusion: Some mammals are not pets. Is the conclusion valid?,No pets are cats|Some cats are mammals|Some mammals are not pets,valid
blood_relation,Meera is Pooja's mother. Pooja is Anjali's mother. How is Meera related to Anjali?,Meera|mother|Pooja;Pooja|mother|Anjali,grandmother
direction_sense,"Anjali walks 3km south, then 5km north. How far is Anjali from the starting point?",3km south;5km north,2.0
coding_decoding,"If DOG is coded as EPH, how is LOG coded?",DOG->EPH;LOG->?,MPH
syllogism,Statement 1: No fruits are dogs. Statement 2: Some dogs are vehicles. Conclusion: Some vehicles are not fruits. Is the conclusion valid?,No fruits are dogs|Some dogs are vehicles|Some vehicles are not fruits,valid
blood_relation,Kavya is Rohit's father. Rohit is Arjun's father. How is Kavya related to Arjun?,Kavya|father|Rohit;Rohit|father|Arjun,grandfather
direction_sense,"Kavya walks 5km north, then 2km west. How far is Kavya from the starting point?",5km north;2km west,5.39
coding_decoding,"If CUP is coded as EWR, how is BAT coded?",CUP->EWR;BAT->?,DCV
syllogism,Statement 1: No mammals are cars. Statement 2: Some cars are plants. Conclusion: Some plants are not mammals. Is the conclusion valid?,No mammals are cars|Some cars are plants|Some plants are not mammals,valid
blood_relation,Meera is Amit's daughter. Amit is Vikram's daughter. How is Meera related to Vikram?,Meera|daughter|Amit;Amit|daughter|Vikram,granddaughter
direction_sense,"Riya walks 10km south, then 2km east, then 9km west. How far is Riya from the starting point?",10km south;2km east;9km west,12.21
coding_decoding,"If MAP is coded as RFU, how is TOP coded?",MAP->RFU;TOP->?,YTU
syllogism,Statement 1: All foods are fruits. Statement 2: No fruits are animals. Conclusion: No foods are animals. Is the conclusion valid?,All foods are fruits|No fruits are animals|No foods are animals,valid
blood_relation,Rohit is Sneha's daughter. Sneha is Priya's son. How is Rohit related to Priya?,Rohit|daughter|Sneha;Sneha|son|Priya,granddaughter
direction_sense,"Sneha walks 4km east, then 6km east, then 9km north. How far is Sneha from the starting point?",4km east;6km east;9km north,13.45
coding_decoding,"If CUP is coded as DVQ, how is COW coded?",CUP->DVQ;COW->?,DPX
syllogism,Statement 1: No birds are flowers. Statement 2: Some flowers are cars. Conclusion: Some cars are not birds. Is the conclusion valid?,No birds are flowers|Some flowers are cars|Some cars are not birds,valid
blood_relation,Rohit is Karan's daughter. Karan is Nikhil's son. How is Rohit related to Nikhil?,Rohit|daughter|Karan;Karan|son|Nikhil,granddaughter
direction_sense,"Kavya walks 3km west, then 9km north. How far is Kavya from the starting point?",3km west;9km north,9.49
coding_decoding,"If MAP is coded as OCR, how is BOX coded?",MAP->OCR;BOX->?,DQZ
syllogism,Statement 1: All mammals are dogs. Statement 2: All dogs are flowers. Conclusion: All mammals are flowers. Is the conclusion valid?,All mammals are dogs|All dogs are flowers|All mammals are flowers,valid
blood_relation,Rohit is Pooja's mother. Pooja is Arjun's mother. How is Rohit related to Arjun?,Rohit|mother|Pooja;Pooja|mother|Arjun,grandmother
direction_sense,"Priya walks 7km west, then 3km west. How far is Priya from the starting point?",7km west;3km west,10.0
coding_decoding,"If FAN is coded as HCP, how is JAM coded?",FAN->HCP;JAM->?,LCO
syllogism,Statement 1: All vehicles are animals. Statement 2: All animals are pets. Conclusion: All vehicles are pets. Is the conclusion valid?,All vehicles are animals|All animals are pets|All vehicles are pets,valid
blood_relation,Pooja is Sneha's mother. Sneha is Nikhil's father. How is Pooja related to Nikhil?,Pooja|mother|Sneha;Sneha|father|Nikhil,grandmother
direction_sense,"Kavya walks 9km east, then 6km east, then 6km north. How far is Kavya from the starting point?",9km east;6km east;6km north,16.16
coding_decoding,"If CAT is coded as DBU, how is TOP coded?",CAT->DBU;TOP->?,UPQ
syllogism,Statement 1: Some dogs are mammals. Statement 2: All mammals are animals. Conclusion: Some dogs are animals. Is the conclusion valid?,Some dogs are mammals|All mammals are animals|Some dogs are animals,valid
blood_relation,Meera is Divya's son. Divya is Anjali's daughter. How is Meera related to Anjali?,Meera|son|Divya;Divya|daughter|Anjali,grandson
direction_sense,"Kavya walks 8km east, then 8km south. How far is Kavya from the starting point?",8km east;8km south,11.31
coding_decoding,"If DOG is coded as FQI, how is TOP coded?",DOG->FQI;TOP->?,VQR
syllogism,Statement 1: Some mammals are dogs. Statement 2: Some dogs are fruits. Conclusion: Some mammals are fruits. Is the conclusion valid?,Some mammals are dogs|Some dogs are fruits|Some mammals are fruits,invalid
blood_relation,Rohit is Kavya's daughter. Kavya is Riya's son. How is Rohit related to Riya?,Rohit|daughter|Kavya;Kavya|son|Riya,granddaughter
direction_sense,"Nikhil walks 7km west, then 7km west. How far is Nikhil from the starting point?",7km west;7km west,14.0
coding_decoding,"If CUP is coded as FXS, how is BAT coded?",CUP->FXS;BAT->?,EDW
syllogism,Statement 1: Some dogs are flowers. Statement 2: All flowers are animals. Conclusion: Some dogs are animals. Is the conclusion valid?,Some dogs are flowers|All flowers are animals|Some dogs are animals,valid
blood_relation,Karan is Amit's father. Amit is Divya's mother. How is Karan related to Divya?,Karan|father|Amit;Amit|mother|Divya,grandfather
direction_sense,"Sneha walks 4km south, then 4km east, then 10km south. How far is Sneha from the starting point?",4km south;4km east;10km south,14.56
coding_decoding,"If SUN is coded as VXQ, how is LOG coded?",SUN->VXQ;LOG->?,ORJ
syllogism,Statement 1: All flowers are animals. Statement 2: No animals are fruits. Conclusion: No flowers are fruits. Is the conclusion valid?,All flowers are animals|No animals are fruits|No flowers are fruits,valid
blood_relation,Riya is Rohit's daughter. Rohit is Vikram's daughter. How is Riya related to Vikram?,Riya|daughter|Rohit;Rohit|daughter|Vikram,granddaughter
direction_sense,"Amit walks 7km west, then 7km south, then 4km north. How far is Amit from the starting point?",7km west;7km south;4km north,7.62
coding_decoding,"If SUN is coded as UWP, how is TOP coded?",SUN->UWP;TOP->?,VQR
syllogism,Statement 1: All flowers are birds. Statement 2: No birds are mammals. Conclusion: No flowers are mammals. Is the conclusion valid?,All flowers are birds|No birds are mammals|No flowers are mammals,valid
blood_relation,Anjali is Karan's mother. Karan is Sneha's father. How is Anjali related to Sneha?,Anjali|mother|Karan;Karan|father|Sneha,grandmother
direction_sense,"Kavya walks 6km west, then 4km west, then 5km east. How far is Kavya from the starting point?",6km west;4km west;5km east,5.0
coding_decoding,"If MAP is coded as PDS, how is COW coded?",MAP->PDS;COW->?,FRZ
syllogism,Statement 1: Some dogs are flowers. Statement 2: All flowers are plants. Conclusion: Some dogs are plants. Is the conclusion valid?,Some dogs are flowers|All flowers are plants|Some dogs are plants,valid
blood_relation,Sneha is Priya's mother. Priya is Vikram's father. How is Sneha related to Vikram?,Sneha|mother|Priya;Priya|father|Vikram,grandmother
direction_sense,"Arjun walks 9km north, then 4km south. How far is Arjun from the starting point?",9km north;4km south,5.0
coding_decoding,"If BAT is coded as DCV, how is JAM coded?",BAT->DCV;JAM->?,LCO
syllogism,Statement 1: No mammals are cars. Statement 2: Some cars are animals. Conclusion: Some animals are not mammals. Is the conclusion valid?,No mammals are cars|Some cars are animals|Some animals are not mammals,valid
blood_relation,Riya is Vikram's mother. Vikram is Rohit's mother. How is Riya related to Rohit?,Riya|mother|Vikram;Vikram|mother|Rohit,grandmother
direction_sense,"Priya walks 10km north, then 2km west, then 10km south. How far is Priya from the starting point?",10km north;2km west;10km south,2.0
coding_decoding,"If FAN is coded as KFS, how is RUN coded?",FAN->KFS;RUN->?,WZS
syllogism,Statement 1: All dogs are fruits. Statement 2: No fruits are vehicles. Conclusion: No dogs are vehicles. Is the conclusion valid?,All dogs are fruits|No fruits are vehicles|No dogs are vehicles,valid
blood_relation,Riya is Sneha's father. Sneha is Karan's father. How is Riya related to Karan?,Riya|father|Sneha;Sneha|father|Karan,grandfather
direction_sense,"Sneha walks 9km south, then 3km west, then 5km west. How far is Sneha from the starting point?",9km south;3km west;5km west,12.04
coding_decoding,"If DOG is coded as FQI, how is TOP coded?",DOG->FQI;TOP->?,VQR
syllogism,Statement 1: Some pets are animals. Statement 2: All animals are dogs. Conclusion: Some pets are dogs. Is the conclusion valid?,Some pets are animals|All animals are dogs|Some pets are dogs,valid
blood_relation,Nikhil is Meera's daughter. Meera is Riya's daughter. How is Nikhil related to Riya?,Nikhil|daughter|Meera;Meera|daughter|Riya,granddaughter
direction_sense,"Anjali walks 7km south, then 5km north. How far is Anjali from the starting point?",7km south;5km north,2.0
coding_decoding,"If PEN is coded as UJS, how is TOP coded?",PEN->UJS;TOP->?,YTU
syllogism,Statement 1: Some birds are plants. Statement 2: All plants are cats. Conclusion: Some birds are cats. Is the conclusion valid?,Some birds are plants|All plants are cats|Some birds are cats,valid
blood_relation,Arjun is Amit's daughter. Amit is Karan's daughter. How is Arjun related to Karan?,Arjun|daughter|Amit;Amit|daughter|Karan,granddaughter
direction_sense,"Meera walks 4km south, then 4km east. How far is Meera from the starting point?",4km south;4km east,5.66
coding_decoding,"If SUN is coded as TVO, how is RUN coded?",SUN->TVO;RUN->?,SVO
syllogism,Statement 1: Some birds are plants. Statement 2: All plants are cats. Conclusion: Some birds are cats. Is the conclusion valid?,Some birds are plants|All plants are cats|Some birds are cats,valid
blood_relation,Sneha is Vikram's daughter. Vikram is Suresh's daughter. How is Sneha related to Suresh?,Sneha|daughter|Vikram;Vikram|daughter|Suresh,granddaughter
direction_sense,"Karan walks 9km west, then 9km east. How far is Karan from the starting point?",9km west;9km east,0.0
coding_decoding,"If FAN is coded as HCP, how is RUN coded?",FAN->HCP;RUN->?,TWP
syllogism,Statement 1: Some flowers are cats. Statement 2: All cats are birds. Conclusion: Some flowers are birds. Is the conclusion valid?,Some flowers are cats|All cats are birds|Some flowers are birds,valid
blood_relation,Pooja is Arjun's son. Arjun is Divya's daughter. How is Pooja related to Divya?,Pooja|son|Arjun;Arjun|daughter|Divya,grandson
direction_sense,"Nikhil walks 8km west, then 2km south. How far is Nikhil from the starting point?",8km west;2km south,8.25
coding_decoding,"If CUP is coded as HZU, how is TOP coded?",CUP->HZU;TOP->?,YTU
syllogism,Statement 1: Some dogs are vehicles. Statement 2: Some vehicles are cars. Conclusion: Some dogs are cars. Is the conclusion valid?,Some dogs are vehicles|Some vehicles are cars|Some dogs are cars,invalid
blood_relation,Nikhil is Priya's daughter. Priya is Rohit's daughter. How is Nikhil related to Rohit?,Nikhil|daughter|Priya;Priya|daughter|Rohit,granddaughter
direction_sense,"Karan walks 3km east, then 2km north, then 9km east. How far is Karan from the starting point?",3km east;2km north;9km east,12.17
coding_decoding,"If MAP is coded as QET, how is BOX coded?",MAP->QET;BOX->?,FSB
syllogism,Statement 1: No pets are foods. Statement 2: Some foods are vehicles. Conclusion: Some vehicles are not pets. Is the conclusion valid?,No pets are foods|Some foods are vehicles|Some vehicles are not pets,valid
blood_relation,Priya is Rohit's father. Rohit is Manoj's father. How is Priya related to Manoj?,Priya|father|Rohit;Rohit|father|Manoj,grandfather
direction_sense,"Suresh walks 8km north, then 10km east. How far is Suresh from the starting point?",8km north;10km east,12.81
coding_decoding,"If CAT is coded as FDW, how is JAM coded?",CAT->FDW;JAM->?,MDP
syllogism,Statement 1: No mammals are fruits. Statement 2: Some fruits are dogs. Conclusion: Some dogs are not mammals. Is the conclusion valid?,No mammals are fruits|Some fruits are dogs|Some dogs are not mammals,valid
blood_relation,Amit is Sneha's mother. Sneha is Priya's mother. How is Amit related to Priya?,Amit|mother|Sneha;Sneha|mother|Priya,grandmother
direction_sense,"Manoj walks 10km south, then 2km east, then 5km south. How far is Manoj from the starting point?",10km south;2km east;5km south,15.13
coding_decoding,"If SUN is coded as VXQ, how is KEY coded?",SUN->VXQ;KEY->?,NHB
syllogism,Statement 1: No cats are cars. Statement 2: Some cars are plants. Conclusion: Some plants are not cats. Is the conclusion valid?,No cats are cars|Some cars are plants|Some plants are not cats,valid
blood_relation,Amit is Suresh's mother. Suresh is Riya's mother. How is Amit related to Riya?,Amit|mother|Suresh;Suresh|mother|Riya,grandmother
direction_sense,"Sneha walks 6km south, then 2km west. How far is Sneha from the starting point?",6km south;2km west,6.32
coding_decoding,"If FAN is coded as KFS, how is BAT coded?",FAN->KFS;BAT->?,GFY
syllogism,Statement 1: Some cars are animals. Statement 2: All animals are cats. Conclusion: Some cars are cats. Is the conclusion valid?,Some cars are animals|All animals are cats|Some cars are cats,valid
blood_relation,Kavya is Nikhil's mother. Nikhil is Manoj's mother. How is Kavya related to Manoj?,Kavya|mother|Nikhil;Nikhil|mother|Manoj,grandmother
direction_sense,"Suresh walks 2km west, then 7km west. How far is Suresh from the starting point?",2km west;7km west,9.0
coding_decoding,"If CUP is coded as FXS, how is JAM coded?",CUP->FXS;JAM->?,MDP
syllogism,Statement 1: Some dogs are vehicles. Statement 2: Some vehicles are cats. Conclusion: Some dogs are cats. Is the conclusion valid?,Some dogs are vehicles|Some vehicles are cats|Some dogs are cats,invalid
blood_relation,Suresh is Anjali's father. Anjali is Kavya's father. How is Suresh related to Kavya?,Suresh|father|Anjali;Anjali|father|Kavya,grandfather
direction_sense,"Karan walks 7km west, then 4km south, then 4km east. How far is Karan from the starting point?",7km west;4km south;4km east,5.0
coding_decoding,"If MAP is coded as RFU, how is TOP coded?",MAP->RFU;TOP->?,YTU
syllogism,Statement 1: Some dogs are pets. Statement 2: Some pets are mammals. Conclusion: Some dogs are mammals. Is the conclusion valid?,Some dogs are pets|Some pets are mammals|Some dogs are mammals,invalid
blood_relation,Nikhil is Priya's mother. Priya is Arjun's father. How is Nikhil related to Arjun?,Nikhil|mother|Priya;Priya|father|Arjun,grandmother
direction_sense,"Arjun walks 7km south, then 8km east. How far is Arjun from the starting point?",7km south;8km east,10.63
coding_decoding,"If BAT is coded as EDW, how is BOX coded?",BAT->EDW;BOX->?,ERA
syllogism,Statement 1: All cats are animals. Statement 2: No animals are cars. Conclusion: No cats are cars. Is the conclusion valid?,All cats are animals|No animals are cars|No cats are cars,valid
blood_relation,Riya is Suresh's mother. Suresh is Priya's father. How is Riya related to Priya?,Riya|mother|Suresh;Suresh|father|Priya,grandmother
direction_sense,"Nikhil walks 3km east, then 4km south. How far is Nikhil from the starting point?",3km east;4km south,5.0
coding_decoding,"If PEN is coded as TIR, how is RUN coded?",PEN->TIR;RUN->?,VYR
syllogism,Statement 1: Some cats are animals. Statement 2: All animals are vehicles. Conclusion: Some cats are vehicles. Is the conclusion valid?,Some cats are animals|All animals are vehicles|Some cats are vehicles,valid
blood_relation,Anjali is Suresh's mother. Suresh is Manoj's mother. How is Anjali related to Manoj?,Anjali|mother|Suresh;Suresh|mother|Manoj,grandmother
direction_sense,"Meera walks 9km east, then 5km west. How far is Meera from the starting point?",9km east;5km west,4.0
coding_decoding,"If BAT is coded as GFY, how is JAM coded?",BAT->GFY;JAM->?,OFR
syllogism,Statement 1: Some cats are cars. Statement 2: Some cars are flowers. Conclusion: Some cats are flowers. Is the conclusion valid?,Some cats are cars|Some cars are flowers|Some cats are flowers,invalid
blood_relation,Riya is Arjun's mother. Arjun is Anjali's father. How is Riya related to Anjali?,Riya|mother|Arjun;Arjun|father|Anjali,grandmother
direction_sense,"Sneha walks 5km south, then 6km north, then 10km north. How far is Sneha from the starting point?",5km south;6km north;10km north,11.0
coding_decoding,"If SUN is coded as XZS, how is LOG coded?",SUN->XZS;LOG->?,QTL
syllogism,Statement 1: No mammals are vehicles. Statement 2: Some vehicles are plants. Conclusion: Some plants are not mammals. Is the conclusion valid?,No mammals are vehicles|Some vehicles are plants|Some plants are not mammals,valid
blood_relation,Manoj is Priya's son. Priya is Nikhil's daughter. How is Manoj related to Nikhil?,Manoj|son|Priya;Priya|daughter|Nikhil,grandson
direction_sense,"Divya walks 5km west, then 6km west. How far is Divya from the starting point?",5km west;6km west,11.0
coding_decoding,"If FAN is coded as IDQ, how is LOG coded?",FAN->IDQ;LOG->?,ORJ
syllogism,Statement 1: Some dogs are plants. Statement 2: All plants are animals. Conclusion: Some dogs are animals. Is the conclusion valid?,Some dogs are plants|All plants are animals|Some dogs are animals,valid
blood_relation,Amit is Riya's son. Riya is Sneha's son. How is Amit related to Sneha?,Amit|son|Riya;Riya|son|Sneha,grandson
direction_sense,"Suresh walks 3km east, then 4km east. How far is Suresh from the starting point?",3km east;4km east,7.0
coding_decoding,"If CUP is coded as HZU, how is COW coded?",CUP->HZU;COW->?,HTB
syllogism,Statement 1: No plants are birds. Statement 2: Some birds are mammals. Conclusion: Some mammals are not plants. Is the conclusion valid?,No plants are birds|Some birds are mammals|Some mammals are not plants,valid
blood_relation,Kavya is Riya's son. Riya is Manoj's son. How is Kavya related to Manoj?,Kavya|son|Riya;Riya|son|Manoj,grandson
direction_sense,"Vikram walks 9km east, then 4km east. How far is Vikram from the starting point?",9km east;4km east,13.0
coding_decoding,"If CUP is coded as HZU, how is LOG coded?",CUP->HZU;LOG->?,QTL
syllogism,Statement 1: Some fruits are pets. Statement 2: Some pets are cats. Conclusion: Some fruits are cats. Is the conclusion valid?,Some fruits are pets|Some pets are cats|Some fruits are cats,invalid
blood_relation,Karan is Priya's mother. Priya is Anjali's father. How is Karan related to Anjali?,Karan|mother|Priya;Priya|father|Anjali,grandmother
direction_sense,"Meera walks 3km east, then 10km north, then 5km west. How far is Meera from the starting point?",3km east;10km north;5km west,10.2
coding_decoding,"If DOG is coded as GRJ, how is RUN coded?",DOG->GRJ;RUN->?,UXQ
syllogism,Statement 1: No mammals are cats. Statement 2: Some cats are birds. Conclusion: Some birds are not mammals. Is the conclusion valid?,No mammals are cats|Some cats are birds|Some birds are not mammals,valid
blood_relation,Vikram is Priya's son. Priya is Amit's daughter. How is Vikram related to Amit?,Vikram|son|Priya;Priya|daughter|Amit,grandson
direction_sense,"Suresh walks 9km east, then 7km south, then 3km south. How far is Suresh from the starting point?",9km east;7km south;3km south,13.45
coding_decoding,"If CAT is coded as FDW, how is COW coded?",CAT->FDW;COW->?,FRZ
syllogism,Statement 1: Some birds are dogs. Statement 2: Some dogs are mammals. Conclusion: Some birds are mammals. Is the conclusion valid?,Some birds are dogs|Some dogs are mammals|Some birds are mammals,invalid
blood_relation,Vikram is Anjali's mother. Anjali is Divya's father. How is Vikram related to Divya?,Vikram|mother|Anjali;Anjali|father|Divya,grandmother
direction_sense,"Arjun walks 5km east, then 6km east. How far is Arjun from the starting point?",5km east;6km east,11.0
coding_decoding,"If MAP is coded as OCR, how is TOP coded?",MAP->OCR;TOP->?,VQR
syllogism,Statement 1: All plants are cars. Statement 2: All cars are vehicles. Conclusion: All plants are vehicles. Is the conclusion valid?,All plants are cars|All cars are vehicles|All plants are vehicles,valid
blood_relation,Nikhil is Suresh's mother. Suresh is Amit's father. How is Nikhil related to Amit?,Nikhil|mother|Suresh;Suresh|father|Amit,grandmother
direction_sense,"Suresh walks 10km north, then 9km west. How far is Suresh from the starting point?",10km north;9km west,13.45
coding_decoding,"If BAT is coded as GFY, how is COW coded?",BAT->GFY;COW->?,HTB
syllogism,Statement 1: All fruits are cats. Statement 2: All cats are cars. Conclusion: All fruits are cars. Is the conclusion valid?,All fruits are cats|All cats are cars|All fruits are cars,valid
blood_relation,Karan is Suresh's daughter. Suresh is Manoj's son. How is Karan related to Manoj?,Karan|daughter|Suresh;Suresh|son|Manoj,granddaughter
direction_sense,"Anjali walks 10km west, then 9km west, then 6km east. How far is Anjali from the starting point?",10km west;9km west;6km east,13.0
coding_decoding,"If CAT is coded as GEX, how is TOP coded?",CAT->GEX;TOP->?,XST
syllogism,Statement 1: Some plants are animals. Statement 2: All animals are dogs. Conclusion: Some plants are dogs. Is the conclusion valid?,Some plants are animals|All animals are dogs|Some plants are dogs,valid
blood_relation,Priya is Amit's mother. Amit is Sneha's father. How is Priya related to Sneha?,Priya|mother|Amit;Amit|father|Sneha,grandmother
direction_sense,"Amit walks 3km east, then 6km east. How far is Amit from the starting point?",3km east;6km east,9.0
coding_decoding,"If MAP is coded as OCR, how is TOP coded?",MAP->OCR;TOP->?,VQR
syllogism,Statement 1: All flowers are vehicles. Statement 2: No vehicles are cats. Conclusion: No flowers are cats. Is the conclusion valid?,All flowers are vehicles|No vehicles are cats|No flowers are cats,valid
blood_relation,Nikhil is Pooja's daughter. Pooja is Vikram's son. How is Nikhil related to Vikram?,Nikhil|daughter|Pooja;Pooja|son|Vikram,granddaughter
direction_sense,"Riya walks 6km east, then 5km south. How far is Riya from the starting point?",6km east;5km south,7.81
coding_decoding,"If SUN is coded as VXQ, how is BAT coded?",SUN->VXQ;BAT->?,EDW
syllogism,Statement 1: All animals are dogs. Statement 2: No dogs are vehicles. Conclusion: No animals are vehicles. Is the conclusion valid?,All animals are dogs|No dogs are vehicles|No animals are vehicles,valid
blood_relation,Sneha is Rohit's father. Rohit is Divya's mother. How is Sneha related to Divya?,Sneha|father|Rohit;Rohit|mother|Divya,grandfather
direction_sense,"Vikram walks 2km south, then 10km west. How far is Vikram from the starting point?",2km south;10km west,10.2
coding_decoding,"If FAN is coded as HCP, how is TOP coded?",FAN->HCP;TOP->?,VQR
syllogism,Statement 1: All flowers are dogs. Statement 2: All dogs are pets. Conclusion: All flowers are pets. Is the conclusion valid?,All flowers are dogs|All dogs are pets|All flowers are pets,valid
blood_relation,Nikhil is Amit's father. Amit is Karan's father. How is Nikhil related to Karan?,Nikhil|father|Amit;Amit|father|Karan,grandfather
direction_sense,"Riya walks 2km west, then 10km west. How far is Riya from the starting point?",2km west;10km west,12.0
coding_decoding,"If PEN is coded as QFO, how is LOG coded?",PEN->QFO;LOG->?,MPH
syllogism,Statement 1: All dogs are animals. Statement 2: All animals are flowers. Conclusion: All dogs are flowers. Is the conclusion valid?,All dogs are animals|All animals are flowers|All dogs are flowers,valid
blood_relation,Vikram is Karan's father. Karan is Riya's father. How is Vikram related to Riya?,Vikram|father|Karan;Karan|father|Riya,grandfather
direction_sense,"Nikhil walks 6km north, then 8km east. How far is Nikhil from the starting point?",6km north;8km east,10.0
coding_decoding,"If CUP is coded as HZU, how is KEY coded?",CUP->HZU;KEY->?,PJD
syllogism,Statement 1: Some animals are mammals. Statement 2: All mammals are pets. Conclusion: Some animals are pets. Is the conclusion valid?,Some animals are mammals|All mammals are pets|Some animals are pets,valid
blood_relation,Rohit is Kavya's mother. Kavya is Nikhil's father. How is Rohit related to Nikhil?,Rohit|mother|Kavya;Kavya|father|Nikhil,grandmother
direction_sense,"Pooja walks 9km north, then 9km south, then 9km east. How far is Pooja from the starting point?",9km north;9km south;9km east,9.0
coding_decoding,"If DOG is coded as EPH, how is KEY coded?",DOG->EPH;KEY->?,LFZ
syllogism,Statement 1: All birds are cats. Statement 2: No cats are fruits. Conclusion: No birds are fruits. Is the conclusion valid?,All birds are cats|No cats are fruits|No birds are fruits,valid
blood_relation,Vikram is Meera's daughter. Meera is Karan's daughter. How is Vikram related to Karan?,Vikram|daughter|Meera;Meera|daughter|Karan,granddaughter
direction_sense,"Riya walks 4km south, then 9km north, then 9km north. How far is Riya from the starting point?",4km south;9km north;9km north,14.0
coding_decoding,"If FAN is coded as HCP, how is BAT coded?",FAN->HCP;BAT->?,DCV
syllogism,Statement 1: All foods are mammals. Statement 2: No mammals are dogs. Conclusion: No foods are dogs. Is the conclusion valid?,All foods are mammals|No mammals are dogs|No foods are dogs,valid
blood_relation,Anjali is Divya's daughter. Divya is Nikhil's daughter. How is Anjali related to Nikhil?,Anjali|daughter|Divya;Divya|daughter|Nikhil,granddaughter
direction_sense,"Riya walks 8km south, then 8km west, then 7km north. How far is Riya from the starting point?",8km south;8km west;7km north,8.06
coding_decoding,"If PEN is coded as UJS, how is KEY coded?",PEN->UJS;KEY->?,PJD
syllogism,Statement 1: No dogs are plants. Statement 2: Some plants are cats. Conclusion: Some cats are not dogs. Is the conclusion valid?,No dogs are plants|Some plants are cats|Some cats are not dogs,valid
blood_relation,Vikram is Anjali's son. Anjali is Rohit's daughter. How is Vikram related to Rohit?,Vikram|son|Anjali;Anjali|daughter|Rohit,grandson
direction_sense,"Divya walks 10km east, then 7km south. How far is Divya from the starting point?",10km east;7km south,12.21
coding_decoding,"If CAT is coded as FDW, how is JAM coded?",CAT->FDW;JAM->?,MDP
syllogism,Statement 1: All cats are animals. Statement 2: No animals are pets. Conclusion: No cats are pets. Is the conclusion valid?,All cats are animals|No animals are pets|No cats are pets,valid
blood_relation,Sneha is Pooja's father. Pooja is Amit's father. How is Sneha related to Amit?,Sneha|father|Pooja;Pooja|father|Amit,grandfather
direction_sense,"Meera walks 4km east, then 5km west. How far is Meera from the starting point?",4km east;5km west,1.0
coding_decoding,"If DOG is coded as GRJ, how is KEY coded?",DOG->GRJ;KEY->?,NHB
syllogism,Statement 1: All mammals are cars. Statement 2: All cars are cats. Conclusion: All mammals are cats. Is the conclusion valid?,All mammals are cars|All cars are cats|All mammals are cats,valid
blood_relation,Arjun is Riya's daughter. Riya is Suresh's daughter. How is Arjun related to Suresh?,Arjun|daughter|Riya;Riya|daughter|Suresh,granddaughter
direction_sense,"Arjun walks 7km west, then 10km south. How far is Arjun from the starting point?",7km west;10km south,12.21
coding_decoding,"If PEN is coded as RGP, how is TOP coded?",PEN->RGP;TOP->?,VQR
syllogism,Statement 1: Some animals are mammals. Statement 2: All mammals are flowers. Conclusion: Some animals are flowers. Is the conclusion valid?,Some animals are mammals|All mammals are flowers|Some animals are flowers,valid
blood_relation,Pooja is Sneha's daughter. Sneha is Divya's daughter. How is Pooja related to Divya?,Pooja|daughter|Sneha;Sneha|daughter|Divya,granddaughter
direction_sense,"Pooja walks 3km east, then 7km south. How far is Pooja from the starting point?",3km east;7km south,7.62
coding_decoding,"If CUP is coded as GYT, how is BAT coded?",CUP->GYT;BAT->?,FEX
syllogism,Statement 1: No dogs are fruits. Statement 2: Some fruits are cats. Conclusion: Some cats are not dogs. Is the conclusion valid?,No dogs are fruits|Some fruits are cats|Some cats are not dogs,valid
blood_relation,Divya is Karan's mother. Karan is Pooja's father. How is Divya related to Pooja?,Divya|mother|Karan;Karan|father|Pooja,grandmother
direction_sense,"Riya walks 10km west, then 6km south, then 10km east. How far is Riya from the starting point?",10km west;6km south;10km east,6.0
coding_decoding,"If PEN is coded as UJS, how is COW coded?",PEN->UJS;COW->?,HTB
syllogism,Statement 1: No animals are mammals. Statement 2: Some mammals are dogs. Conclusion: Some dogs are not animals. Is the conclusion valid?,No animals are mammals|Some mammals are dogs|Some dogs are not animals,valid
blood_relation,Rohit is Pooja's son. Pooja is Manoj's daughter. How is Rohit related to Manoj?,Rohit|son|Pooja;Pooja|daughter|Manoj,grandson
direction_sense,"Suresh walks 6km west, then 10km west, then 10km east. How far is Suresh from the starting point?",6km west;10km west;10km east,6.0
coding_decoding,"If CUP is coded as GYT, how is BOX coded?",CUP->GYT;BOX->?,FSB
syllogism,Statement 1: No flowers are cars. Statement 2: Some cars are cats. Conclusion: Some cats are not flowers. Is the conclusion valid?,No flowers are cars|Some cars are cats|Some cats are not flowers,valid
blood_relation,Pooja is Kavya's son. Kavya is Priya's son. How is Pooja related to Priya?,Pooja|son|Kavya;Kavya|son|Priya,grandson
direction_sense,"Vikram walks 7km west, then 8km west. How far is Vikram from the starting point?",7km west;8km west,15.0
coding_decoding,"If SUN is coded as TVO, how is BOX coded?",SUN->TVO;BOX->?,CPY
syllogism,Statement 1: No flowers are plants. Statement 2: Some plants are birds. Conclusion: Some birds are not flowers. Is the conclusion valid?,No flowers are plants|Some plants are birds|Some birds are not flowers,valid
blood_relation,Priya is Amit's daughter. Amit is Suresh's daughter. How is Priya related to Suresh?,Priya|daughter|Amit;Amit|daughter|Suresh,granddaughter
direction_sense,"Vikram walks 4km north, then 8km east. How far is Vikram from the starting point?",4km north;8km east,8.94
coding_decoding,"If CUP is coded as EWR, how is BOX coded?",CUP->EWR;BOX->?,DQZ
syllogism,Statement 1: Some cars are dogs. Statement 2: All dogs are mammals. Conclusion: Some cars are mammals. Is the conclusion valid?,Some cars are dogs|All dogs are mammals|Some cars are mammals,valid
blood_relation,Sneha is Riya's son. Riya is Kavya's daughter. How is Sneha related to Kavya?,Sneha|son|Riya;Riya|daughter|Kavya,grandson
direction_sense,"Riya walks 2km east, then 6km east, then 8km north. How far is Riya from the starting point?",2km east;6km east;8km north,11.31
coding_decoding,"If MAP is coded as OCR, how is LOG coded?",MAP->OCR;LOG->?,NQI
syllogism,Statement 1: All dogs are pets. Statement 2: No pets are animals. Conclusion: No dogs are animals. Is the conclusion valid?,All dogs are pets|No pets are animals|No dogs are animals,valid
blood_relation,Vikram is Nikhil's father. Nikhil is Rohit's father. How is Vikram related to Rohit?,Vikram|father|Nikhil;Nikhil|father|Rohit,grandfather
direction_sense,"Arjun walks 10km south, then 7km east, then 4km north. How far is Arjun from the starting point?",10km south;7km east;4km north,9.22
coding_decoding,"If SUN is coded as TVO, how is KEY coded?",SUN->TVO;KEY->?,LFZ
syllogism,Statement 1: Some fruits are plants. Statement 2: All plants are foods. Conclusion: Some fruits are foods. Is the conclusion valid?,Some fruits are plants|All plants are foods|Some fruits are foods,valid
blood_relation,Nikhil is Karan's father. Karan is Riya's father. How is Nikhil related to Riya?,Nikhil|father|Karan;Karan|father|Riya,grandfather
direction_sense,"Priya walks 2km east, then 2km west. How far is Priya from the starting point?",2km east;2km west,0.0
coding_decoding,"If MAP is coded as NBQ, how is RUN coded?",MAP->NBQ;RUN->?,SVO
syllogism,Statement 1: All birds are plants. Statement 2: No plants are fruits. Conclusion: No birds are fruits. Is the conclusion valid?,All birds are plants|No plants are fruits|No birds are fruits,valid
blood_relation,Priya is Arjun's daughter. Arjun is Nikhil's son. How is Priya related to Nikhil?,Priya|daughter|Arjun;Arjun|son|Nikhil,granddaughter
direction_sense,"Manoj walks 6km east, then 9km east. How far is Manoj from the starting point?",6km east;9km east,15.0
coding_decoding,"If FAN is coded as JER, how is COW coded?",FAN->JER;COW->?,GSA
syllogism,Statement 1: Some fruits are mammals. Statement 2: Some mammals are cats. Conclusion: Some fruits are cats. Is the conclusion valid?,Some fruits are mammals|Some mammals are cats|Some fruits are cats,invalid
blood_relation,Amit is Nikhil's father. Nikhil is Sneha's father. How is Amit related to Sneha?,Amit|father|Nikhil;Nikhil|father|Sneha,grandfather
direction_sense,"Meera walks 9km west, then 3km north. How far is Meera from the starting point?",9km west;3km north,9.49
coding_decoding,"If MAP is coded as NBQ, how is JAM coded?",MAP->NBQ;JAM->?,KBN
syllogism,Statement 1: Some animals are fruits. Statement 2: Some fruits are foods. Conclusion: Some animals are foods. Is the conclusion valid?,Some animals are fruits|Some fruits are foods|Some animals are foods,invalid
blood_relation,Nikhil is Amit's mother. Amit is Pooja's father. How is Nikhil related to Pooja?,Nikhil|mother|Amit;Amit|father|Pooja,grandmother
direction_sense,"Arjun walks 7km west, then 3km east, then 8km north. How far is Arjun from the starting point?",7km west;3km east;8km north,8.94
coding_decoding,"If DOG is coded as EPH, how is COW coded?",DOG->EPH;COW->?,DPX
syllogism,Statement 1: All pets are dogs. Statement 2: No dogs are cars. Conclusion: No pets are cars. Is the conclusion valid?,All pets are dogs|No dogs are cars|No pets are cars,valid
blood_relation,Suresh is Manoj's son. Manoj is Priya's daughter. How is Suresh related to Priya?,Suresh|son|Manoj;Manoj|daughter|Priya,grandson
direction_sense,"Karan walks 10km north, then 6km south, then 3km west. How far is Karan from the starting point?",10km north;6km south;3km west,5.0
coding_decoding,"If DOG is coded as ITL, how is JAM coded?",DOG->ITL;JAM->?,OFR
syllogism,Statement 1: All cars are cats. Statement 2: No cats are animals. Conclusion: No cars are animals. Is the conclusion valid?,All cars are cats|No cats are animals|No cars are animals,valid
blood_relation,Rohit is Kavya's father. Kavya is Meera's mother. How is Rohit related to Meera?,Rohit|father|Kavya;Kavya|mother|Meera,grandfather
direction_sense,"Manoj walks 5km north, then 5km north, then 4km east. How far is Manoj from the starting point?",5km north;5km north;4km east,10.77
coding_decoding,"If BAT is coded as EDW, how is COW coded?",BAT->EDW;COW->?,FRZ
syllogism,Statement 1: Some mammals are pets. Statement 2: All pets are foods. Conclusion: Some mammals are foods. Is the conclusion valid?,Some mammals are pets|All pets are foods|Some mammals are foods,valid
blood_relation,Manoj is Karan's mother. Karan is Suresh's father. How is Manoj related to Suresh?,Manoj|mother|Karan;Karan|father|Suresh,grandmother
direction_sense,"Meera walks 10km west, then 8km west. How far is Meera from the starting point?",10km west;8km west,18.0
coding_decoding,"If MAP is coded as RFU, how is COW coded?",MAP->RFU;COW->?,HTB
syllogism,Statement 1: Some animals are pets. Statement 2: Some pets are vehicles. Conclusion: Some animals are vehicles. Is the conclusion valid?,Some animals are pets|Some pets are vehicles|Some animals are vehicles,invalid
blood_relation,Nikhil is Karan's daughter. Karan is Divya's son. How is Nikhil related to Divya?,Nikhil|daughter|Karan;Karan|son|Divya,granddaughter
direction_sense,"Manoj walks 2km south, then 8km west. How far is Manoj from the starting point?",2km south;8km west,8.25
coding_decoding,"If CUP is coded as FXS, how is BOX coded?",CUP->FXS;BOX->?,ERA
syllogism,Statement 1: Some animals are plants. Statement 2: Some plants are flowers. Conclusion: Some animals are flowers. Is the conclusion valid?,Some animals are plants|Some plants are flowers|Some animals are flowers,invalid
blood_relation,Anjali is Nikhil's son. Nikhil is Meera's daughter. How is Anjali related to Meera?,Anjali|son|Nikhil;Nikhil|daughter|Meera,grandson
direction_sense,"Vikram walks 2km north, then 2km east, then 5km north. How far is Vikram from the starting point?",2km north;2km east;5km north,7.28
coding_decoding,"If CUP is coded as DVQ, how is BAT coded?",CUP->DVQ;BAT->?,CBU
syllogism,Statement 1: Some foods are animals. Statement 2: All animals are pets. Conclusion: Some foods are pets. Is the conclusion valid?,Some foods are animals|All animals are pets|Some foods are pets,valid
blood_relation,Manoj is Arjun's father. Arjun is Rohit's mother. How is Manoj related to Rohit?,Manoj|father|Arjun;Arjun|mother|Rohit,grandfather
direction_sense,"Pooja walks 6km north, then 9km north, then 6km south. How far is Pooja from the starting point?",6km north;9km north;6km south,9.0
coding_decoding,"If SUN is coded as WYR, how is LOG coded?",SUN->WYR;LOG->?,PSK
syllogism,Statement 1: Some cars are birds. Statement 2: Some birds are cats. Conclusion: Some cars are cats. Is the conclusion valid?,Some cars are birds|Some birds are cats|Some cars are cats,invalid
blood_relation,Vikram is Manoj's father. Manoj is Divya's mother. How is Vikram related to Divya?,Vikram|father|Manoj;Manoj|mother|Divya,grandfather
direction_sense,"Divya walks 7km west, then 4km west, then 8km east. How far is Divya from the starting point?",7km west;4km west;8km east,3.0
coding_decoding,"If CAT is coded as GEX, how is BAT coded?",CAT->GEX;BAT->?,FEX
syllogism,Statement 1: All fruits are cars. Statement 2: All cars are cats. Conclusion: All fruits are cats. Is the conclusion valid?,All fruits are cars|All cars are cats|All fruits are cats,valid
blood_relation,Suresh is Karan's son. Karan is Meera's son. How is Suresh related to Meera?,Suresh|son|Karan;Karan|son|Meera,grandson
direction_sense,"Sneha walks 5km north, then 8km west. How far is Sneha from the starting point?",5km north;8km west,9.43
coding_decoding,"If CAT is coded as ECV, how is TOP coded?",CAT->ECV;TOP->?,VQR
syllogism,Statement 1: No dogs are plants. Statement 2: Some plants are cats. Conclusion: Some cats are not dogs. Is the conclusion valid?,No dogs are plants|Some plants are cats|Some cats are not dogs,valid
blood_relation,Amit is Rohit's mother. Rohit is Riya's father. How is Amit related to Riya?,Amit|mother|Rohit;Rohit|father|Riya,grandmother
direction_sense,"Arjun walks 6km north, then 2km north, then 6km south. How far is Arjun from the starting point?",6km north;2km north;6km south,2.0
coding_decoding,"If CAT is coded as FDW, how is TOP coded?",CAT->FDW;TOP->?,WRS
syllogism,Statement 1: All vehicles are mammals. Statement 2: No mammals are cats. Conclusion: No vehicles are cats. Is the conclusion valid?,All vehicles are mammals|No mammals are cats|No vehicles are cats,valid
blood_relation,Kavya is Rohit's son. Rohit is Nikhil's daughter. How is Kavya related to Nikhil?,Kavya|son|Rohit;Rohit|daughter|Nikhil,grandson
direction_sense,"Anjali walks 3km east, then 5km east. How far is Anjali from the starting point?",3km east;5km east,8.0
coding_decoding,"If MAP is coded as RFU, how is RUN coded?",MAP->RFU;RUN->?,WZS
syllogism,Statement 1: All pets are cats. Statement 2: No cats are animals. Conclusion: No pets are animals. Is the conclusion valid?,All pets are cats|No cats are animals|No pets are animals,valid
blood_relation,Sneha is Riya's son. Riya is Arjun's daughter. How is Sneha related to Arjun?,Sneha|son|Riya;Riya|daughter|Arjun,grandson
direction_sense,"Sneha walks 7km west, then 5km south, then 7km east. How far is Sneha from the starting point?",7km west;5km south;7km east,5.0
coding_decoding,"If CUP is coded as FXS, how is KEY coded?",CUP->FXS;KEY->?,NHB
syllogism,Statement 1: All foods are vehicles. Statement 2: No vehicles are mammals. Conclusion: No foods are mammals. Is the conclusion valid?,All foods are vehicles|No vehicles are mammals|No foods are mammals,valid
blood_relation,Priya is Karan's father. Karan is Arjun's father. How is Priya related to Arjun?,Priya|father|Karan;Karan|father|Arjun,grandfather
direction_sense,"Vikram walks 6km east, then 7km east, then 5km south. How far is Vikram from the starting point?",6km east;7km east;5km south,13.93
coding_decoding,"If BAT is coded as DCV, how is JAM coded?",BAT->DCV;JAM->?,LCO
syllogism,Statement 1: All pets are mammals. Statement 2: No mammals are cars. Conclusion: No pets are cars. Is the conclusion valid?,All pets are mammals|No mammals are cars|No pets are cars,valid
blood_relation,Karan is Nikhil's father. Nikhil is Divya's father. How is Karan related to Divya?,Karan|father|Nikhil;Nikhil|father|Divya,grandfather
direction_sense,"Riya walks 7km north, then 6km east, then 6km east. How far is Riya from the starting point?",7km north;6km east;6km east,13.89
coding_decoding,"If DOG is coded as HSK, how is RUN coded?",DOG->HSK;RUN->?,VYR
syllogism,Statement 1: All flowers are foods. Statement 2: All foods are fruits. Conclusion: All flowers are fruits. Is the conclusion valid?,All flowers are foods|All foods are fruits|All flowers are fruits,valid
blood_relation,Anjali is Pooja's father. Pooja is Nikhil's father. How is Anjali related to Nikhil?,Anjali|father|Pooja;Pooja|father|Nikhil,grandfather
direction_sense,"Kavya walks 7km east, then 8km west. How far is Kavya from the starting point?",7km east;8km west,1.0
coding_decoding,"If CAT is coded as FDW, how is COW coded?",CAT->FDW;COW->?,FRZ
syllogism,Statement 1: All cars are plants. Statement 2: All plants are vehicles. Conclusion: All cars are vehicles. Is the conclusion valid?,All cars are plants|All plants are vehicles|All cars are vehicles,valid
blood_relation,Rohit is Manoj's mother. Manoj is Meera's mother. How is Rohit related to Meera?,Rohit|mother|Manoj;Manoj|mother|Meera,grandmother
direction_sense,"Kavya walks 5km east, then 4km west, then 6km north. How far is Kavya from the starting point?",5km east;4km west;6km north,6.08
coding_decoding,"If SUN is coded as TVO, how is TOP coded?",SUN->TVO;TOP->?,UPQ
syllogism,Statement 1: No flowers are vehicles. Statement 2: Some vehicles are plants. Conclusion: Some plants are not flowers. Is the conclusion valid?,No flowers are vehicles|Some vehicles are plants|Some plants are not flowers,valid
blood_relation,Divya is Amit's daughter. Amit is Vikram's daughter. How is Divya related to Vikram?,Divya|daughter|Amit;Amit|daughter|Vikram,granddaughter
direction_sense,"Priya walks 4km north, then 2km east, then 7km north. How far is Priya from the starting point?",4km north;2km east;7km north,11.18
coding_decoding,"If BAT is coded as GFY, how is BAT coded?",BAT->GFY;BAT->?,GFY
syllogism,Statement 1: Some foods are vehicles. Statement 2: Some vehicles are mammals. Conclusion: Some foods are mammals. Is the conclusion valid?,Some foods are vehicles|Some vehicles are mammals|Some foods are mammals,invalid
blood_relation,Arjun is Amit's daughter. Amit is Rohit's daughter. How is Arjun related to Rohit?,Arjun|daughter|Amit;Amit|daughter|Rohit,granddaughter
direction_sense,"Priya walks 6km north, then 3km west. How far is Priya from the starting point?",6km north;3km west,6.71
coding_decoding,"If PEN is coded as QFO, how is BAT coded?",PEN->QFO;BAT->?,CBU
syllogism,Statement 1: No mammals are animals. Statement 2: Some animals are fruits. Conclusion: Some fruits are not mammals. Is the conclusion valid?,No mammals are animals|Some animals are fruits|Some fruits are not mammals,valid
blood_relation,Priya is Nikhil's father. Nikhil is Sneha's mother. How is Priya related to Sneha?,Priya|father|Nikhil;Nikhil|mother|Sneha,grandfather
direction_sense,"Rohit walks 3km south, then 3km south. How far is Rohit from the starting point?",3km south;3km south,6.0
coding_decoding,"If MAP is coded as RFU, how is JAM coded?",MAP->RFU;JAM->?,OFR
syllogism,Statement 1: Some pets are foods. Statement 2: All foods are fruits. Conclusion: Some pets are fruits. Is the conclusion valid?,Some pets are foods|All foods are fruits|Some pets are fruits,valid
blood_relation,Nikhil is Pooja's daughter. Pooja is Suresh's daughter. How is Nikhil related to Suresh?,Nikhil|daughter|Pooja;Pooja|daughter|Suresh,granddaughter
direction_sense,"Kavya walks 10km north, then 2km south. How far is Kavya from the starting point?",10km north;2km south,8.0
coding_decoding,"If FAN is coded as HCP, how is TOP coded?",FAN->HCP;TOP->?,VQR
syllogism,Statement 1: No foods are mammals. Statement 2: Some mammals are pets. Conclusion: Some pets are not foods. Is the conclusion valid?,No foods are mammals|Some mammals are pets|Some pets are not foods,valid
blood_relation,Nikhil is Arjun's daughter. Arjun is Karan's daughter. How is Nikhil related to Karan?,Nikhil|daughter|Arjun;Arjun|daughter|Karan,granddaughter
direction_sense,"Manoj walks 7km south, then 8km north. How far is Manoj from the starting point?",7km south;8km north,1.0
coding_decoding,"If PEN is coded as RGP, how is BOX coded?",PEN->RGP;BOX->?,DQZ
syllogism,Statement 1: No plants are vehicles. Statement 2: Some vehicles are cats. Conclusion: Some cats are not plants. Is the conclusion valid?,No plants are vehicles|Some vehicles are cats|Some cats are not plants,valid
blood_relation,Kavya is Priya's father. Priya is Nikhil's father. How is Kavya related to Nikhil?,Kavya|father|Priya;Priya|father|Nikhil,grandfather
direction_sense,"Karan walks 3km west, then 10km west. How far is Karan from the starting point?",3km west;10km west,13.0
coding_decoding,"If MAP is coded as QET, how is TOP coded?",MAP->QET;TOP->?,XST
syllogism,Statement 1: Some pets are plants. Statement 2: All plants are birds. Conclusion: Some pets are birds. Is the conclusion valid?,Some pets are plants|All plants are birds|Some pets are birds,valid
blood_relation,Rohit is Nikhil's daughter. Nikhil is Kavya's daughter. How is Rohit related to Kavya?,Rohit|daughter|Nikhil;Nikhil|daughter|Kavya,granddaughter
direction_sense,"Suresh walks 5km west, then 7km east, then 5km west. How far is Suresh from the starting point?",5km west;7km east;5km west,3.0
coding_decoding,"If CUP is coded as DVQ, how is BAT coded?",CUP->DVQ;BAT->?,CBU
syllogism,Statement 1: No dogs are mammals. Statement 2: Some mammals are pets. Conclusion: Some pets are not dogs. Is the conclusion valid?,No dogs are mammals|Some mammals are pets|Some pets are not dogs,valid
blood_relation,Amit is Kavya's son. Kavya is Pooja's son. How is Amit related to Pooja?,Amit|son|Kavya;Kavya|son|Pooja,grandson
direction_sense,"Kavya walks 2km south, then 3km north. How far is Kavya from the starting point?",2km south;3km north,1.0
coding_decoding,"If CUP is coded as GYT, how is BAT coded?",CUP->GYT;BAT->?,FEX
syllogism,Statement 1: No flowers are animals. Statement 2: Some animals are vehicles. Conclusion: Some vehicles are not flowers. Is the conclusion valid?,No flowers are animals|Some animals are vehicles|Some vehicles are not flowers,valid
blood_relation,Vikram is Rohit's son. Rohit is Anjali's son. How is Vikram related to Anjali?,Vikram|son|Rohit;Rohit|son|Anjali,grandson
direction_sense,"Vikram walks 4km west, then 9km east. How far is Vikram from the starting point?",4km west;9km east,5.0
coding_decoding,"If PEN is coded as TIR, how is LOG coded?",PEN->TIR;LOG->?,PSK
syllogism,Statement 1: Some plants are vehicles. Statement 2: Some vehicles are foods. Conclusion: Some plants are foods. Is the conclusion valid?,Some plants are vehicles|Some vehicles are foods|Some plants are foods,invalid
blood_relation,Suresh is Priya's son. Priya is Divya's daughter. How is Suresh related to Divya?,Suresh|son|Priya;Priya|daughter|Divya,grandson
direction_sense,"Sneha walks 2km east, then 9km west. How far is Sneha from the starting point?",2km east;9km west,7.0
coding_decoding,"If DOG is coded as ITL, how is KEY coded?",DOG->ITL;KEY->?,PJD
syllogism,Statement 1: All cars are cats. Statement 2: All cats are plants. Conclusion: All cars are plants. Is the conclusion valid?,All cars are cats|All cats are plants|All cars are plants,valid
blood_relation,Riya is Meera's mother. Meera is Suresh's father. How is Riya related to Suresh?,Riya|mother|Meera;Meera|father|Suresh,grandmother
direction_sense,"Meera walks 2km west, then 5km west. How far is Meera from the starting point?",2km west;5km west,7.0
coding_decoding,"If SUN is coded as TVO, how is KEY coded?",SUN->TVO;KEY->?,LFZ
syllogism,Statement 1: All birds are vehicles. Statement 2: No vehicles are mammals. Conclusion: No birds are mammals. Is the conclusion valid?,All birds are vehicles|No vehicles are mammals|No birds are mammals,valid
blood_relation,Kavya is Divya's daughter. Divya is Manoj's son. How is Kavya related to Manoj?,Kavya|daughter|Divya;Divya|son|Manoj,granddaughter
direction_sense,"Kavya walks 10km north, then 9km west, then 5km south. How far is Kavya from the starting point?",10km north;9km west;5km south,10.3
coding_decoding,"If SUN is coded as VXQ, how is TOP coded?",SUN->VXQ;TOP->?,WRS
syllogism,Statement 1: All birds are flowers. Statement 2: All flowers are plants. Conclusion: All birds are plants. Is the conclusion valid?,All birds are flowers|All flowers are plants|All birds are plants,valid
blood_relation,Arjun is Nikhil's father. Nikhil is Rohit's father. How is Arjun related to Rohit?,Arjun|father|Nikhil;Nikhil|father|Rohit,grandfather
direction_sense,"Riya walks 3km east, then 10km south, then 6km south. How far is Riya from the starting point?",3km east;10km south;6km south,16.28
coding_decoding,"If BAT is coded as CBU, how is BAT coded?",BAT->CBU;BAT->?,CBU
syllogism,Statement 1: Some vehicles are plants. Statement 2: All plants are flowers. Conclusion: Some vehicles are flowers. Is the conclusion valid?,Some vehicles are plants|All plants are flowers|Some vehicles are flowers,valid
blood_relation,Suresh is Anjali's father. Anjali is Manoj's father. How is Suresh related to Manoj?,Suresh|father|Anjali;Anjali|father|Manoj,grandfather
direction_sense,"Riya walks 4km south, then 9km west, then 3km north. How far is Riya from the starting point?",4km south;9km west;3km north,9.06
coding_decoding,"If CAT is coded as DBU, how is RUN coded?",CAT->DBU;RUN->?,SVO
syllogism,Statement 1: Some mammals are flowers. Statement 2: All flowers are cars. Conclusion: Some mammals are cars. Is the conclusion valid?,Some mammals are flowers|All flowers are cars|Some mammals are cars,valid
blood_relation,Manoj is Pooja's mother. Pooja is Kavya's father. How is Manoj related to Kavya?,Manoj|mother|Pooja;Pooja|father|Kavya,grandmother
direction_sense,"Rohit walks 7km west, then 2km east. How far is Rohit from the starting point?",7km west;2km east,5.0
coding_decoding,"If CUP is coded as EWR, how is RUN coded?",CUP->EWR;RUN->?,TWP
syllogism,Statement 1: All animals are flowers. Statement 2: No flowers are cats. Conclusion: No animals are cats. Is the conclusion valid?,All animals are flowers|No flowers are cats|No animals are cats,valid
blood_relation,Amit is Arjun's mother. Arjun is Rohit's mother. How is Amit related to Rohit?,Amit|mother|Arjun;Arjun|mother|Rohit,grandmother
direction_sense,"Amit walks 3km south, then 4km east. How far is Amit from the starting point?",3km south;4km east,5.0
coding_decoding,"If MAP is coded as RFU, how is TOP coded?",MAP->RFU;TOP->?,YTU
syllogism,Statement 1: Some dogs are pets. Statement 2: All pets are plants. Conclusion: Some dogs are plants. Is the conclusion valid?,Some dogs are pets|All pets are plants|Some dogs are plants,valid
blood_relation,Pooja is Priya's son. Priya is Nikhil's daughter. How is Pooja related to Nikhil?,Pooja|son|Priya;Priya|daughter|Nikhil,grandson
direction_sense,"Karan walks 6km east, then 9km west. How far is Karan from the starting point?",6km east;9km west,3.0
coding_decoding,"If BAT is coded as EDW, how is RUN coded?",BAT->EDW;RUN->?,UXQ
syllogism,Statement 1: All birds are fruits. Statement 2: All fruits are plants. Conclusion: All birds are plants. Is the conclusion valid?,All birds are fruits|All fruits are plants|All birds are plants,valid
blood_relation,Kavya is Arjun's father. Arjun is Suresh's father. How is Kavya related to Suresh?,Kavya|father|Arjun;Arjun|father|Suresh,grandfather
direction_sense,"Suresh walks 6km east, then 5km south. How far is Suresh from the starting point?",6km east;5km south,7.81
coding_decoding,"If PEN is coded as QFO, how is KEY coded?",PEN->QFO;KEY->?,LFZ
syllogism,Statement 1: All mammals are pets. Statement 2: All pets are flowers. Conclusion: All mammals are flowers. Is the conclusion valid?,All mammals are pets|All pets are flowers|All mammals are flowers,valid
blood_relation,Arjun is Riya's father. Riya is Vikram's mother. How is Arjun related to Vikram?,Arjun|father|Riya;Riya|mother|Vikram,grandfather
direction_sense,"Vikram walks 9km north, then 8km west, then 8km east. How far is Vikram from the starting point?",9km north;8km west;8km east,9.0
coding_decoding,"If SUN is coded as XZS, how is BOX coded?",SUN->XZS;BOX->?,GTC
syllogism,Statement 1: All birds are fruits. Statement 2: All fruits are animals. Conclusion: All birds are animals. Is the conclusion valid?,All birds are fruits|All fruits are animals|All birds are animals,valid
blood_relation,Rohit is Priya's daughter. Priya is Anjali's son. How is Rohit related to Anjali?,Rohit|daughter|Priya;Priya|son|Anjali,granddaughter
direction_sense,"Vikram walks 9km south, then 10km west, then 9km north. How far is Vikram from the starting point?",9km south;10km west;9km north,10.0
coding_decoding,"If DOG is coded as ITL, how is BAT coded?",DOG->ITL;BAT->?,GFY
syllogism,Statement 1: Some foods are cats. Statement 2: Some cats are animals. Conclusion: Some foods are animals. Is the conclusion valid?,Some foods are cats|Some cats are animals|Some foods are animals,invalid
blood_relation,Kavya is Manoj's son. Manoj is Divya's son. How is Kavya related to Divya?,Kavya|son|Manoj;Manoj|son|Divya,grandson
direction_sense,"Arjun walks 3km west, then 8km east, then 5km north. How far is Arjun from the starting point?",3km west;8km east;5km north,7.07
coding_decoding,"If FAN is coded as GBO, how is COW coded?",FAN->GBO;COW->?,DPX
syllogism,Statement 1: All flowers are cars. Statement 2: No cars are cats. Conclusion: No flowers are cats. Is the conclusion valid?,All flowers are cars|No cars are cats|No flowers are cats,valid
blood_relation,Priya is Meera's father. Meera is Amit's father. How is Priya related to Amit?,Priya|father|Meera;Meera|father|Amit,grandfather
direction_sense,"Meera walks 4km west, then 5km west, then 10km east. How far is Meera from the starting point?",4km west;5km west;10km east,1.0
coding_decoding,"If DOG is coded as FQI, how is LOG coded?",DOG->FQI;LOG->?,NQI
syllogism,Statement 1: Some mammals are cars. Statement 2: All cars are animals. Conclusion: Some mammals are animals. Is the conclusion valid?,Some mammals are cars|All cars are animals|Some mammals are animals,valid
blood_relation,Amit is Nikhil's daughter. Nikhil is Anjali's daughter. How is Amit related to Anjali?,Amit|daughter|Nikhil;Nikhil|daughter|Anjali,granddaughter
direction_sense,"Sneha walks 3km west, then 10km south. How far is Sneha from the starting point?",3km west;10km south,10.44
coding_decoding,"If SUN is coded as TVO, how is BOX coded?",SUN->TVO;BOX->?,CPY
syllogism,Statement 1: Some vehicles are flowers. Statement 2: Some flowers are cats. Conclusion: Some vehicles are cats. Is the conclusion valid?,Some vehicles are flowers|Some flowers are cats|Some vehicles are cats,invalid
blood_relation,Riya is Kavya's father. Kavya is Divya's father. How is Riya related to Divya?,Riya|father|Kavya;Kavya|father|Divya,grandfather
direction_sense,"Anjali walks 10km south, then 2km north, then 4km south. How far is Anjali from the starting point?",10km south;2km north;4km south,12.0
coding_decoding,"If BAT is coded as CBU, how is TOP coded?",BAT->CBU;TOP->?,UPQ
syllogism,Statement 1: All mammals are birds. Statement 2: All birds are vehicles. Conclusion: All mammals are vehicles. Is the conclusion valid?,All mammals are birds|All birds are vehicles|All mammals are vehicles,valid
blood_relation,Sneha is Meera's son. Meera is Riya's daughter. How is Sneha related to Riya?,Sneha|son|Meera;Meera|daughter|Riya,grandson
direction_sense,"Suresh walks 10km south, then 8km east. How far is Suresh from the starting point?",10km south;8km east,12.81
coding_decoding,"If DOG is coded as FQI, how is BAT coded?",DOG->FQI;BAT->?,DCV
syllogism,Statement 1: All cats are animals. Statement 2: All animals are cars. Conclusion: All cats are cars. Is the conclusion valid?,All cats are animals|All animals are cars|All cats are cars,valid
blood_relation,Nikhil is Suresh's mother. Suresh is Rohit's mother. How is Nikhil related to Rohit?,Nikhil|mother|Suresh;Suresh|mother|Rohit,grandmother
direction_sense,"Priya walks 6km south, then 6km east, then 5km west. How far is Priya from the starting point?",6km south;6km east;5km west,6.08
coding_decoding,"If PEN is coded as UJS, how is JAM coded?",PEN->UJS;JAM->?,OFR
syllogism,Statement 1: No cars are plants. Statement 2: Some plants are fruits. Conclusion: Some fruits are not cars. Is the conclusion valid?,No cars are plants|Some plants are fruits|Some fruits are not cars,valid
blood_relation,Anjali is Suresh's son. Suresh is Kavya's son. How is Anjali related to Kavya?,Anjali|son|Suresh;Suresh|son|Kavya,grandson
direction_sense,"Rohit walks 5km north, then 4km east. How far is Rohit from the starting point?",5km north;4km east,6.4
coding_decoding,"If FAN is coded as IDQ, how is BAT coded?",FAN->IDQ;BAT->?,EDW
syllogism,Statement 1: No dogs are animals. Statement 2: Some animals are plants. Conclusion: Some plants are not dogs. Is the conclusion valid?,No dogs are animals|Some animals are plants|Some plants are not dogs,valid
blood_relation,Anjali is Manoj's son. Manoj is Rohit's son. How is Anjali related to Rohit?,Anjali|son|Manoj;Manoj|son|Rohit,grandson
direction_sense,"Priya walks 8km south, then 4km east. How far is Priya from the starting point?",8km south;4km east,8.94
coding_decoding,"If DOG is coded as EPH, how is KEY coded?",DOG->EPH;KEY->?,LFZ
syllogism,Statement 1: Some mammals are vehicles. Statement 2: Some vehicles are dogs. Conclusion: Some mammals are dogs. Is the conclusion valid?,Some mammals are vehicles|Some vehicles are dogs|Some mammals are dogs,invalid
blood_relation,Kavya is Rohit's son. Rohit is Suresh's son. How is Kavya related to Suresh?,Kavya|son|Rohit;Rohit|son|Suresh,grandson
direction_sense,"Divya walks 4km west, then 3km north, then 2km east. How far is Divya from the starting point?",4km west;3km north;2km east,3.61
coding_decoding,"If CAT is coded as ECV, how is TOP coded?",CAT->ECV;TOP->?,VQR
syllogism,Statement 1: All cats are vehicles. Statement 2: All vehicles are birds. Conclusion: All cats are birds. Is the conclusion valid?,All cats are vehicles|All vehicles are birds|All cats are birds,valid
blood_relation,Pooja is Arjun's son. Arjun is Manoj's daughter. How is Pooja related to Manoj?,Pooja|son|Arjun;Arjun|daughter|Manoj,grandson
direction_sense,"Pooja walks 7km west, then 7km north, then 10km north. How far is Pooja from the starting point?",7km west;7km north;10km north,18.38
coding_decoding,"If FAN is coded as HCP, how is BAT coded?",FAN->HCP;BAT->?,DCV
syllogism,Statement 1: No pets are flowers. Statement 2: Some flowers are fruits. Conclusion: Some fruits are not pets. Is the conclusion valid?,No pets are flowers|Some flowers are fruits|Some fruits are not pets,valid
blood_relation,Meera is Amit's mother. Amit is Sneha's father. How is Meera related to Sneha?,Meera|mother|Amit;Amit|father|Sneha,grandmother
direction_sense,"Suresh walks 2km south, then 2km west. How far is Suresh from the starting point?",2km south;2km west,2.83
coding_decoding,"If FAN is coded as HCP, how is RUN coded?",FAN->HCP;RUN->?,TWP
syllogism,Statement 1: Some foods are dogs. Statement 2: Some dogs are birds. Conclusion: Some foods are birds. Is the conclusion valid?,Some foods are dogs|Some dogs are birds|Some foods are birds,invalid
blood_relation,Arjun is Riya's daughter. Riya is Rohit's son. How is Arjun related to Rohit?,Arjun|daughter|Riya;Riya|son|Rohit,granddaughter
direction_sense,"Suresh walks 5km south, then 9km south. How far is Suresh from the starting point?",5km south;9km south,14.0
coding_decoding,"If MAP is coded as QET, how is BAT coded?",MAP->QET;BAT->?,FEX
syllogism,Statement 1: Some fruits are birds. Statement 2: Some birds are flowers. Conclusion: Some fruits are flowers. Is the conclusion valid?,Some fruits are birds|Some birds are flowers|Some fruits are flowers,invalid
blood_relation,Priya is Sneha's daughter. Sneha is Kavya's son. How is Priya related to Kavya?,Priya|daughter|Sneha;Sneha|son|Kavya,granddaughter
direction_sense,"Meera walks 9km north, then 9km north. How far is Meera from the starting point?",9km north;9km north,18.0
coding_decoding,"If DOG is coded as HSK, how is BOX coded?",DOG->HSK;BOX->?,FSB
syllogism,Statement 1: Some animals are foods. Statement 2: Some foods are dogs. Conclusion: Some animals are dogs. Is the conclusion valid?,Some animals are foods|Some foods are dogs|Some animals are dogs,invalid
blood_relation,Amit is Manoj's son. Manoj is Pooja's son. How is Amit related to Pooja?,Amit|son|Manoj;Manoj|son|Pooja,grandson
direction_sense,"Priya walks 6km west, then 7km east. How far is Priya from the starting point?",6km west;7km east,1.0
coding_decoding,"If CUP is coded as HZU, how is TOP coded?",CUP->HZU;TOP->?,YTU
syllogism,Statement 1: No mammals are dogs. Statement 2: Some dogs are cats. Conclusion: Some cats are not mammals. Is the conclusion valid?,No mammals are dogs|Some dogs are cats|Some cats are not mammals,valid
blood_relation,Priya is Pooja's mother. Pooja is Riya's father. How is Priya related to Riya?,Priya|mother|Pooja;Pooja|father|Riya,grandmother
direction_sense,"Amit walks 4km east, then 8km south. How far is Amit from the starting point?",4km east;8km south,8.94
coding_decoding,"If CUP is coded as FXS, how is TOP coded?",CUP->FXS;TOP->?,WRS
syllogism,Statement 1: All animals are vehicles. Statement 2: No vehicles are flowers. Conclusion: No animals are flowers. Is the conclusion valid?,All animals are vehicles|No vehicles are flowers|No animals are flowers,valid
blood_relation,Rohit is Manoj's mother. Manoj is Pooja's mother. How is Rohit related to Pooja?,Rohit|mother|Manoj;Manoj|mother|Pooja,grandmother
direction_sense,"Meera walks 4km east, then 10km north. How far is Meera from the starting point?",4km east;10km north,10.77
coding_decoding,"If CAT is coded as GEX, how is BOX coded?",CAT->GEX;BOX->?,FSB
syllogism,Statement 1: Some vehicles are cats. Statement 2: All cats are pets. Conclusion: Some vehicles are pets. Is the conclusion valid?,Some vehicles are cats|All cats are pets|Some vehicles are pets,valid
blood_relation,Karan is Anjali's mother. Anjali is Rohit's father. How is Karan related to Rohit?,Karan|mother|Anjali;Anjali|father|Rohit,grandmother
direction_sense,"Sneha walks 4km north, then 4km north, then 7km east. How far is Sneha from the starting point?",4km north;4km north;7km east,10.63
coding_decoding,"If CUP is coded as FXS, how is RUN coded?",CUP->FXS;RUN->?,UXQ
syllogism,Statement 1: All pets are vehicles. Statement 2: No vehicles are mammals. Conclusion: No pets are mammals. Is the conclusion valid?,All pets are vehicles|No vehicles are mammals|No pets are mammals,valid
blood_relation,Anjali is Suresh's daughter. Suresh is Pooja's daughter. How is Anjali related to Pooja?,Anjali|daughter|Suresh;Suresh|daughter|Pooja,granddaughter
direction_sense,"Suresh walks 4km north, then 3km west. How far is Suresh from the starting point?",4km north;3km west,5.0
coding_decoding,"If BAT is coded as DCV, how is COW coded?",BAT->DCV;COW->?,EQY
syllogism,Statement 1: All cats are dogs. Statement 2: No dogs are animals. Conclusion: No cats are animals. Is the conclusion valid?,All cats are dogs|No dogs are animals|No cats are animals,valid
blood_relation,Meera is Vikram's father. Vikram is Kavya's father. How is Meera related to Kavya?,Meera|father|Vikram;Vikram|father|Kavya,grandfather
direction_sense,"Suresh walks 8km west, then 6km north, then 5km north. How far is Suresh from the starting point?",8km west;6km north;5km north,13.6
coding_decoding,"If FAN is coded as HCP, how is KEY coded?",FAN->HCP;KEY->?,MGA
syllogism,Statement 1: All birds are flowers. Statement 2: No flowers are animals. Conclusion: No birds are animals. Is the conclusion valid?,All birds are flowers|No flowers are animals|No birds are animals,valid
blood_relation,Sneha is Arjun's daughter. Arjun is Pooja's son. How is Sneha related to Pooja?,Sneha|daughter|Arjun;Arjun|son|Pooja,granddaughter
direction_sense,"Rohit walks 9km east, then 7km north. How far is Rohit from the starting point?",9km east;7km north,11.4
coding_decoding,"If MAP is coded as QET, how is KEY coded?",MAP->QET;KEY->?,OIC
syllogism,Statement 1: Some foods are cats. Statement 2: All cats are cars. Conclusion: Some foods are cars. Is the conclusion valid?,Some foods are cats|All cats are cars|Some foods are cars,valid
blood_relation,Kavya is Arjun's son. Arjun is Meera's daughter. How is Kavya related to Meera?,Kavya|son|Arjun;Arjun|daughter|Meera,grandson
direction_sense,"Vikram walks 2km east, then 5km east. How far is Vikram from the starting point?",2km east;5km east,7.0
coding_decoding,"If SUN is coded as XZS, how is COW coded?",SUN->XZS;COW->?,HTB
syllogism,Statement 1: No mammals are cats. Statement 2: Some cats are dogs. Conclusion: Some dogs are not mammals. Is the conclusion valid?,No mammals are cats|Some cats are dogs|Some dogs are not mammals,valid
blood_relation,Karan is Meera's daughter. Meera is Amit's son. How is Karan related to Amit?,Karan|daughter|Meera;Meera|son|Amit,granddaughter
direction_sense,"Karan walks 4km east, then 9km south, then 3km north. How far is Karan from the starting point?",4km east;9km south;3km north,7.21
coding_decoding,"If CUP is coded as GYT, how is JAM coded?",CUP->GYT;JAM->?,NEQ
syllogism,Statement 1: Some birds are fruits. Statement 2: All fruits are foods. Conclusion: Some birds are foods. Is the conclusion valid?,Some birds are fruits|All fruits are foods|Some birds are foods,valid
blood_relation,Rohit is Sneha's daughter. Sneha is Meera's son. How is Rohit related to Meera?,Rohit|daughter|Sneha;Sneha|son|Meera,granddaughter
direction_sense,"Amit walks 3km north, then 10km north. How far is Amit from the starting point?",3km north;10km north,13.0
coding_decoding,"If DOG is coded as FQI, how is KEY coded?",DOG->FQI;KEY->?,MGA
syllogism,Statement 1: Some mammals are foods. Statement 2: All foods are flowers. Conclusion: Some mammals are flowers. Is the conclusion valid?,Some mammals are foods|All foods are flowers|Some mammals are flowers,valid
blood_relation,Priya is Anjali's mother. Anjali is Nikhil's mother. How is Priya related to Nikhil?,Priya|mother|Anjali;Anjali|mother|Nikhil,grandmother
direction_sense,"Riya walks 3km west, then 7km north, then 7km north. How far is Riya from the starting point?",3km west;7km north;7km north,14.32
coding_decoding,"If CUP is coded as GYT, how is COW coded?",CUP->GYT;COW->?,GSA
syllogism,Statement 1: No pets are animals. Statement 2: Some animals are fruits. Conclusion: Some fruits are not pets. Is the conclusion valid?,No pets are animals|Some animals are fruits|Some fruits are not pets,valid
blood_relation,Sneha is Vikram's father. Vikram is Manoj's father. How is Sneha related to Manoj?,Sneha|father|Vikram;Vikram|father|Manoj,grandfather
direction_sense,"Anjali walks 5km west, then 5km north. How far is Anjali from the starting point?",5km west;5km north,7.07
coding_decoding,"If SUN is coded as VXQ, how is KEY coded?",SUN->VXQ;KEY->?,NHB
syllogism,Statement 1: Some pets are vehicles. Statement 2: All vehicles are fruits. Conclusion: Some pets are fruits. Is the conclusion valid?,Some pets are vehicles|All vehicles are fruits|Some pets are fruits,valid
blood_relation,Sneha is Riya's mother. Riya is Arjun's father. How is Sneha related to Arjun?,Sneha|mother|Riya;Riya|father|Arjun,grandmother
direction_sense,"Priya walks 7km west, then 6km east. How far is Priya from the starting point?",7km west;6km east,1.0
coding_decoding,"If SUN is coded as UWP, how is TOP coded?",SUN->UWP;TOP->?,VQR
syllogism,Statement 1: No vehicles are foods. Statement 2: Some foods are flowers. Conclusion: Some flowers are not vehicles. Is the conclusion valid?,No vehicles are foods|Some foods are flowers|Some flowers are not vehicles,valid
blood_relation,Anjali is Kavya's daughter. Kavya is Sneha's son. How is Anjali related to Sneha?,Anjali|daughter|Kavya;Kavya|son|Sneha,granddaughter
direction_sense,"Sneha walks 6km west, then 3km east, then 6km north. How far is Sneha from the starting point?",6km west;3km east;6km north,6.71
coding_decoding,"If PEN is coded as TIR, how is KEY coded?",PEN->TIR;KEY->?,OIC
syllogism,Statement 1: Some pets are dogs. Statement 2: All dogs are cars. Conclusion: Some pets are cars. Is the conclusion valid?,Some pets are dogs|All dogs are cars|Some pets are cars,valid
blood_relation,Pooja is Suresh's father. Suresh is Riya's father. How is Pooja related to Riya?,Pooja|father|Suresh;Suresh|father|Riya,grandfather
direction_sense,"Meera walks 3km north, then 9km east, then 7km south. How far is Meera from the starting point?",3km north;9km east;7km south,9.85
coding_decoding,"If BAT is coded as GFY, how is RUN coded?",BAT->GFY;RUN->?,WZS
syllogism,Statement 1: No dogs are mammals. Statement 2: Some mammals are vehicles. Conclusion: Some vehicles are not dogs. Is the conclusion valid?,No dogs are mammals|Some mammals are vehicles|Some vehicles are not dogs,valid
blood_relation,Rohit is Meera's father. Meera is Anjali's father. How is Rohit related to Anjali?,Rohit|father|Meera;Meera|father|Anjali,grandfather
direction_sense,"Anjali walks 9km east, then 10km south, then 7km west. How far is Anjali from the starting point?",9km east;10km south;7km west,10.2
coding_decoding,"If DOG is coded as HSK, how is JAM coded?",DOG->HSK;JAM->?,NEQ
syllogism,Statement 1: All foods are pets. Statement 2: All pets are plants. Conclusion: All foods are plants. Is the conclusion valid?,All foods are pets|All pets are plants|All foods are plants,valid
blood_relation,Divya is Amit's mother. Amit is Manoj's father. How is Divya related to Manoj?,Divya|mother|Amit;Amit|father|Manoj,grandmother
direction_sense,"Karan walks 3km east, then 4km east. How far is Karan from the starting point?",3km east;4km east,7.0
coding_decoding,"If SUN is coded as XZS, how is COW coded?",SUN->XZS;COW->?,HTB
syllogism,Statement 1: All birds are dogs. Statement 2: All dogs are vehicles. Conclusion: All birds are vehicles. Is the conclusion valid?,All birds are dogs|All dogs are vehicles|All birds are vehicles,valid
blood_relation,Riya is Divya's daughter. Divya is Kavya's daughter. How is Riya related to Kavya?,Riya|daughter|Divya;Divya|daughter|Kavya,granddaughter
direction_sense,"Suresh walks 4km east, then 2km west, then 2km south. How far is Suresh from the starting point?",4km east;2km west;2km south,2.83
coding_decoding,"If PEN is coded as SHQ, how is KEY coded?",PEN->SHQ;KEY->?,NHB
syllogism,Statement 1: No cats are foods. Statement 2: Some foods are fruits. Conclusion: Some fruits are not cats. Is the conclusion valid?,No cats are foods|Some foods are fruits|Some fruits are not cats,valid
blood_relation,Nikhil is Amit's father. Amit is Vikram's mother. How is Nikhil related to Vikram?,Nikhil|father|Amit;Amit|mother|Vikram,grandfather
direction_sense,"Amit walks 6km north, then 5km north. How far is Amit from the starting point?",6km north;5km north,11.0
coding_decoding,"If SUN is coded as UWP, how is BAT coded?",SUN->UWP;BAT->?,DCV
syllogism,Statement 1: All birds are foods. Statement 2: No foods are cats. Conclusion: No birds are cats. Is the conclusion valid?,All birds are foods|No foods are cats|No birds are cats,valid
blood_relation,Anjali is Divya's father. Divya is Arjun's mother. How is Anjali related to Arjun?,Anjali|father|Divya;Divya|mother|Arjun,grandfather
direction_sense,"Sneha walks 2km east, then 8km south. How far is Sneha from the starting point?",2km east;8km south,8.25
coding_decoding,"If SUN is coded as TVO, how is KEY coded?",SUN->TVO;KEY->?,LFZ
syllogism,Statement 1: No plants are cars. Statement 2: Some cars are pets. Conclusion: Some pets are not plants. Is the conclusion valid?,No plants are cars|Some cars are pets|Some pets are not plants,valid
blood_relation,Vikram is Suresh's son. Suresh is Meera's son. How is Vikram related to Meera?,Vikram|son|Suresh;Suresh|son|Meera,grandson
direction_sense,"Anjali walks 3km south, then 8km south. How far is Anjali from the starting point?",3km south;8km south,11.0
coding_decoding,"If CUP is coded as GYT, how is JAM coded?",CUP->GYT;JAM->?,NEQ
syllogism,Statement 1: Some animals are fruits. Statement 2: All fruits are vehicles. Conclusion: Some animals are vehicles. Is the conclusion valid?,Some animals are fruits|All fruits are vehicles|Some animals are vehicles,valid
blood_relation,Sneha is Meera's mother. Meera is Priya's mother. How is Sneha related to Priya?,Sneha|mother|Meera;Meera|mother|Priya,grandmother
direction_sense,"Pooja walks 9km north, then 5km south, then 9km south. How far is Pooja from the starting point?",9km north;5km south;9km south,5.0
coding_decoding,"If PEN is coded as RGP, how is BOX coded?",PEN->RGP;BOX->?,DQZ
syllogism,Statement 1: No dogs are mammals. Statement 2: Some mammals are cars. Conclusion: Some cars are not dogs. Is the conclusion valid?,No dogs are mammals|Some mammals are cars|Some cars are not dogs,valid
blood_relation,Meera is Anjali's father. Anjali is Suresh's mother. How is Meera related to Suresh?,Meera|father|Anjali;Anjali|mother|Suresh,grandfather
direction_sense,"Manoj walks 2km west, then 4km west, then 5km south. How far is Manoj from the starting point?",2km west;4km west;5km south,7.81
coding_decoding,"If PEN is coded as SHQ, how is KEY coded?",PEN->SHQ;KEY->?,NHB
syllogism,Statement 1: All birds are mammals. Statement 2: No mammals are pets. Conclusion: No birds are pets. Is the conclusion valid?,All birds are mammals|No mammals are pets|No birds are pets,valid
blood_relation,Riya is Suresh's daughter. Suresh is Pooja's daughter. How is Riya related to Pooja?,Riya|daughter|Suresh;Suresh|daughter|Pooja,granddaughter
direction_sense,"Vikram walks 7km west, then 8km east. How far is Vikram from the starting point?",7km west;8km east,1.0
coding_decoding,"If SUN is coded as TVO, how is BOX coded?",SUN->TVO;BOX->?,CPY
syllogism,Statement 1: All flowers are cars. Statement 2: All cars are fruits. Conclusion: All flowers are fruits. Is the conclusion valid?,All flowers are cars|All cars are fruits|All flowers are fruits,valid
blood_relation,Nikhil is Suresh's son. Suresh is Arjun's son. How is Nikhil related to Arjun?,Nikhil|son|Suresh;Suresh|son|Arjun,grandson
direction_sense,"Sneha walks 10km south, then 2km north. How far is Sneha from the starting point?",10km south;2km north,8.0
coding_decoding,"If SUN is coded as TVO, how is BOX coded?",SUN->TVO;BOX->?,CPY
syllogism,Statement 1: No dogs are plants. Statement 2: Some plants are vehicles. Conclusion: Some vehicles are not dogs. Is the conclusion valid?,No dogs are plants|Some plants are vehicles|Some vehicles are not dogs,valid
blood_relation,Sneha is Pooja's mother. Pooja is Anjali's father. How is Sneha related to Anjali?,Sneha|mother|Pooja;Pooja|father|Anjali,grandmother
direction_sense,"Meera walks 3km east, then 3km south. How far is Meera from the starting point?",3km east;3km south,4.24
coding_decoding,"If CUP is coded as DVQ, how is TOP coded?",CUP->DVQ;TOP->?,UPQ
syllogism,Statement 1: No plants are dogs. Statement 2: Some dogs are fruits. Conclusion: Some fruits are not plants. Is the conclusion valid?,No plants are dogs|Some dogs are fruits|Some fruits are not plants,valid
blood_relation,Amit is Sneha's father. Sneha is Anjali's father. How is Amit related to Anjali?,Amit|father|Sneha;Sneha|father|Anjali,grandfather
direction_sense,"Manoj walks 4km north, then 4km east. How far is Manoj from the starting point?",4km north;4km east,5.66
coding_decoding,"If CAT is coded as GEX, how is COW coded?",CAT->GEX;COW->?,GSA
syllogism,Statement 1: All pets are cats. Statement 2: All cats are dogs. Conclusion: All pets are dogs. Is the conclusion valid?,All pets are cats|All cats are dogs|All pets are dogs,valid
blood_relation,Suresh is Manoj's son. Manoj is Amit's daughter. How is Suresh related to Amit?,Suresh|son|Manoj;Manoj|daughter|Amit,grandson
direction_sense,"Arjun walks 2km south, then 4km west, then 4km west. How far is Arjun from the starting point?",2km south;4km west;4km west,8.25
coding_decoding,"If SUN is coded as VXQ, how is LOG coded?",SUN->VXQ;LOG->?,ORJ
syllogism,Statement 1: No cats are plants. Statement 2: Some plants are dogs. Conclusion: Some dogs are not cats. Is the conclusion valid?,No cats are plants|Some plants are dogs|Some dogs are not cats,valid
blood_relation,Pooja is Sneha's father. Sneha is Amit's father. How is Pooja related to Amit?,Pooja|father|Sneha;Sneha|father|Amit,grandfather
direction_sense,"Vikram walks 2km east, then 5km east, then 4km south. How far is Vikram from the starting point?",2km east;5km east;4km south,8.06
coding_decoding,"If BAT is coded as GFY, how is TOP coded?",BAT->GFY;TOP->?,YTU
syllogism,Statement 1: No cars are dogs. Statement 2: Some dogs are vehicles. Conclusion: Some vehicles are not cars. Is the conclusion valid?,No cars are dogs|Some dogs are vehicles|Some vehicles are not cars,valid
blood_relation,Nikhil is Vikram's father. Vikram is Meera's mother. How is Nikhil related to Meera?,Nikhil|father|Vikram;Vikram|mother|Meera,grandfather
direction_sense,"Kavya walks 7km east, then 2km north, then 6km east. How far is Kavya from the starting point?",7km east;2km north;6km east,13.15
coding_decoding,"If FAN is coded as GBO, how is TOP coded?",FAN->GBO;TOP->?,UPQ
syllogism,Statement 1: All dogs are vehicles. Statement 2: All vehicles are plants. Conclusion: All dogs are plants. Is the conclusion valid?,All dogs are vehicles|All vehicles are plants|All dogs are plants,valid
blood_relation,Rohit is Karan's daughter. Karan is Divya's son. How is Rohit related to Divya?,Rohit|daughter|Karan;Karan|son|Divya,granddaughter
direction_sense,"Amit walks 4km south, then 9km west. How far is Amit from the starting point?",4km south;9km west,9.85
coding_decoding,"If BAT is coded as FEX, how is LOG coded?",BAT->FEX;LOG->?,PSK
syllogism,Statement 1: No pets are cats. Statement 2: Some cats are birds. Conclusion: Some birds are not pets. Is the conclusion valid?,No pets are cats|Some cats are birds|Some birds are not pets,valid
blood_relation,Manoj is Rohit's son. Rohit is Priya's son. How is Manoj related to Priya?,Manoj|son|Rohit;Rohit|son|Priya,grandson
direction_sense,"Amit walks 7km east, then 8km west. How far is Amit from the starting point?",7km east;8km west,1.0
coding_decoding,"If CAT is coded as DBU, how is RUN coded?",CAT->DBU;RUN->?,SVO
syllogism,Statement 1: Some fruits are birds. Statement 2: Some birds are foods. Conclusion: Some fruits are foods. Is the conclusion valid?,Some fruits are birds|Some birds are foods|Some fruits are foods,invalid
blood_relation,Pooja is Riya's daughter. Riya is Anjali's daughter. How is Pooja related to Anjali?,Pooja|daughter|Riya;Riya|daughter|Anjali,granddaughter
direction_sense,"Divya walks 7km west, then 4km east, then 5km north. How far is Divya from the starting point?",7km west;4km east;5km north,5.83
coding_decoding,"If CAT is coded as GEX, how is COW coded?",CAT->GEX;COW->?,GSA
syllogism,Statement 1: All dogs are pets. Statement 2: All pets are fruits. Conclusion: All dogs are fruits. Is the conclusion valid?,All dogs are pets|All pets are fruits|All dogs are fruits,valid
blood_relation,Manoj is Anjali's daughter. Anjali is Vikram's daughter. How is Manoj related to Vikram?,Manoj|daughter|Anjali;Anjali|daughter|Vikram,granddaughter
direction_sense,"Divya walks 9km south, then 3km south. How far is Divya from the starting point?",9km south;3km south,12.0
coding_decoding,"If CAT is coded as FDW, how is KEY coded?",CAT->FDW;KEY->?,NHB
syllogism,Statement 1: All birds are dogs. Statement 2: No dogs are cars. Conclusion: No birds are cars. Is the conclusion valid?,All birds are dogs|No dogs are cars|No birds are cars,valid
blood_relation,Nikhil is Amit's mother. Amit is Anjali's mother. How is Nikhil related to Anjali?,Nikhil|mother|Amit;Amit|mother|Anjali,grandmother
direction_sense,"Manoj walks 3km north, then 4km north, then 3km south. How far is Manoj from the starting point?",3km north;4km north;3km south,4.0
coding_decoding,"If SUN is coded as XZS, how is TOP coded?",SUN->XZS;TOP->?,YTU
syllogism,Statement 1: All vehicles are cats. Statement 2: All cats are mammals. Conclusion: All vehicles are mammals. Is the conclusion valid?,All vehicles are cats|All cats are mammals|All vehicles are mammals,valid
blood_relation,Divya is Manoj's son. Manoj is Meera's son. How is Divya related to Meera?,Divya|son|Manoj;Manoj|son|Meera,grandson
direction_sense,"Riya walks 7km north, then 6km east. How far is Riya from the starting point?",7km north;6km east,9.22
coding_decoding,"If MAP is coded as OCR, how is KEY coded?",MAP->OCR;KEY->?,MGA
syllogism,Statement 1: No mammals are fruits. Statement 2: Some fruits are vehicles. Conclusion: Some vehicles are not mammals. Is the conclusion valid?,No mammals are fruits|Some fruits are vehicles|Some vehicles are not mammals,valid
blood_relation,Priya is Sneha's mother. Sneha is Anjali's mother. How is Priya related to Anjali?,Priya|mother|Sneha;Sneha|mother|Anjali,grandmother
direction_sense,"Riya walks 9km south, then 5km east. How far is Riya from the starting point?",9km south;5km east,10.3
coding_decoding,"If CUP is coded as FXS, how is RUN coded?",CUP->FXS;RUN->?,UXQ
syllogism,Statement 1: All foods are birds. Statement 2: All birds are flowers. Conclusion: All foods are flowers. Is the conclusion valid?,All foods are birds|All birds are flowers|All foods are flowers,valid
blood_relation,Divya is Nikhil's father. Nikhil is Manoj's mother. How is Divya related to Manoj?,Divya|father|Nikhil;Nikhil|mother|Manoj,grandfather
direction_sense,"Karan walks 7km west, then 5km west, then 10km east. How far is Karan from the starting point?",7km west;5km west;10km east,2.0
coding_decoding,"If CAT is coded as DBU, how is JAM coded?",CAT->DBU;JAM->?,KBN
syllogism,Statement 1: No dogs are foods. Statement 2: Some foods are fruits. Conclusion: Some fruits are not dogs. Is the conclusion valid?,No dogs are foods|Some foods are fruits|Some fruits are not dogs,valid
blood_relation,Manoj is Vikram's daughter. Vikram is Karan's daughter. How is Manoj related to Karan?,Manoj|daughter|Vikram;Vikram|daughter|Karan,granddaughter
direction_sense,"Vikram walks 8km north, then 2km east, then 2km south. How far is Vikram from the starting point?",8km north;2km east;2km south,6.32
coding_decoding,"If PEN is coded as TIR, how is JAM coded?",PEN->TIR;JAM->?,NEQ
syllogism,Statement 1: All mammals are cars. Statement 2: All cars are dogs. Conclusion: All mammals are dogs. Is the conclusion valid?,All mammals are cars|All cars are dogs|All mammals are dogs,valid
blood_relation,Riya is Meera's son. Meera is Anjali's son. How is Riya related to Anjali?,Riya|son|Meera;Meera|son|Anjali,grandson
direction_sense,"Anjali walks 4km south, then 7km east. How far is Anjali from the starting point?",4km south;7km east,8.06
coding_decoding,"If PEN is coded as RGP, how is KEY coded?",PEN->RGP;KEY->?,MGA
syllogism,Statement 1: Some animals are fruits. Statement 2: Some fruits are vehicles. Conclusion: Some animals are vehicles. Is the conclusion valid?,Some animals are fruits|Some fruits are vehicles|Some animals are vehicles,invalid
blood_relation,Anjali is Amit's father. Amit is Priya's mother. How is Anjali related to Priya?,Anjali|father|Amit;Amit|mother|Priya,grandfather
direction_sense,"Pooja walks 10km north, then 8km south. How far is Pooja from the starting point?",10km north;8km south,2.0
coding_decoding,"If DOG is coded as ITL, how is TOP coded?",DOG->ITL;TOP->?,YTU
syllogism,Statement 1: Some cats are plants. Statement 2: Some plants are animals. Conclusion: Some cats are animals. Is the conclusion valid?,Some cats are plants|Some plants are animals|Some cats are animals,invalid
blood_relation,Kavya is Arjun's mother. Arjun is Pooja's mother. How is Kavya related to Pooja?,Kavya|mother|Arjun;Arjun|mother|Pooja,grandmother
direction_sense,"Manoj walks 6km south, then 2km north. How far is Manoj from the starting point?",6km south;2km north,4.0
coding_decoding,"If BAT is coded as EDW, how is LOG coded?",BAT->EDW;LOG->?,ORJ
syllogism,Statement 1: All pets are cars. Statement 2: All cars are cats. Conclusion: All pets are cats. Is the conclusion valid?,All pets are cars|All cars are cats|All pets are cats,valid
blood_relation,Karan is Nikhil's son. Nikhil is Sneha's son. How is Karan related to Sneha?,Karan|son|Nikhil;Nikhil|son|Sneha,grandson
direction_sense,"Priya walks 3km east, then 8km south, then 4km south. How far is Priya from the starting point?",3km east;8km south;4km south,12.37
coding_decoding,"If BAT is coded as CBU, how is KEY coded?",BAT->CBU;KEY->?,LFZ
syllogism,Statement 1: Some cats are mammals. Statement 2: All mammals are fruits. Conclusion: Some cats are fruits. Is the conclusion valid?,Some cats are mammals|All mammals are fruits|Some cats are fruits,valid
blood_relation,Pooja is Priya's son. Priya is Nikhil's son. How is Pooja related to Nikhil?,Pooja|son|Priya;Priya|son|Nikhil,grandson
direction_sense,"Kavya walks 6km east, then 5km west, then 9km west. How far is Kavya from the starting point?",6km east;5km west;9km west,8.0
coding_decoding,"If MAP is coded as PDS, how is KEY coded?",MAP->PDS;KEY->?,NHB
syllogism,Statement 1: All vehicles are flowers. Statement 2: All flowers are mammals. Conclusion: All vehicles are mammals. Is the conclusion valid?,All vehicles are flowers|All flowers are mammals|All vehicles are mammals,valid
blood_relation,Divya is Nikhil's mother. Nikhil is Vikram's mother. How is Divya related to Vikram?,Divya|mother|Nikhil;Nikhil|mother|Vikram,grandmother
direction_sense,"Kavya walks 4km east, then 8km north. How far is Kavya from the starting point?",4km east;8km north,8.94
coding_decoding,"If CAT is coded as FDW, how is TOP coded?",CAT->FDW;TOP->?,WRS
syllogism,Statement 1: No plants are animals. Statement 2: Some animals are pets. Conclusion: Some pets are not plants. Is the conclusion valid?,No plants are animals|Some animals are pets|Some pets are not plants,valid
blood_relation,Kavya is Pooja's son. Pooja is Amit's daughter. How is Kavya related to Amit?,Kavya|son|Pooja;Pooja|daughter|Amit,grandson
direction_sense,"Divya walks 2km east, then 10km south, then 6km west. How far is Divya from the starting point?",2km east;10km south;6km west,10.77
coding_decoding,"If MAP is coded as PDS, how is BAT coded?",MAP->PDS;BAT->?,EDW
syllogism,Statement 1: Some animals are cats. Statement 2: Some cats are dogs. Conclusion: Some animals are dogs. Is the conclusion valid?,Some animals are cats|Some cats are dogs|Some animals are dogs,invalid
blood_relation,Kavya is Vikram's father. Vikram is Riya's father. How is Kavya related to Riya?,Kavya|father|Vikram;Vikram|father|Riya,grandfather
direction_sense,"Arjun walks 4km east, then 9km north. How far is Arjun from the starting point?",4km east;9km north,9.85
coding_decoding,"If SUN is coded as WYR, how is BAT coded?",SUN->WYR;BAT->?,FEX
syllogism,Statement 1: Some animals are plants. Statement 2: All plants are vehicles. Conclusion: Some animals are vehicles. Is the conclusion valid?,Some animals are plants|All plants are vehicles|Some animals are vehicles,valid
blood_relation,Sneha is Amit's mother. Amit is Suresh's mother. How is Sneha related to Suresh?,Sneha|mother|Amit;Amit|mother|Suresh,grandmother
direction_sense,"Suresh walks 10km east, then 7km west. How far is Suresh from the starting point?",10km east;7km west,3.0
coding_decoding,"If CAT is coded as HFY, how is LOG coded?",CAT->HFY;LOG->?,QTL
syllogism,Statement 1: All vehicles are cats. Statement 2: No cats are flowers. Conclusion: No vehicles are flowers. Is the conclusion valid?,All vehicles are cats|No cats are flowers|No vehicles are flowers,valid
blood_relation,Amit is Arjun's son. Arjun is Rohit's daughter. How is Amit related to Rohit?,Amit|son|Arjun;Arjun|daughter|Rohit,grandson
direction_sense,"Amit walks 10km south, then 10km north, then 6km west. How far is Amit from the starting point?",10km south;10km north;6km west,6.0
coding_decoding,"If SUN is coded as WYR, how is BAT coded?",SUN->WYR;BAT->?,FEX
syllogism,Statement 1: All fruits are birds. Statement 2: All birds are cats. Conclusion: All fruits are cats. Is the conclusion valid?,All fruits are birds|All birds are cats|All fruits are cats,valid
blood_relation,Kavya is Suresh's daughter. Suresh is Sneha's son. How is Kavya related to Sneha?,Kavya|daughter|Suresh;Suresh|son|Sneha,granddaughter
direction_sense,"Sneha walks 5km north, then 5km east, then 5km east. How far is Sneha from the starting point?",5km north;5km east;5km east,11.18
coding_decoding,"If CUP is coded as HZU, how is JAM coded?",CUP->HZU;JAM->?,OFR
syllogism,Statement 1: No cars are plants. Statement 2: Some plants are cats. Conclusion: Some cats are not cars. Is the conclusion valid?,No cars are plants|Some plants are cats|Some cats are not cars,valid
blood_relation,Vikram is Kavya's mother. Kavya is Meera's mother. How is Vikram related to Meera?,Vikram|mother|Kavya;Kavya|mother|Meera,grandmother
direction_sense,"Meera walks 3km south, then 4km south. How far is Meera from the starting point?",3km south;4km south,7.0
coding_decoding,"If PEN is coded as SHQ, how is RUN coded?",PEN->SHQ;RUN->?,UXQ
syllogism,Statement 1: No cars are flowers. Statement 2: Some flowers are mammals. Conclusion: Some mammals are not cars. Is the conclusion valid?,No cars are flowers|Some flowers are mammals|Some mammals are not cars,valid
blood_relation,Divya is Manoj's father. Manoj is Amit's father. How is Divya related to Amit?,Divya|father|Manoj;Manoj|father|Amit,grandfather
direction_sense,"Pooja walks 9km east, then 6km north, then 8km north. How far is Pooja from the starting point?",9km east;6km north;8km north,16.64
coding_decoding,"If DOG is coded as FQI, how is BAT coded?",DOG->FQI;BAT->?,DCV
syllogism,Statement 1: Some foods are vehicles. Statement 2: All vehicles are dogs. Conclusion: Some foods are dogs. Is the conclusion valid?,Some foods are vehicles|All vehicles are dogs|Some foods are dogs,valid
blood_relation,Rohit is Suresh's son. Suresh is Meera's son. How is Rohit related to Meera?,Rohit|son|Suresh;Suresh|son|Meera,grandson
direction_sense,"Suresh walks 5km west, then 6km north, then 9km north. How far is Suresh from the starting point?",5km west;6km north;9km north,15.81
coding_decoding,"If SUN is coded as XZS, how is BAT coded?",SUN->XZS;BAT->?,GFY
syllogism,Statement 1: No fruits are animals. Statement 2: Some animals are foods. Conclusion: Some foods are not fruits. Is the conclusion valid?,No fruits are animals|Some animals are foods|Some foods are not fruits,valid
blood_relation,Priya is Kavya's father. Kavya is Karan's mother. How is Priya related to Karan?,Priya|father|Kavya;Kavya|mother|Karan,grandfather
direction_sense,"Arjun walks 9km east, then 7km west, then 8km west. How far is Arjun from the starting point?",9km east;7km west;8km west,6.0
coding_decoding,"If CUP is coded as DVQ, how is RUN coded?",CUP->DVQ;RUN->?,SVO
syllogism,Statement 1: Some cats are dogs. Statement 2: Some dogs are foods. Conclusion: Some cats are foods. Is the conclusion valid?,Some cats are dogs|Some dogs are foods|Some cats are foods,invalid
blood_relation,Riya is Rohit's daughter. Rohit is Sneha's daughter. How is Riya related to Sneha?,Riya|daughter|Rohit;Rohit|daughter|Sneha,granddaughter
direction_sense,"Meera walks 2km east, then 7km south. How far is Meera from the starting point?",2km east;7km south,7.28
coding_decoding,"If FAN is coded as GBO, how is RUN coded?",FAN->GBO;RUN->?,SVO
syllogism,Statement 1: No birds are plants. Statement 2: Some plants are cars. Conclusion: Some cars are not birds. Is the conclusion valid?,No birds are plants|Some plants are cars|Some cars are not birds,valid
blood_relation,Nikhil is Vikram's daughter. Vikram is Riya's son. How is Nikhil related to Riya?,Nikhil|daughter|Vikram;Vikram|son|Riya,granddaughter
direction_sense,"Manoj walks 10km north, then 7km east. How far is Manoj from the starting point?",10km north;7km east,12.21
coding_decoding,"If MAP is coded as OCR, how is BOX coded?",MAP->OCR;BOX->?,DQZ
syllogism,Statement 1: Some pets are dogs. Statement 2: All dogs are cats. Conclusion: Some pets are cats. Is the conclusion valid?,Some pets are dogs|All dogs are cats|Some pets are cats,valid
blood_relation,Anjali is Manoj's mother. Manoj is Rohit's father. How is Anjali related to Rohit?,Anjali|mother|Manoj;Manoj|father|Rohit,grandmother
direction_sense,"Suresh walks 10km south, then 10km west, then 6km west. How far is Suresh from the starting point?",10km south;10km west;6km west,18.87
coding_decoding,"If BAT is coded as CBU, how is BOX coded?",BAT->CBU;BOX->?,CPY
syllogism,Statement 1: All dogs are animals. Statement 2: All animals are fruits. Conclusion: All dogs are fruits. Is the conclusion valid?,All dogs are animals|All animals are fruits|All dogs are fruits,valid
blood_relation,Anjali is Pooja's daughter. Pooja is Rohit's daughter. How is Anjali related to Rohit?,Anjali|daughter|Pooja;Pooja|daughter|Rohit,granddaughter
direction_sense,"Vikram walks 5km south, then 6km south. How far is Vikram from the starting point?",5km south;6km south,11.0
coding_decoding,"If MAP is coded as OCR, how is BOX coded?",MAP->OCR;BOX->?,DQZ
syllogism,Statement 1: Some animals are cars. Statement 2: Some cars are foods. Conclusion: Some animals are foods. Is the conclusion valid?,Some animals are cars|Some cars are foods|Some animals are foods,invalid
blood_relation,Anjali is Rohit's son. Rohit is Manoj's daughter. How is Anjali related to Manoj?,Anjali|son|Rohit;Rohit|daughter|Manoj,grandson
direction_sense,"Nikhil walks 10km east, then 3km north. How far is Nikhil from the starting point?",10km east;3km north,10.44
coding_decoding,"If MAP is coded as NBQ, how is KEY coded?",MAP->NBQ;KEY->?,LFZ
syllogism,Statement 1: All foods are mammals. Statement 2: All mammals are fruits. Conclusion: All foods are fruits. Is the conclusion valid?,All foods are mammals|All mammals are fruits|All foods are fruits,valid
blood_relation,Anjali is Suresh's daughter. Suresh is Karan's son. How is Anjali related to Karan?,Anjali|daughter|Suresh;Suresh|son|Karan,granddaughter
direction_sense,"Pooja walks 10km west, then 4km west. How far is Pooja from the starting point?",10km west;4km west,14.0
coding_decoding,"If SUN is coded as WYR, how is BOX coded?",SUN->WYR;BOX->?,FSB
syllogism,Statement 1: All animals are pets. Statement 2: No pets are dogs. Conclusion: No animals are dogs. Is the conclusion valid?,All animals are pets|No pets are dogs|No animals are dogs,valid
blood_relation,Vikram is Pooja's mother. Pooja is Anjali's father. How is Vikram related to Anjali?,Vikram|mother|Pooja;Pooja|father|Anjali,grandmother
direction_sense,"Nikhil walks 8km east, then 4km south, then 4km west. How far is Nikhil from the starting point?",8km east;4km south;4km west,5.66
coding_decoding,"If PEN is coded as TIR, how is COW coded?",PEN->TIR;COW->?,GSA
syllogism,Statement 1: All plants are mammals. Statement 2: All mammals are cars. Conclusion: All plants are cars. Is the conclusion valid?,All plants are mammals|All mammals are cars|All plants are cars,valid
blood_relation,Rohit is Divya's son. Divya is Sneha's daughter. How is Rohit related to Sneha?,Rohit|son|Divya;Divya|daughter|Sneha,grandson
direction_sense,"Priya walks 8km north, then 8km east, then 4km west. How far is Priya from the starting point?",8km north;8km east;4km west,8.94
coding_decoding,"If FAN is coded as GBO, how is BAT coded?",FAN->GBO;BAT->?,CBU
syllogism,Statement 1: All fruits are cars. Statement 2: All cars are animals. Conclusion: All fruits are animals. Is the conclusion valid?,All fruits are cars|All cars are animals|All fruits are animals,valid
blood_relation,Arjun is Suresh's daughter. Suresh is Vikram's son. How is Arjun related to Vikram?,Arjun|daughter|Suresh;Suresh|son|Vikram,granddaughter
direction_sense,"Amit walks 5km east, then 2km south, then 2km east. How far is Amit from the starting point?",5km east;2km south;2km east,7.28
coding_decoding,"If SUN is coded as UWP, how is COW coded?",SUN->UWP;COW->?,EQY
syllogism,Statement 1: All fruits are cats. Statement 2: All cats are pets. Conclusion: All fruits are pets. Is the conclusion valid?,All fruits are cats|All cats are pets|All fruits are pets,valid
blood_relation,Pooja is Anjali's daughter. Anjali is Arjun's daughter. How is Pooja related to Arjun?,Pooja|daughter|Anjali;Anjali|daughter|Arjun,granddaughter
direction_sense,"Karan walks 8km north, then 2km south, then 6km south. How far is Karan from the starting point?",8km north;2km south;6km south,0.0
coding_decoding,"If FAN is coded as HCP, how is KEY coded?",FAN->HCP;KEY->?,MGA
syllogism,Statement 1: Some dogs are vehicles. Statement 2: Some vehicles are pets. Conclusion: Some dogs are pets. Is the conclusion valid?,Some dogs are vehicles|Some vehicles are pets|Some dogs are pets,invalid
blood_relation,Kavya is Vikram's mother. Vikram is Suresh's mother. How is Kavya related to Suresh?,Kavya|mother|Vikram;Vikram|mother|Suresh,grandmother
direction_sense,"Amit walks 9km south, then 10km west. How far is Amit from the starting point?",9km south;10km west,13.45
coding_decoding,"If SUN is coded as XZS, how is COW coded?",SUN->XZS;COW->?,HTB
syllogism,Statement 1: No animals are flowers. Statement 2: Some flowers are fruits. Conclusion: Some fruits are not animals. Is the conclusion valid?,No animals are flowers|Some flowers are fruits|Some fruits are not animals,valid
blood_relation,Amit is Arjun's mother. Arjun is Meera's mother. How is Amit related to Meera?,Amit|mother|Arjun;Arjun|mother|Meera,grandmother
direction_sense,"Priya walks 4km south, then 3km north. How far is Priya from the starting point?",4km south;3km north,1.0
coding_decoding,"If SUN is coded as TVO, how is BOX coded?",SUN->TVO;BOX->?,CPY
syllogism,Statement 1: No vehicles are fruits. Statement 2: Some fruits are animals. Conclusion: Some animals are not vehicles. Is the conclusion valid?,No vehicles are fruits|Some fruits are animals|Some animals are not vehicles,valid
blood_relation,Vikram is Anjali's son. Anjali is Karan's son. How is Vikram related to Karan?,Vikram|son|Anjali;Anjali|son|Karan,grandson
direction_sense,"Pooja walks 3km west, then 8km east, then 7km north. How far is Pooja from the starting point?",3km west;8km east;7km north,8.6
coding_decoding,"If MAP is coded as RFU, how is TOP coded?",MAP->RFU;TOP->?,YTU
syllogism,Statement 1: All pets are cats. Statement 2: No cats are vehicles. Conclusion: No pets are vehicles. Is the conclusion valid?,All pets are cats|No cats are vehicles|No pets are vehicles,valid
blood_relation,Pooja is Riya's father. Riya is Nikhil's mother. How is Pooja related to Nikhil?,Pooja|father|Riya;Riya|mother|Nikhil,grandfather
direction_sense,"Nikhil walks 4km south, then 3km west. How far is Nikhil from the starting point?",4km south;3km west,5.0
coding_decoding,"If DOG is coded as EPH, how is TOP coded?",DOG->EPH;TOP->?,UPQ
syllogism,Statement 1: No cars are dogs. Statement 2: Some dogs are animals. Conclusion: Some animals are not cars. Is the conclusion valid?,No cars are dogs|Some dogs are animals|Some animals are not cars,valid
blood_relation,Suresh is Meera's daughter. Meera is Pooja's son. How is Suresh related to Pooja?,Suresh|daughter|Meera;Meera|son|Pooja,granddaughter
direction_sense,"Priya walks 8km south, then 5km north. How far is Priya from the starting point?",8km south;5km north,3.0
coding_decoding,"If DOG is coded as GRJ, how is JAM coded?",DOG->GRJ;JAM->?,MDP
syllogism,Statement 1: Some animals are plants. Statement 2: All plants are fruits. Conclusion: Some animals are fruits. Is the conclusion valid?,Some animals are plants|All plants are fruits|Some animals are fruits,valid
blood_relation,Pooja is Arjun's father. Arjun is Manoj's mother. How is Pooja related to Manoj?,Pooja|father|Arjun;Arjun|mother|Manoj,grandfather
direction_sense,"Divya walks 9km west, then 9km south. How far is Divya from the starting point?",9km west;9km south,12.73
coding_decoding,"If DOG is coded as FQI, how is BAT coded?",DOG->FQI;BAT->?,DCV
syllogism,Statement 1: Some vehicles are dogs. Statement 2: All dogs are mammals. Conclusion: Some vehicles are mammals. Is the conclusion valid?,Some vehicles are dogs|All dogs are mammals|Some vehicles are mammals,valid
blood_relation,Riya is Kavya's son. Kavya is Suresh's daughter. How is Riya related to Suresh?,Riya|son|Kavya;Kavya|daughter|Suresh,grandson
direction_sense,"Pooja walks 7km north, then 3km west. How far is Pooja from the starting point?",7km north;3km west,7.62
coding_decoding,"If PEN is coded as RGP, how is BOX coded?",PEN->RGP;BOX->?,DQZ
syllogism,Statement 1: Some cars are cats. Statement 2: All cats are foods. Conclusion: Some cars are foods. Is the conclusion valid?,Some cars are cats|All cats are foods|Some cars are foods,valid
blood_relation,Kavya is Nikhil's father. Nikhil is Arjun's father. How is Kavya related to Arjun?,Kavya|father|Nikhil;Nikhil|father|Arjun,grandfather
direction_sense,"Arjun walks 6km north, then 4km south. How far is Arjun from the starting point?",6km north;4km south,2.0
coding_decoding,"If CAT is coded as FDW, how is JAM coded?",CAT->FDW;JAM->?,MDP
syllogism,Statement 1: Some cats are animals. Statement 2: Some animals are mammals. Conclusion: Some cats are mammals. Is the conclusion valid?,Some cats are animals|Some animals are mammals|Some cats are mammals,invalid
blood_relation,Karan is Kavya's daughter. Kavya is Divya's son. How is Karan related to Divya?,Karan|daughter|Kavya;Kavya|son|Divya,granddaughter
direction_sense,"Meera walks 9km west, then 10km east, then 6km south. How far is Meera from the starting point?",9km west;10km east;6km south,6.08
coding_decoding,"If CAT is coded as ECV, how is TOP coded?",CAT->ECV;TOP->?,VQR
syllogism,Statement 1: Some foods are pets. Statement 2: All pets are flowers. Conclusion: Some foods are flowers. Is the conclusion valid?,Some foods are pets|All pets are flowers|Some foods are flowers,valid
blood_relation,Vikram is Arjun's father. Arjun is Rohit's mother. How is Vikram related to Rohit?,Vikram|father|Arjun;Arjun|mother|Rohit,grandfather
direction_sense,"Sneha walks 2km north, then 6km north, then 5km east. How far is Sneha from the starting point?",2km north;6km north;5km east,9.43
coding_decoding,"If SUN is coded as WYR, how is COW coded?",SUN->WYR;COW->?,GSA
syllogism,Statement 1: No dogs are flowers. Statement 2: Some flowers are cats. Conclusion: Some cats are not dogs. Is the conclusion valid?,No dogs are flowers|Some flowers are cats|Some cats are not dogs,valid
blood_relation,Riya is Karan's mother. Karan is Sneha's mother. How is Riya related to Sneha?,Riya|mother|Karan;Karan|mother|Sneha,grandmother
direction_sense,"Riya walks 2km north, then 6km west, then 3km east. How far is Riya from the starting point?",2km north;6km west;3km east,3.61
coding_decoding,"If CAT is coded as ECV, how is BOX coded?",CAT->ECV;BOX->?,DQZ
syllogism,Statement 1: Some flowers are cars. Statement 2: Some cars are plants. Conclusion: Some flowers are plants. Is the conclusion valid?,Some flowers are cars|Some cars are plants|Some flowers are plants,invalid
blood_relation,Divya is Amit's son. Amit is Arjun's son. How is Divya related to Arjun?,Divya|son|Amit;Amit|son|Arjun,grandson
direction_sense,"Meera walks 3km east, then 2km north, then 9km south. How far is Meera from the starting point?",3km east;2km north;9km south,7.62
coding_decoding,"If FAN is coded as KFS, how is JAM coded?",FAN->KFS;JAM->?,OFR
syllogism,Statement 1: No animals are plants. Statement 2: Some plants are vehicles. Conclusion: Some vehicles are not animals. Is the conclusion valid?,No animals are plants|Some plants are vehicles|Some vehicles are not animals,valid
blood_relation,Vikram is Riya's daughter. Riya is Sneha's son. How is Vikram related to Sneha?,Vikram|daughter|Riya;Riya|son|Sneha,granddaughter
direction_sense,"Sneha walks 4km west, then 8km south. How far is Sneha from the starting point?",4km west;8km south,8.94
coding_decoding,"If CUP is coded as EWR, how is BAT coded?",CUP->EWR;BAT->?,DCV
syllogism,Statement 1: No pets are vehicles. Statement 2: Some vehicles are animals. Conclusion: Some animals are not pets. Is the conclusion valid?,No pets are vehicles|Some vehicles are animals|Some animals are not pets,valid
blood_relation,Priya is Suresh's son. Suresh is Sneha's daughter. How is Priya related to Sneha?,Priya|son|Suresh;Suresh|daughter|Sneha,grandson
direction_sense,"Kavya walks 6km north, then 3km east. How far is Kavya from the starting point?",6km north;3km east,6.71
coding_decoding,"If MAP is coded as PDS, how is RUN coded?",MAP->PDS;RUN->?,UXQ
syllogism,Statement 1: All plants are mammals. Statement 2: No mammals are animals. Conclusion: No plants are animals. Is the conclusion valid?,All plants are mammals|No mammals are animals|No plants are animals,valid
blood_relation,Pooja is Amit's mother. Amit is Divya's father. How is Pooja related to Divya?,Pooja|mother|Amit;Amit|father|Divya,grandmother
direction_sense,"Meera walks 4km west, then 2km north. How far is Meera from the starting point?",4km west;2km north,4.47
coding_decoding,"If CAT is coded as DBU, how is LOG coded?",CAT->DBU;LOG->?,MPH
syllogism,Statement 1: Some dogs are vehicles. Statement 2: Some vehicles are birds. Conclusion: Some dogs are birds. Is the conclusion valid?,Some dogs are vehicles|Some vehicles are birds|Some dogs are birds,invalid
blood_relation,Pooja is Nikhil's daughter. Nikhil is Karan's son. How is Pooja related to Karan?,Pooja|daughter|Nikhil;Nikhil|son|Karan,granddaughter
direction_sense,"Vikram walks 3km west, then 8km south, then 3km north. How far is Vikram from the starting point?",3km west;8km south;3km north,5.83
coding_decoding,"If SUN is coded as WYR, how is BAT coded?",SUN->WYR;BAT->?,FEX
syllogism,Statement 1: Some animals are foods. Statement 2: All foods are cats. Conclusion: Some animals are cats. Is the conclusion valid?,Some animals are foods|All foods are cats|Some animals are cats,valid
blood_relation,Suresh is Amit's father. Amit is Nikhil's father. How is Suresh related to Nikhil?,Suresh|father|Amit;Amit|father|Nikhil,grandfather
direction_sense,"Suresh walks 7km east, then 10km west. How far is Suresh from the starting point?",7km east;10km west,3.0
coding_decoding,"If MAP is coded as NBQ, how is RUN coded?",MAP->NBQ;RUN->?,SVO
syllogism,Statement 1: Some birds are fruits. Statement 2: All fruits are dogs. Conclusion: Some birds are dogs. Is the conclusion valid?,Some birds are fruits|All fruits are dogs|Some birds are dogs,valid
blood_relation,Rohit is Suresh's daughter. Suresh is Manoj's son. How is Rohit related to Manoj?,Rohit|daughter|Suresh;Suresh|son|Manoj,granddaughter
direction_sense,"Riya walks 2km west, then 6km south, then 2km east. How far is Riya from the starting point?",2km west;6km south;2km east,6.0
coding_decoding,"If BAT is coded as FEX, how is KEY coded?",BAT->FEX;KEY->?,OIC
syllogism,Statement 1: Some animals are plants. Statement 2: Some plants are cats. Conclusion: Some animals are cats. Is the conclusion valid?,Some animals are plants|Some plants are cats|Some animals are cats,invalid
blood_relation,Karan is Nikhil's son. Nikhil is Riya's son. How is Karan related to Riya?,Karan|son|Nikhil;Nikhil|son|Riya,grandson
direction_sense,"Pooja walks 2km north, then 6km south, then 8km west. How far is Pooja from the starting point?",2km north;6km south;8km west,8.94
coding_decoding,"If CAT is coded as FDW, how is TOP coded?",CAT->FDW;TOP->?,WRS
syllogism,Statement 1: All pets are birds. Statement 2: No birds are dogs. Conclusion: No pets are dogs. Is the conclusion valid?,All pets are birds|No birds are dogs|No pets are dogs,valid
blood_relation,Pooja is Nikhil's mother. Nikhil is Riya's mother. How is Pooja related to Riya?,Pooja|mother|Nikhil;Nikhil|mother|Riya,grandmother
direction_sense,"Karan walks 5km north, then 6km west, then 10km west. How far is Karan from the starting point?",5km north;6km west;10km west,16.76
coding_decoding,"If PEN is coded as QFO, how is BOX coded?",PEN->QFO;BOX->?,CPY
syllogism,Statement 1: Some fruits are vehicles. Statement 2: Some vehicles are mammals. Conclusion: Some fruits are mammals. Is the conclusion valid?,Some fruits are vehicles|Some vehicles are mammals|Some fruits are mammals,invalid
blood_relation,Meera is Karan's father. Karan is Vikram's father. How is Meera related to Vikram?,Meera|father|Karan;Karan|father|Vikram,grandfather
direction_sense,"Kavya walks 3km south, then 4km west, then 5km north. How far is Kavya from the starting point?",3km south;4km west;5km north,4.47
coding_decoding,"If CAT is coded as HFY, how is BAT coded?",CAT->HFY;BAT->?,GFY
syllogism,Statement 1: All animals are mammals. Statement 2: All mammals are foods. Conclusion: All animals are foods. Is the conclusion valid?,All animals are mammals|All mammals are foods|All animals are foods,valid
blood_relation,Pooja is Vikram's son. Vikram is Suresh's son. How is Pooja related to Suresh?,Pooja|son|Vikram;Vikram|son|Suresh,grandson
direction_sense,"Rohit walks 8km east, then 2km north, then 7km north. How far is Rohit from the starting point?",8km east;2km north;7km north,12.04
coding_decoding,"If SUN is coded as UWP, how is COW coded?",SUN->UWP;COW->?,EQY
syllogism,Statement 1: No flowers are animals. Statement 2: Some animals are mammals. Conclusion: Some mammals are not flowers. Is the conclusion valid?,No flowers are animals|Some animals are mammals|Some mammals are not flowers,valid
blood_relation,Suresh is Rohit's mother. Rohit is Kavya's father. How is Suresh related to Kavya?,Suresh|mother|Rohit;Rohit|father|Kavya,grandmother
direction_sense,"Karan walks 9km east, then 6km west, then 5km south. How far is Karan from the starting point?",9km east;6km west;5km south,5.83
coding_decoding,"If CUP is coded as DVQ, how is RUN coded?",CUP->DVQ;RUN->?,SVO
syllogism,Statement 1: No foods are flowers. Statement 2: Some flowers are birds. Conclusion: Some birds are not foods. Is the conclusion valid?,No foods are flowers|Some flowers are birds|Some birds are not foods,valid
blood_relation,Rohit is Karan's mother. Karan is Riya's father. How is Rohit related to Riya?,Rohit|mother|Karan;Karan|father|Riya,grandmother
direction_sense,"Manoj walks 2km east, then 2km south, then 6km east. How far is Manoj from the starting point?",2km east;2km south;6km east,8.25
coding_decoding,"If SUN is coded as WYR, how is BOX coded?",SUN->WYR;BOX->?,FSB
syllogism,Statement 1: Some animals are cats. Statement 2: Some cats are dogs. Conclusion: Some animals are dogs. Is the conclusion valid?,Some animals are cats|Some cats are dogs|Some animals are dogs,invalid
blood_relation,Riya is Sneha's son. Sneha is Nikhil's daughter. How is Riya related to Nikhil?,Riya|son|Sneha;Sneha|daughter|Nikhil,grandson
direction_sense,"Manoj walks 6km west, then 6km north, then 3km west. How far is Manoj from the starting point?",6km west;6km north;3km west,10.82
coding_decoding,"If FAN is coded as JER, how is BAT coded?",FAN->JER;BAT->?,FEX
syllogism,Statement 1: All cars are plants. Statement 2: No plants are flowers. Conclusion: No cars are flowers. Is the conclusion valid?,All cars are plants|No plants are flowers|No cars are flowers,valid
blood_relation,Karan is Manoj's son. Manoj is Kavya's son. How is Karan related to Kavya?,Karan|son|Manoj;Manoj|son|Kavya,grandson
direction_sense,"Karan walks 6km west, then 8km west, then 5km west. How far is Karan from the starting point?",6km west;8km west;5km west,19.0
coding_decoding,"If FAN is coded as KFS, how is JAM coded?",FAN->KFS;JAM->?,OFR
syllogism,Statement 1: All vehicles are animals. Statement 2: No animals are pets. Conclusion: No vehicles are pets. Is the conclusion valid?,All vehicles are animals|No animals are pets|No vehicles are pets,valid
blood_relation,Meera is Pooja's father. Pooja is Nikhil's father. How is Meera related to Nikhil?,Meera|father|Pooja;Pooja|father|Nikhil,grandfather
direction_sense,"Meera walks 2km north, then 8km east. How far is Meera from the starting point?",2km north;8km east,8.25
coding_decoding,"If DOG is coded as GRJ, how is JAM coded?",DOG->GRJ;JAM->?,MDP
syllogism,Statement 1: All dogs are foods. Statement 2: All foods are vehicles. Conclusion: All dogs are vehicles. Is the conclusion valid?,All dogs are foods|All foods are vehicles|All dogs are vehicles,valid
blood_relation,Riya is Nikhil's son. Nikhil is Priya's son. How is Riya related to Priya?,Riya|son|Nikhil;Nikhil|son|Priya,grandson
direction_sense,"Pooja walks 2km south, then 10km east, then 3km east. How far is Pooja from the starting point?",2km south;10km east;3km east,13.15
coding_decoding,"If FAN is coded as HCP, how is JAM coded?",FAN->HCP;JAM->?,LCO
syllogism,Statement 1: No pets are cars. Statement 2: Some cars are flowers. Conclusion: Some flowers are not pets. Is the conclusion valid?,No pets are cars|Some cars are flowers|Some flowers are not pets,valid
blood_relation,Karan is Anjali's son. Anjali is Amit's daughter. How is Karan related to Amit?,Karan|son|Anjali;Anjali|daughter|Amit,grandson
direction_sense,"Pooja walks 7km south, then 8km west, then 8km west. How far is Pooja from the starting point?",7km south;8km west;8km west,17.46
coding_decoding,"If DOG is coded as FQI, how is RUN coded?",DOG->FQI;RUN->?,TWP
syllogism,Statement 1: No foods are animals. Statement 2: Some animals are fruits. Conclusion: Some fruits are not foods. Is the conclusion valid?,No foods are animals|Some animals are fruits|Some fruits are not foods,valid
blood_relation,Nikhil is Kavya's mother. Kavya is Sneha's father. How is Nikhil related to Sneha?,Nikhil|mother|Kavya;Kavya|father|Sneha,grandmother
direction_sense,"Riya walks 10km north, then 3km west. How far is Riya from the starting point?",10km north;3km west,10.44
coding_decoding,"If CUP is coded as FXS, how is JAM coded?",CUP->FXS;JAM->?,MDP
syllogism,Statement 1: No pets are foods. Statement 2: Some foods are flowers. Conclusion: Some flowers are not pets. Is the conclusion valid?,No pets are foods|Some foods are flowers|Some flowers are not pets,valid
blood_relation,Sneha is Karan's son. Karan is Suresh's daughter. How is Sneha related to Suresh?,Sneha|son|Karan;Karan|daughter|Suresh,grandson
direction_sense,"Kavya walks 10km west, then 10km west, then 8km north. How far is Kavya from the starting point?",10km west;10km west;8km north,21.54
coding_decoding,"If DOG is coded as EPH, how is COW coded?",DOG->EPH;COW->?,DPX
syllogism,Statement 1: Some mammals are dogs. Statement 2: Some dogs are birds. Conclusion: Some mammals are birds. Is the conclusion valid?,Some mammals are dogs|Some dogs are birds|Some mammals are birds,invalid
blood_relation,Rohit is Anjali's daughter. Anjali is Riya's daughter. How is Rohit related to Riya?,Rohit|daughter|Anjali;Anjali|daughter|Riya,granddaughter
direction_sense,"Sneha walks 8km east, then 4km north, then 9km north. How far is Sneha from the starting point?",8km east;4km north;9km north,15.26
coding_decoding,"If CAT is coded as FDW, how is KEY coded?",CAT->FDW;KEY->?,NHB
syllogism,Statement 1: Some animals are birds. Statement 2: All birds are fruits. Conclusion: Some animals are fruits. Is the conclusion valid?,Some animals are birds|All birds are fruits|Some animals are fruits,valid
blood_relation,Arjun is Pooja's mother. Pooja is Rohit's father. How is Arjun related to Rohit?,Arjun|mother|Pooja;Pooja|father|Rohit,grandmother
direction_sense,"Pooja walks 4km north, then 7km south, then 3km north. How far is Pooja from the starting point?",4km north;7km south;3km north,0.0
coding_decoding,"If CAT is coded as FDW, how is BAT coded?",CAT->FDW;BAT->?,EDW
syllogism,Statement 1: No birds are fruits. Statement 2: Some fruits are cars. Conclusion: Some cars are not birds. Is the conclusion valid?,No birds are fruits|Some fruits are cars|Some cars are not birds,valid
blood_relation,Manoj is Kavya's daughter. Kavya is Riya's daughter. How is Manoj related to Riya?,Manoj|daughter|Kavya;Kavya|daughter|Riya,granddaughter
direction_sense,"Vikram walks 3km south, then 10km east. How far is Vikram from the starting point?",3km south;10km east,10.44
coding_decoding,"If CUP is coded as DVQ, how is BOX coded?",CUP->DVQ;BOX->?,CPY
syllogism,Statement 1: Some foods are animals. Statement 2: Some animals are pets. Conclusion: Some foods are pets. Is the conclusion valid?,Some foods are animals|Some animals are pets|Some foods are pets,invalid
blood_relation,Priya is Riya's son. Riya is Suresh's son. How is Priya related to Suresh?,Priya|son|Riya;Riya|son|Suresh,grandson
direction_sense,"Priya walks 7km west, then 2km east, then 4km east. How far is Priya from the starting point?",7km west;2km east;4km east,1.0
coding_decoding,"If DOG is coded as EPH, how is COW coded?",DOG->EPH;COW->?,DPX
syllogism,Statement 1: Some foods are birds. Statement 2: Some birds are plants. Conclusion: Some foods are plants. Is the conclusion valid?,Some foods are birds|Some birds are plants|Some foods are plants,invalid
blood_relation,Pooja is Divya's daughter. Divya is Priya's son. How is Pooja related to Priya?,Pooja|daughter|Divya;Divya|son|Priya,granddaughter
direction_sense,"Kavya walks 7km west, then 7km west. How far is Kavya from the starting point?",7km west;7km west,14.0
coding_decoding,"If MAP is coded as RFU, how is RUN coded?",MAP->RFU;RUN->?,WZS
syllogism,Statement 1: All foods are cats. Statement 2: All cats are mammals. Conclusion: All foods are mammals. Is the conclusion valid?,All foods are cats|All cats are mammals|All foods are mammals,valid
blood_relation,Arjun is Vikram's father. Vikram is Anjali's father. How is Arjun related to Anjali?,Arjun|father|Vikram;Vikram|father|Anjali,grandfather
direction_sense,"Manoj walks 7km north, then 8km north, then 8km south. How far is Manoj from the starting point?",7km north;8km north;8km south,7.0
coding_decoding,"If SUN is coded as VXQ, how is KEY coded?",SUN->VXQ;KEY->?,NHB
syllogism,Statement 1: Some fruits are animals. Statement 2: Some animals are birds. Conclusion: Some fruits are birds. Is the conclusion valid?,Some fruits are animals|Some animals are birds|Some fruits are birds,invalid
blood_relation,Nikhil is Rohit's daughter. Rohit is Suresh's son. How is Nikhil related to Suresh?,Nikhil|daughter|Rohit;Rohit|son|Suresh,granddaughter
direction_sense,"Rohit walks 9km south, then 5km west, then 6km south. How far is Rohit from the starting point?",9km south;5km west;6km south,15.81
coding_decoding,"If PEN is coded as RGP, how is KEY coded?",PEN->RGP;KEY->?,MGA
syllogism,Statement 1: All cars are vehicles. Statement 2: All vehicles are mammals. Conclusion: All cars are mammals. Is the conclusion valid?,All cars are vehicles|All vehicles are mammals|All cars are mammals,valid
blood_relation,Vikram is Manoj's father. Manoj is Sneha's father. How is Vikram related to Sneha?,Vikram|father|Manoj;Manoj|father|Sneha,grandfather
direction_sense,"Priya walks 7km east, then 2km east. How far is Priya from the starting point?",7km east;2km east,9.0
coding_decoding,"If FAN is coded as IDQ, how is BAT coded?",FAN->IDQ;BAT->?,EDW
syllogism,Statement 1: Some plants are animals. Statement 2: All animals are foods. Conclusion: Some plants are foods. Is the conclusion valid?,Some plants are animals|All animals are foods|Some plants are foods,valid
blood_relation,Anjali is Karan's daughter. Karan is Suresh's daughter. How is Anjali related to Suresh?,Anjali|daughter|Karan;Karan|daughter|Suresh,granddaughter
direction_sense,"Sneha walks 6km south, then 2km south. How far is Sneha from the starting point?",6km south;2km south,8.0
coding_decoding,"If FAN is coded as JER, how is LOG coded?",FAN->JER;LOG->?,PSK
syllogism,Statement 1: All fruits are birds. Statement 2: All birds are mammals. Conclusion: All fruits are mammals. Is the conclusion valid?,All fruits are birds|All birds are mammals|All fruits are mammals,valid
blood_relation,Riya is Divya's daughter. Divya is Suresh's daughter. How is Riya related to Suresh?,Riya|daughter|Divya;Divya|daughter|Suresh,granddaughter
direction_sense,"Rohit walks 4km east, then 8km east, then 5km west. How far is Rohit from the starting point?",4km east;8km east;5km west,7.0
coding_decoding,"If FAN is coded as GBO, how is BOX coded?",FAN->GBO;BOX->?,CPY
syllogism,Statement 1: All vehicles are plants. Statement 2: No plants are dogs. Conclusion: No vehicles are dogs. Is the conclusion valid?,All vehicles are plants|No plants are dogs|No vehicles are dogs,valid
blood_relation,Rohit is Riya's daughter. Riya is Pooja's daughter. How is Rohit related to Pooja?,Rohit|daughter|Riya;Riya|daughter|Pooja,granddaughter
direction_sense,"Arjun walks 8km east, then 6km north. How far is Arjun from the starting point?",8km east;6km north,10.0
coding_decoding,"If FAN is coded as GBO, how is BOX coded?",FAN->GBO;BOX->?,CPY
syllogism,Statement 1: No flowers are cats. Statement 2: Some cats are plants. Conclusion: Some plants are not flowers. Is the conclusion valid?,No flowers are cats|Some cats are plants|Some plants are not flowers,valid
blood_relation,Priya is Pooja's mother. Pooja is Anjali's mother. How is Priya related to Anjali?,Priya|mother|Pooja;Pooja|mother|Anjali,grandmother
direction_sense,"Sneha walks 5km west, then 5km east, then 10km west. How far is Sneha from the starting point?",5km west;5km east;10km west,10.0
coding_decoding,"If PEN is coded as UJS, how is JAM coded?",PEN->UJS;JAM->?,OFR
syllogism,Statement 1: All plants are cars. Statement 2: No cars are dogs. Conclusion: No plants are dogs. Is the conclusion valid?,All plants are cars|No cars are dogs|No plants are dogs,valid
blood_relation,Priya is Manoj's son. Manoj is Anjali's daughter. How is Priya related to Anjali?,Priya|son|Manoj;Manoj|daughter|Anjali,grandson
direction_sense,"Anjali walks 4km west, then 6km south, then 4km north. How far is Anjali from the starting point?",4km west;6km south;4km north,4.47
coding_decoding,"If CUP is coded as DVQ, how is COW coded?",CUP->DVQ;COW->?,DPX
syllogism,Statement 1: All pets are animals. Statement 2: No animals are flowers. Conclusion: No pets are flowers. Is the conclusion valid?,All pets are animals|No animals are flowers|No pets are flowers,valid
blood_relation,Kavya is Manoj's son. Manoj is Vikram's daughter. How is Kavya related to Vikram?,Kavya|son|Manoj;Manoj|daughter|Vikram,grandson
direction_sense,"Amit walks 6km south, then 10km east. How far is Amit from the starting point?",6km south;10km east,11.66
coding_decoding,"If FAN is coded as JER, how is TOP coded?",FAN->JER;TOP->?,XST
syllogism,Statement 1: No pets are plants. Statement 2: Some plants are birds. Conclusion: Some birds are not pets. Is the conclusion valid?,No pets are plants|Some plants are birds|Some birds are not pets,valid
blood_relation,Kavya is Rohit's daughter. Rohit is Meera's daughter. How is Kavya related to Meera?,Kavya|daughter|Rohit;Rohit|daughter|Meera,granddaughter
direction_sense,"Manoj walks 2km west, then 3km west, then 7km south. How far is Manoj from the starting point?",2km west;3km west;7km south,8.6
coding_decoding,"If DOG is coded as EPH, how is BAT coded?",DOG->EPH;BAT->?,CBU
syllogism,Statement 1: Some fruits are pets. Statement 2: Some pets are foods. Conclusion: Some fruits are foods. Is the conclusion valid?,Some fruits are pets|Some pets are foods|Some fruits are foods,invalid
blood_relation,Riya is Karan's son. Karan is Suresh's son. How is Riya related to Suresh?,Riya|son|Karan;Karan|son|Suresh,grandson
direction_sense,"Kavya walks 7km east, then 6km north. How far is Kavya from the starting point?",7km east;6km north,9.22
coding_decoding,"If FAN is coded as GBO, how is JAM coded?",FAN->GBO;JAM->?,KBN
syllogism,Statement 1: No cats are cars. Statement 2: Some cars are animals. Conclusion: Some animals are not cats. Is the conclusion valid?,No cats are cars|Some cars are animals|Some animals are not cats,valid
blood_relation,Nikhil is Vikram's mother. Vikram is Kavya's father. How is Nikhil related to Kavya?,Nikhil|mother|Vikram;Vikram|father|Kavya,grandmother
direction_sense,"Arjun walks 6km west, then 7km north. How far is Arjun from the starting point?",6km west;7km north,9.22
coding_decoding,"If FAN is coded as KFS, how is COW coded?",FAN->KFS;COW->?,HTB
syllogism,Statement 1: All animals are pets. Statement 2: All pets are dogs. Conclusion: All animals are dogs. Is the conclusion valid?,All animals are pets|All pets are dogs|All animals are dogs,valid
blood_relation,Manoj is Meera's father. Meera is Suresh's mother. How is Manoj related to Suresh?,Manoj|father|Meera;Meera|mother|Suresh,grandfather
direction_sense,"Arjun walks 6km south, then 10km west. How far is Arjun from the starting point?",6km south;10km west,11.66
coding_decoding,"If SUN is coded as VXQ, how is TOP coded?",SUN->VXQ;TOP->?,WRS
syllogism,Statement 1: No flowers are foods. Statement 2: Some foods are pets. Conclusion: Some pets are not flowers. Is the conclusion valid?,No flowers are foods|Some foods are pets|Some pets are not flowers,valid
blood_relation,Suresh is Rohit's mother. Rohit is Nikhil's father. How is Suresh related to Nikhil?,Suresh|mother|Rohit;Rohit|father|Nikhil,grandmother
direction_sense,"Divya walks 5km south, then 2km west, then 8km south. How far is Divya from the starting point?",5km south;2km west;8km south,13.15
coding_decoding,"If CUP is coded as HZU, how is JAM coded?",CUP->HZU;JAM->?,OFR
syllogism,Statement 1: All plants are fruits. Statement 2: All fruits are dogs. Conclusion: All plants are dogs. Is the conclusion valid?,All plants are fruits|All fruits are dogs|All plants are dogs,valid
blood_relation,Nikhil is Rohit's mother. Rohit is Meera's mother. How is Nikhil related to Meera?,Nikhil|mother|Rohit;Rohit|mother|Meera,grandmother
direction_sense,"Kavya walks 7km south, then 3km east. How far is Kavya from the starting point?",7km south;3km east,7.62
coding_decoding,"If DOG is coded as EPH, how is LOG coded?",DOG->EPH;LOG->?,MPH
syllogism,Statement 1: No animals are mammals. Statement 2: Some mammals are foods. Conclusion: Some foods are not animals. Is the conclusion valid?,No animals are mammals|Some mammals are foods|Some foods are not animals,valid
blood_relation,Arjun is Suresh's father. Suresh is Pooja's father. How is Arjun related to Pooja?,Arjun|father|Suresh;Suresh|father|Pooja,grandfather
direction_sense,"Rohit walks 3km south, then 4km west, then 7km west. How far is Rohit from the starting point?",3km south;4km west;7km west,11.4
coding_decoding,"If CUP is coded as HZU, how is LOG coded?",CUP->HZU;LOG->?,QTL
syllogism,Statement 1: Some cars are dogs. Statement 2: All dogs are flowers. Conclusion: Some cars are flowers. Is the conclusion valid?,Some cars are dogs|All dogs are flowers|Some cars are flowers,valid
blood_relation,Nikhil is Riya's mother. Riya is Kavya's father. How is Nikhil related to Kavya?,Nikhil|mother|Riya;Riya|father|Kavya,grandmother
direction_sense,"Anjali walks 9km north, then 7km west. How far is Anjali from the starting point?",9km north;7km west,11.4
coding_decoding,"If CUP is coded as EWR, how is RUN coded?",CUP->EWR;RUN->?,TWP
syllogism,Statement 1: Some birds are dogs. Statement 2: Some dogs are cats. Conclusion: Some birds are cats. Is the conclusion valid?,Some birds are dogs|Some dogs are cats|Some birds are cats,invalid
blood_relation,Priya is Manoj's mother. Manoj is Nikhil's mother. How is Priya related to Nikhil?,Priya|mother|Manoj;Manoj|mother|Nikhil,grandmother
direction_sense,"Suresh walks 5km west, then 3km east. How far is Suresh from the starting point?",5km west;3km east,2.0
coding_decoding,"If CAT is coded as GEX, how is LOG coded?",CAT->GEX;LOG->?,PSK
syllogism,Statement 1: Some foods are vehicles. Statement 2: All vehicles are mammals. Conclusion: Some foods are mammals. Is the conclusion valid?,Some foods are vehicles|All vehicles are mammals|Some foods are mammals,valid
blood_relation,Divya is Pooja's daughter. Pooja is Karan's daughter. How is Divya related to Karan?,Divya|daughter|Pooja;Pooja|daughter|Karan,granddaughter
direction_sense,"Suresh walks 8km east, then 9km north. How far is Suresh from the starting point?",8km east;9km north,12.04
coding_decoding,"If PEN is coded as TIR, how is KEY coded?",PEN->TIR;KEY->?,OIC
syllogism,Statement 1: Some foods are cats. Statement 2: All cats are cars. Conclusion: Some foods are cars. Is the conclusion valid?,Some foods are cats|All cats are cars|Some foods are cars,valid
blood_relation,Nikhil is Divya's daughter. Divya is Meera's daughter. How is Nikhil related to Meera?,Nikhil|daughter|Divya;Divya|daughter|Meera,granddaughter
direction_sense,"Riya walks 5km south, then 8km east. How far is Riya from the starting point?",5km south;8km east,9.43
coding_decoding,"If BAT is coded as DCV, how is RUN coded?",BAT->DCV;RUN->?,TWP
syllogism,Statement 1: All cats are vehicles. Statement 2: All vehicles are birds. Conclusion: All cats are birds. Is the conclusion valid?,All cats are vehicles|All vehicles are birds|All cats are birds,valid
blood_relation,Suresh is Sneha's son. Sneha is Rohit's daughter. How is Suresh related to Rohit?,Suresh|son|Sneha;Sneha|daughter|Rohit,grandson
direction_sense,"Anjali walks 10km east, then 8km east, then 2km north. How far is Anjali from the starting point?",10km east;8km east;2km north,18.11
coding_decoding,"If CAT is coded as ECV, how is JAM coded?",CAT->ECV;JAM->?,LCO
syllogism,Statement 1: No cats are animals. Statement 2: Some animals are flowers. Conclusion: Some flowers are not cats. Is the conclusion valid?,No cats are animals|Some animals are flowers|Some flowers are not cats,valid
blood_relation,Nikhil is Pooja's father. Pooja is Suresh's mother. How is Nikhil related to Suresh?,Nikhil|father|Pooja;Pooja|mother|Suresh,grandfather
direction_sense,"Meera walks 3km west, then 10km south, then 8km west. How far is Meera from the starting point?",3km west;10km south;8km west,14.87
coding_decoding,"If CUP is coded as FXS, how is LOG coded?",CUP->FXS;LOG->?,ORJ
syllogism,Statement 1: No dogs are vehicles. Statement 2: Some vehicles are mammals. Conclusion: Some mammals are not dogs. Is the conclusion valid?,No dogs are vehicles|Some vehicles are mammals|Some mammals are not dogs,valid
blood_relation,Priya is Kavya's mother. Kavya is Arjun's father. How is Priya related to Arjun?,Priya|mother|Kavya;Kavya|father|Arjun,grandmother
direction_sense,"Amit walks 3km south, then 4km east. How far is Amit from the starting point?",3km south;4km east,5.0
coding_decoding,"If PEN is coded as TIR, how is LOG coded?",PEN->TIR;LOG->?,PSK
syllogism,Statement 1: Some cars are foods. Statement 2: Some foods are fruits. Conclusion: Some cars are fruits. Is the conclusion valid?,Some cars are foods|Some foods are fruits|Some cars are fruits,invalid
blood_relation,Sneha is Riya's son. Riya is Pooja's son. How is Sneha related to Pooja?,Sneha|son|Riya;Riya|son|Pooja,grandson
direction_sense,"Riya walks 10km west, then 7km east, then 7km east. How far is Riya from the starting point?",10km west;7km east;7km east,4.0
coding_decoding,"If CAT is coded as HFY, how is COW coded?",CAT->HFY;COW->?,HTB
syllogism,Statement 1: Some fruits are foods. Statement 2: All foods are cats. Conclusion: Some fruits are cats. Is the conclusion valid?,Some fruits are foods|All foods are cats|Some fruits are cats,valid
blood_relation,Anjali is Suresh's daughter. Suresh is Meera's daughter. How is Anjali related to Meera?,Anjali|daughter|Suresh;Suresh|daughter|Meera,granddaughter
direction_sense,"Sneha walks 9km west, then 8km east. How far is Sneha from the starting point?",9km west;8km east,1.0
coding_decoding,"If SUN is coded as UWP, how is COW coded?",SUN->UWP;COW->?,EQY
syllogism,Statement 1: No cars are foods. Statement 2: Some foods are flowers. Conclusion: Some flowers are not cars. Is the conclusion valid?,No cars are foods|Some foods are flowers|Some flowers are not cars,valid
blood_relation,Rohit is Nikhil's father. Nikhil is Suresh's father. How is Rohit related to Suresh?,Rohit|father|Nikhil;Nikhil|father|Suresh,grandfather
direction_sense,"Kavya walks 3km south, then 7km south. How far is Kavya from the starting point?",3km south;7km south,10.0
coding_decoding,"If SUN is coded as WYR, how is COW coded?",SUN->WYR;COW->?,GSA
syllogism,Statement 1: No vehicles are cats. Statement 2: Some cats are flowers. Conclusion: Some flowers are not vehicles. Is the conclusion valid?,No vehicles are cats|Some cats are flowers|Some flowers are not vehicles,valid
blood_relation,Sneha is Kavya's daughter. Kavya is Amit's daughter. How is Sneha related to Amit?,Sneha|daughter|Kavya;Kavya|daughter|Amit,granddaughter
direction_sense,"Rohit walks 9km east, then 10km east, then 2km west. How far is Rohit from the starting point?",9km east;10km east;2km west,17.0
coding_decoding,"If MAP is coded as NBQ, how is COW coded?",MAP->NBQ;COW->?,DPX
syllogism,Statement 1: All cats are cars. Statement 2: All cars are vehicles. Conclusion: All cats are vehicles. Is the conclusion valid?,All cats are cars|All cars are vehicles|All cats are vehicles,valid
blood_relation,Rohit is Meera's son. Meera is Amit's son. How is Rohit related to Amit?,Rohit|son|Meera;Meera|son|Amit,grandson
direction_sense,"Meera walks 4km west, then 6km north, then 2km west. How far is Meera from the starting point?",4km west;6km north;2km west,8.49
coding_decoding,"If FAN is coded as HCP, how is TOP coded?",FAN->HCP;TOP->?,VQR
syllogism,Statement 1: All birds are animals. Statement 2: No animals are pets. Conclusion: No birds are pets. Is the conclusion valid?,All birds are animals|No animals are pets|No birds are pets,valid
blood_relation,Rohit is Manoj's daughter. Manoj is Arjun's daughter. How is Rohit related to Arjun?,Rohit|daughter|Manoj;Manoj|daughter|Arjun,granddaughter
direction_sense,"Nikhil walks 4km north, then 9km west, then 5km south. How far is Nikhil from the starting point?",4km north;9km west;5km south,9.06
coding_decoding,"If CUP is coded as GYT, how is BOX coded?",CUP->GYT;BOX->?,FSB
syllogism,Statement 1: Some dogs are cats. Statement 2: Some cats are fruits. Conclusion: Some dogs are fruits. Is the conclusion valid?,Some dogs are cats|Some cats are fruits|Some dogs are fruits,invalid
blood_relation,Nikhil is Amit's mother. Amit is Kavya's mother. How is Nikhil related to Kavya?,Nikhil|mother|Amit;Amit|mother|Kavya,grandmother
direction_sense,"Amit walks 9km east, then 4km west, then 7km west. How far is Amit from the starting point?",9km east;4km west;7km west,2.0
coding_decoding,"If MAP is coded as PDS, how is RUN coded?",MAP->PDS;RUN->?,UXQ
syllogism,Statement 1: All cats are cars. Statement 2: All cars are dogs. Conclusion: All cats are dogs. Is the conclusion valid?,All cats are cars|All cars are dogs|All cats are dogs,valid
blood_relation,Rohit is Suresh's daughter. Suresh is Priya's daughter. How is Rohit related to Priya?,Rohit|daughter|Suresh;Suresh|daughter|Priya,granddaughter
direction_sense,"Riya walks 4km north, then 10km south, then 5km north. How far is Riya from the starting point?",4km north;10km south;5km north,1.0
coding_decoding,"If MAP is coded as NBQ, how is RUN coded?",MAP->NBQ;RUN->?,SVO
syllogism,Statement 1: Some dogs are fruits. Statement 2: Some fruits are flowers. Conclusion: Some dogs are flowers. Is the conclusion valid?,Some dogs are fruits|Some fruits are flowers|Some dogs are flowers,invalid
blood_relation,Riya is Suresh's mother. Suresh is Karan's father. How is Riya related to Karan?,Riya|mother|Suresh;Suresh|father|Karan,grandmother
direction_sense,"Kavya walks 5km west, then 10km north. How far is Kavya from the starting point?",5km west;10km north,11.18
coding_decoding,"If CAT is coded as FDW, how is TOP coded?",CAT->FDW;TOP->?,WRS
syllogism,Statement 1: Some cars are plants. Statement 2: Some plants are flowers. Conclusion: Some cars are flowers. Is the conclusion valid?,Some cars are plants|Some plants are flowers|Some cars are flowers,invalid
blood_relation,Meera is Suresh's son. Suresh is Anjali's daughter. How is Meera related to Anjali?,Meera|son|Suresh;Suresh|daughter|Anjali,grandson
direction_sense,"Divya walks 7km west, then 8km east, then 9km east. How far is Divya from the starting point?",7km west;8km east;9km east,10.0
coding_decoding,"If FAN is coded as GBO, how is JAM coded?",FAN->GBO;JAM->?,KBN
syllogism,Statement 1: All plants are flowers. Statement 2: All flowers are foods. Conclusion: All plants are foods. Is the conclusion valid?,All plants are flowers|All flowers are foods|All plants are foods,valid
blood_relation,Rohit is Riya's father. Riya is Manoj's father. How is Rohit related to Manoj?,Rohit|father|Riya;Riya|father|Manoj,grandfather
direction_sense,"Vikram walks 8km east, then 2km west. How far is Vikram from the starting point?",8km east;2km west,6.0
coding_decoding,"If CAT is coded as ECV, how is JAM coded?",CAT->ECV;JAM->?,LCO
syllogism,Statement 1: Some vehicles are fruits. Statement 2: All fruits are plants. Conclusion: Some vehicles are plants. Is the conclusion valid?,Some vehicles are fruits|All fruits are plants|Some vehicles are plants,valid
blood_relation,Nikhil is Manoj's father. Manoj is Sneha's father. How is Nikhil related to Sneha?,Nikhil|father|Manoj;Manoj|father|Sneha,grandfather
direction_sense,"Vikram walks 9km east, then 3km west. How far is Vikram from the starting point?",9km east;3km west,6.0
coding_decoding,"If MAP is coded as NBQ, how is RUN coded?",MAP->NBQ;RUN->?,SVO
syllogism,Statement 1: All cars are flowers. Statement 2: No flowers are mammals. Conclusion: No cars are mammals. Is the conclusion valid?,All cars are flowers|No flowers are mammals|No cars are mammals,valid
blood_relation,Nikhil is Meera's daughter. Meera is Pooja's daughter. How is Nikhil related to Pooja?,Nikhil|daughter|Meera;Meera|daughter|Pooja,granddaughter
direction_sense,"Riya walks 4km north, then 2km west, then 5km west. How far is Riya from the starting point?",4km north;2km west;5km west,8.06
coding_decoding,"If DOG is coded as GRJ, how is LOG coded?",DOG->GRJ;LOG->?,ORJ
syllogism,Statement 1: No vehicles are foods. Statement 2: Some foods are plants. Conclusion: Some plants are not vehicles. Is the conclusion valid?,No vehicles are foods|Some foods are plants|Some plants are not vehicles,valid
blood_relation,Priya is Amit's son. Amit is Arjun's son. How is Priya related to Arjun?,Priya|son|Amit;Amit|son|Arjun,grandson
direction_sense,"Riya walks 7km east, then 5km west. How far is Riya from the starting point?",7km east;5km west,2.0
coding_decoding,"If SUN is coded as VXQ, how is COW coded?",SUN->VXQ;COW->?,FRZ
syllogism,Statement 1: Some plants are birds. Statement 2: All birds are cats. Conclusion: Some plants are cats. Is the conclusion valid?,Some plants are birds|All birds are cats|Some plants are cats,valid
blood_relation,Meera is Karan's daughter. Karan is Divya's son. How is Meera related to Divya?,Meera|daughter|Karan;Karan|son|Divya,granddaughter
direction_sense,"Amit walks 3km west, then 10km east, then 4km south. How far is Amit from the starting point?",3km west;10km east;4km south,8.06
coding_decoding,"If CAT is coded as HFY, how is BAT coded?",CAT->HFY;BAT->?,GFY
syllogism,Statement 1: All vehicles are pets. Statement 2: All pets are fruits. Conclusion: All vehicles are fruits. Is the conclusion valid?,All vehicles are pets|All pets are fruits|All vehicles are fruits,valid
blood_relation,Vikram is Manoj's son. Manoj is Anjali's son. How is Vikram related to Anjali?,Vikram|son|Manoj;Manoj|son|Anjali,grandson
direction_sense,"Pooja walks 3km north, then 7km west, then 5km east. How far is Pooja from the starting point?",3km north;7km west;5km east,3.61
coding_decoding,"If MAP is coded as QET, how is COW coded?",MAP->QET;COW->?,GSA
syllogism,Statement 1: Some animals are dogs. Statement 2: All dogs are birds. Conclusion: Some animals are birds. Is the conclusion valid?,Some animals are dogs|All dogs are birds|Some animals are birds,valid
blood_relation,Anjali is Priya's daughter. Priya is Divya's daughter. How is Anjali related to Divya?,Anjali|daughter|Priya;Priya|daughter|Divya,granddaughter
direction_sense,"Rohit walks 2km north, then 4km west. How far is Rohit from the starting point?",2km north;4km west,4.47
coding_decoding,"If DOG is coded as ITL, how is COW coded?",DOG->ITL;COW->?,HTB
syllogism,Statement 1: All cats are vehicles. Statement 2: No vehicles are animals. Conclusion: No cats are animals. Is the conclusion valid?,All cats are vehicles|No vehicles are animals|No cats are animals,valid
blood_relation,Meera is Suresh's daughter. Suresh is Riya's daughter. How is Meera related to Riya?,Meera|daughter|Suresh;Suresh|daughter|Riya,granddaughter
direction_sense,"Manoj walks 10km south, then 2km north. How far is Manoj from the starting point?",10km south;2km north,8.0
coding_decoding,"If DOG is coded as FQI, how is BAT coded?",DOG->FQI;BAT->?,DCV
syllogism,Statement 1: No birds are plants. Statement 2: Some plants are fruits. Conclusion: Some fruits are not birds. Is the conclusion valid?,No birds are plants|Some plants are fruits|Some fruits are not birds,valid
blood_relation,Vikram is Rohit's daughter. Rohit is Sneha's daughter. How is Vikram related to Sneha?,Vikram|daughter|Rohit;Rohit|daughter|Sneha,granddaughter
direction_sense,"Arjun walks 7km west, then 2km south. How far is Arjun from the starting point?",7km west;2km south,7.28
coding_decoding,"If DOG is coded as GRJ, how is COW coded?",DOG->GRJ;COW->?,FRZ
syllogism,Statement 1: Some foods are cars. Statement 2: All cars are birds. Conclusion: Some foods are birds. Is the conclusion valid?,Some foods are cars|All cars are birds|Some foods are birds,valid
blood_relation,Vikram is Suresh's son. Suresh is Nikhil's son. How is Vikram related to Nikhil?,Vikram|son|Suresh;Suresh|son|Nikhil,grandson
direction_sense,"Karan walks 3km north, then 5km east. How far is Karan from the starting point?",3km north;5km east,5.83
coding_decoding,"If PEN is coded as RGP, how is LOG coded?",PEN->RGP;LOG->?,NQI
syllogism,Statement 1: No plants are fruits. Statement 2: Some fruits are birds. Conclusion: Some birds are not plants. Is the conclusion valid?,No plants are fruits|Some fruits are birds|Some birds are not plants,valid
blood_relation,Vikram is Arjun's son. Arjun is Divya's son. How is Vikram related to Divya?,Vikram|son|Arjun;Arjun|son|Divya,grandson
direction_sense,"Pooja walks 5km north, then 5km south. How far is Pooja from the starting point?",5km north;5km south,0.0
coding_decoding,"If PEN is coded as UJS, how is JAM coded?",PEN->UJS;JAM->?,OFR
syllogism,Statement 1: No mammals are pets. Statement 2: Some pets are vehicles. Conclusion: Some vehicles are not mammals. Is the conclusion valid?,No mammals are pets|Some pets are vehicles|Some vehicles are not mammals,valid
blood_relation,Riya is Anjali's daughter. Anjali is Rohit's daughter. How is Riya related to Rohit?,Riya|daughter|Anjali;Anjali|daughter|Rohit,granddaughter
direction_sense,"Rohit walks 9km south, then 6km south, then 8km south. How far is Rohit from the starting point?",9km south;6km south;8km south,23.0
coding_decoding,"If CUP is coded as FXS, how is TOP coded?",CUP->FXS;TOP->?,WRS
syllogism,Statement 1: All animals are plants. Statement 2: All plants are pets. Conclusion: All animals are pets. Is the conclusion valid?,All animals are plants|All plants are pets|All animals are pets,valid
blood_relation,Rohit is Nikhil's daughter. Nikhil is Suresh's daughter. How is Rohit related to Suresh?,Rohit|daughter|Nikhil;Nikhil|daughter|Suresh,granddaughter
direction_sense,"Meera walks 3km south, then 3km west. How far is Meera from the starting point?",3km south;3km west,4.24
coding_decoding,"If CUP is coded as FXS, how is RUN coded?",CUP->FXS;RUN->?,UXQ
syllogism,Statement 1: All mammals are animals. Statement 2: All animals are foods. Conclusion: All mammals are foods. Is the conclusion valid?,All mammals are animals|All animals are foods|All mammals are foods,valid
blood_relation,Vikram is Kavya's mother. Kavya is Nikhil's mother. How is Vikram related to Nikhil?,Vikram|mother|Kavya;Kavya|mother|Nikhil,grandmother
direction_sense,"Manoj walks 6km east, then 10km north, then 6km west. How far is Manoj from the starting point?",6km east;10km north;6km west,10.0
coding_decoding,"If FAN is coded as HCP, how is JAM coded?",FAN->HCP;JAM->?,LCO
syllogism,Statement 1: All pets are animals. Statement 2: All animals are flowers. Conclusion: All pets are flowers. Is the conclusion valid?,All pets are animals|All animals are flowers|All pets are flowers,valid
blood_relation,Divya is Sneha's father. Sneha is Meera's father. How is Divya related to Meera?,Divya|father|Sneha;Sneha|father|Meera,grandfather
direction_sense,"Amit walks 7km north, then 7km north, then 6km west. How far is Amit from the starting point?",7km north;7km north;6km west,15.23
coding_decoding,"If CUP is coded as GYT, how is RUN coded?",CUP->GYT;RUN->?,VYR
syllogism,Statement 1: All birds are foods. Statement 2: No foods are dogs. Conclusion: No birds are dogs. Is the conclusion valid?,All birds are foods|No foods are dogs|No birds are dogs,valid
blood_relation,Riya is Meera's mother. Meera is Rohit's father. How is Riya related to Rohit?,Riya|mother|Meera;Meera|father|Rohit,grandmother
direction_sense,"Anjali walks 3km east, then 8km east. How far is Anjali from the starting point?",3km east;8km east,11.0
coding_decoding,"If MAP is coded as QET, how is TOP coded?",MAP->QET;TOP->?,XST
syllogism,Statement 1: All foods are mammals. Statement 2: All mammals are fruits. Conclusion: All foods are fruits. Is the conclusion valid?,All foods are mammals|All mammals are fruits|All foods are fruits,valid
blood_relation,Amit is Anjali's daughter. Anjali is Priya's son. How is Amit related to Priya?,Amit|daughter|Anjali;Anjali|son|Priya,granddaughter
direction_sense,"Arjun walks 9km south, then 4km south, then 5km north. How far is Arjun from the starting point?",9km south;4km south;5km north,8.0
coding_decoding,"If CUP is coded as DVQ, how is COW coded?",CUP->DVQ;COW->?,DPX
syllogism,Statement 1: No vehicles are cats. Statement 2: Some cats are animals. Conclusion: Some animals are not vehicles. Is the conclusion valid?,No vehicles are cats|Some cats are animals|Some animals are not vehicles,valid
blood_relation,Pooja is Kavya's mother. Kavya is Meera's father. How is Pooja related to Meera?,Pooja|mother|Kavya;Kavya|father|Meera,grandmother
direction_sense,"Priya walks 6km north, then 10km west. How far is Priya from the starting point?",6km north;10km west,11.66
coding_decoding,"If FAN is coded as IDQ, how is TOP coded?",FAN->IDQ;TOP->?,WRS
syllogism,Statement 1: All foods are vehicles. Statement 2: All vehicles are cats. Conclusion: All foods are cats. Is the conclusion valid?,All foods are vehicles|All vehicles are cats|All foods are cats,valid
blood_relation,Pooja is Meera's daughter. Meera is Divya's son. How is Pooja related to Divya?,Pooja|daughter|Meera;Meera|son|Divya,granddaughter
direction_sense,"Manoj walks 10km east, then 9km west, then 3km south. How far is Manoj from the starting point?",10km east;9km west;3km south,3.16
coding_decoding,"If DOG is coded as EPH, how is BAT coded?",DOG->EPH;BAT->?,CBU
syllogism,Statement 1: Some vehicles are cars. Statement 2: All cars are animals. Conclusion: Some vehicles are animals. Is the conclusion valid?,Some vehicles are cars|All cars are animals|Some vehicles are animals,valid
blood_relation,Anjali is Kavya's son. Kavya is Divya's son. How is Anjali related to Divya?,Anjali|son|Kavya;Kavya|son|Divya,grandson
direction_sense,"Nikhil walks 7km south, then 3km north, then 5km north. How far is Nikhil from the starting point?",7km south;3km north;5km north,1.0
coding_decoding,"If CAT is coded as DBU, how is BOX coded?",CAT->DBU;BOX->?,CPY
syllogism,Statement 1: Some foods are birds. Statement 2: Some birds are pets. Conclusion: Some foods are pets. Is the conclusion valid?,Some foods are birds|Some birds are pets|Some foods are pets,invalid
blood_relation,Suresh is Priya's daughter. Priya is Pooja's son. How is Suresh related to Pooja?,Suresh|daughter|Priya;Priya|son|Pooja,granddaughter
direction_sense,"Kavya walks 7km south, then 10km north. How far is Kavya from the starting point?",7km south;10km north,3.0
coding_decoding,"If MAP is coded as QET, how is LOG coded?",MAP->QET;LOG->?,PSK
syllogism,Statement 1: No cats are plants. Statement 2: Some plants are fruits. Conclusion: Some fruits are not cats. Is the conclusion valid?,No cats are plants|Some plants are fruits|Some fruits are not cats,valid
blood_relation,Meera is Manoj's daughter. Manoj is Kavya's daughter. How is Meera related to Kavya?,Meera|daughter|Manoj;Manoj|daughter|Kavya,granddaughter
direction_sense,"Vikram walks 8km south, then 10km north. How far is Vikram from the starting point?",8km south;10km north,2.0
coding_decoding,"If FAN is coded as JER, how is BOX coded?",FAN->JER;BOX->?,FSB
syllogism,Statement 1: Some mammals are pets. Statement 2: All pets are fruits. Conclusion: Some mammals are fruits. Is the conclusion valid?,Some mammals are pets|All pets are fruits|Some mammals are fruits,valid
blood_relation,Sneha is Pooja's mother. Pooja is Vikram's mother. How is Sneha related to Vikram?,Sneha|mother|Pooja;Pooja|mother|Vikram,grandmother
direction_sense,"Anjali walks 4km south, then 9km south. How far is Anjali from the starting point?",4km south;9km south,13.0
coding_decoding,"If CAT is coded as ECV, how is BOX coded?",CAT->ECV;BOX->?,DQZ
syllogism,Statement 1: All pets are cars. Statement 2: All cars are vehicles. Conclusion: All pets are vehicles. Is the conclusion valid?,All pets are cars|All cars are vehicles|All pets are vehicles,valid
blood_relation,Meera is Riya's son. Riya is Karan's son. How is Meera related to Karan?,Meera|son|Riya;Riya|son|Karan,grandson
direction_sense,"Pooja walks 5km south, then 8km north, then 9km north. How far is Pooja from the starting point?",5km south;8km north;9km north,12.0
coding_decoding,"If CAT is coded as DBU, how is TOP coded?",CAT->DBU;TOP->?,UPQ
syllogism,Statement 1: No birds are dogs. Statement 2: Some dogs are foods. Conclusion: Some foods are not birds. Is the conclusion valid?,No birds are dogs|Some dogs are foods|Some foods are not birds,valid
blood_relation,Manoj is Karan's father. Karan is Arjun's father. How is Manoj related to Arjun?,Manoj|father|Karan;Karan|father|Arjun,grandfather
direction_sense,"Vikram walks 5km south, then 9km west. How far is Vikram from the starting point?",5km south;9km west,10.3
coding_decoding,"If BAT is coded as GFY, how is COW coded?",BAT->GFY;COW->?,HTB
syllogism,Statement 1: No fruits are cars. Statement 2: Some cars are birds. Conclusion: Some birds are not fruits. Is the conclusion valid?,No fruits are cars|Some cars are birds|Some birds are not fruits,valid
blood_relation,Karan is Vikram's son. Vikram is Divya's son. How is Karan related to Divya?,Karan|son|Vikram;Vikram|son|Divya,grandson
direction_sense,"Arjun walks 7km north, then 3km south. How far is Arjun from the starting point?",7km north;3km south,4.0
coding_decoding,"If CAT is coded as GEX, how is JAM coded?",CAT->GEX;JAM->?,NEQ
syllogism,Statement 1: Some mammals are plants. Statement 2: Some plants are pets. Conclusion: Some mammals are pets. Is the conclusion valid?,Some mammals are plants|Some plants are pets|Some mammals are pets,invalid
blood_relation,Sneha is Pooja's son. Pooja is Divya's son. How is Sneha related to Divya?,Sneha|son|Pooja;Pooja|son|Divya,grandson
direction_sense,"Vikram walks 5km east, then 2km east. How far is Vikram from the starting point?",5km east;2km east,7.0
coding_decoding,"If BAT is coded as DCV, how is RUN coded?",BAT->DCV;RUN->?,TWP
syllogism,Statement 1: Some vehicles are foods. Statement 2: All foods are fruits. Conclusion: Some vehicles are fruits. Is the conclusion valid?,Some vehicles are foods|All foods are fruits|Some vehicles are fruits,valid
blood_relation,Anjali is Vikram's son. Vikram is Pooja's daughter. How is Anjali related to Pooja?,Anjali|son|Vikram;Vikram|daughter|Pooja,grandson
direction_sense,"Karan walks 6km west, then 7km south, then 9km south. How far is Karan from the starting point?",6km west;7km south;9km south,17.09
coding_decoding,"If MAP is coded as RFU, how is BAT coded?",MAP->RFU;BAT->?,GFY
syllogism,Statement 1: Some animals are dogs. Statement 2: All dogs are flowers. Conclusion: Some animals are flowers. Is the conclusion valid?,Some animals are dogs|All dogs are flowers|Some animals are flowers,valid
blood_relation,Priya is Meera's mother. Meera is Kavya's father. How is Priya related to Kavya?,Priya|mother|Meera;Meera|father|Kavya,grandmother
direction_sense,"Arjun walks 7km north, then 7km north, then 9km north. How far is Arjun from the starting point?",7km north;7km north;9km north,23.0
coding_decoding,"If CAT is coded as GEX, how is LOG coded?",CAT->GEX;LOG->?,PSK
syllogism,Statement 1: All mammals are animals. Statement 2: No animals are vehicles. Conclusion: No mammals are vehicles. Is the conclusion valid?,All mammals are animals|No animals are vehicles|No mammals are vehicles,valid
blood_relation,Divya is Karan's son. Karan is Meera's son. How is Divya related to Meera?,Divya|son|Karan;Karan|son|Meera,grandson
direction_sense,"Meera walks 2km west, then 10km west, then 8km west. How far is Meera from the starting point?",2km west;10km west;8km west,20.0
coding_decoding,"If PEN is coded as UJS, how is RUN coded?",PEN->UJS;RUN->?,WZS
syllogism,Statement 1: No dogs are pets. Statement 2: Some pets are plants. Conclusion: Some plants are not dogs. Is the conclusion valid?,No dogs are pets|Some pets are plants|Some plants are not dogs,valid
blood_relation,Rohit is Arjun's daughter. Arjun is Manoj's daughter. How is Rohit related to Manoj?,Rohit|daughter|Arjun;Arjun|daughter|Manoj,granddaughter
direction_sense,"Manoj walks 9km south, then 4km south. How far is Manoj from the starting point?",9km south;4km south,13.0
coding_decoding,"If MAP is coded as OCR, how is COW coded?",MAP->OCR;COW->?,EQY
syllogism,Statement 1: All vehicles are foods. Statement 2: All foods are pets. Conclusion: All vehicles are pets. Is the conclusion valid?,All vehicles are foods|All foods are pets|All vehicles are pets,valid
blood_relation,Priya is Arjun's daughter. Arjun is Meera's son. How is Priya related to Meera?,Priya|daughter|Arjun;Arjun|son|Meera,granddaughter
direction_sense,"Amit walks 4km west, then 8km east, then 8km west. How far is Amit from the starting point?",4km west;8km east;8km west,4.0
coding_decoding,"If MAP is coded as QET, how is TOP coded?",MAP->QET;TOP->?,XST
syllogism,Statement 1: Some mammals are flowers. Statement 2: Some flowers are fruits. Conclusion: Some mammals are fruits. Is the conclusion valid?,Some mammals are flowers|Some flowers are fruits|Some mammals are fruits,invalid
blood_relation,Arjun is Riya's son. Riya is Karan's daughter. How is Arjun related to Karan?,Arjun|son|Riya;Riya|daughter|Karan,grandson
direction_sense,"Karan walks 8km east, then 2km east, then 5km south. How far is Karan from the starting point?",8km east;2km east;5km south,11.18
coding_decoding,"If FAN is coded as KFS, how is LOG coded?",FAN->KFS;LOG->?,QTL
syllogism,Statement 1: Some birds are vehicles. Statement 2: All vehicles are flowers. Conclusion: Some birds are flowers. Is the conclusion valid?,Some birds are vehicles|All vehicles are flowers|Some birds are flowers,valid
blood_relation,Priya is Pooja's father. Pooja is Meera's father. How is Priya related to Meera?,Priya|father|Pooja;Pooja|father|Meera,grandfather
direction_sense,"Arjun walks 9km west, then 6km north, then 4km west. How far is Arjun from the starting point?",9km west;6km north;4km west,14.32
coding_decoding,"If CUP is coded as FXS, how is LOG coded?",CUP->FXS;LOG->?,ORJ
syllogism,Statement 1: Some pets are foods. Statement 2: Some foods are plants. Conclusion: Some pets are plants. Is the conclusion valid?,Some pets are foods|Some foods are plants|Some pets are plants,invalid
blood_relation,Arjun is Sneha's mother. Sneha is Meera's mother. How is Arjun related to Meera?,Arjun|mother|Sneha;Sneha|mother|Meera,grandmother
direction_sense,"Amit walks 10km south, then 8km south, then 9km south. How far is Amit from the starting point?",10km south;8km south;9km south,27.0
coding_decoding,"If CAT is coded as FDW, how is COW coded?",CAT->FDW;COW->?,FRZ
syllogism,Statement 1: All vehicles are flowers. Statement 2: All flowers are foods. Conclusion: All vehicles are foods. Is the conclusion valid?,All vehicles are flowers|All flowers are foods|All vehicles are foods,valid
blood_relation,Nikhil is Riya's son. Riya is Amit's daughter. How is Nikhil related to Amit?,Nikhil|son|Riya;Riya|daughter|Amit,grandson
direction_sense,"Manoj walks 2km west, then 3km south. How far is Manoj from the starting point?",2km west;3km south,3.61
coding_decoding,"If CUP is coded as DVQ, how is LOG coded?",CUP->DVQ;LOG->?,MPH
syllogism,Statement 1: Some animals are plants. Statement 2: All plants are vehicles. Conclusion: Some animals are vehicles. Is the conclusion valid?,Some animals are plants|All plants are vehicles|Some animals are vehicles,valid
blood_relation,Anjali is Karan's father. Karan is Manoj's mother. How is Anjali related to Manoj?,Anjali|father|Karan;Karan|mother|Manoj,grandfather
direction_sense,"Vikram walks 5km east, then 9km west, then 8km west. How far is Vikram from the starting point?",5km east;9km west;8km west,12.0
coding_decoding,"If SUN is coded as UWP, how is BOX coded?",SUN->UWP;BOX->?,DQZ
syllogism,Statement 1: Some cats are animals. Statement 2: All animals are plants. Conclusion: Some cats are plants. Is the conclusion valid?,Some cats are animals|All animals are plants|Some cats are plants,valid
blood_relation,Meera is Nikhil's daughter. Nikhil is Priya's daughter. How is Meera related to Priya?,Meera|daughter|Nikhil;Nikhil|daughter|Priya,granddaughter
direction_sense,"Meera walks 10km north, then 2km north, then 2km north. How far is Meera from the starting point?",10km north;2km north;2km north,14.0
coding_decoding,"If FAN is coded as GBO, how is BOX coded?",FAN->GBO;BOX->?,CPY
syllogism,Statement 1: All animals are mammals. Statement 2: All mammals are fruits. Conclusion: All animals are fruits. Is the conclusion valid?,All animals are mammals|All mammals are fruits|All animals are fruits,valid
blood_relation,Vikram is Amit's son. Amit is Meera's son. How is Vikram related to Meera?,Vikram|son|Amit;Amit|son|Meera,grandson
direction_sense,"Pooja walks 5km west, then 10km south, then 9km south. How far is Pooja from the starting point?",5km west;10km south;9km south,19.65
coding_decoding,"If FAN is coded as GBO, how is KEY coded?",FAN->GBO;KEY->?,LFZ
syllogism,Statement 1: All foods are dogs. Statement 2: No dogs are flowers. Conclusion: No foods are flowers. Is the conclusion valid?,All foods are dogs|No dogs are flowers|No foods are flowers,valid
blood_relation,Rohit is Arjun's mother. Arjun is Riya's mother. How is Rohit related to Riya?,Rohit|mother|Arjun;Arjun|mother|Riya,grandmother
direction_sense,"Sneha walks 10km east, then 4km north. How far is Sneha from the starting point?",10km east;4km north,10.77
coding_decoding,"If MAP is coded as OCR, how is LOG coded?",MAP->OCR;LOG->?,NQI
syllogism,Statement 1: Some birds are cars. Statement 2: Some cars are cats. Conclusion: Some birds are cats. Is the conclusion valid?,Some birds are cars|Some cars are cats|Some birds are cats,invalid
blood_relation,Pooja is Priya's father. Priya is Nikhil's mother. How is Pooja related to Nikhil?,Pooja|father|Priya;Priya|mother|Nikhil,grandfather
direction_sense,"Nikhil walks 6km west, then 8km east, then 8km north. How far is Nikhil from the starting point?",6km west;8km east;8km north,8.25
coding_decoding,"If CAT is coded as HFY, how is BAT coded?",CAT->HFY;BAT->?,GFY
syllogism,Statement 1: No mammals are flowers. Statement 2: Some flowers are vehicles. Conclusion: Some vehicles are not mammals. Is the conclusion valid?,No mammals are flowers|Some flowers are vehicles|Some vehicles are not mammals,valid
blood_relation,Priya is Manoj's daughter. Manoj is Vikram's daughter. How is Priya related to Vikram?,Priya|daughter|Manoj;Manoj|daughter|Vikram,granddaughter
direction_sense,"Rohit walks 9km north, then 4km west. How far is Rohit from the starting point?",9km north;4km west,9.85
coding_decoding,"If SUN is coded as VXQ, how is KEY coded?",SUN->VXQ;KEY->?,NHB
syllogism,Statement 1: All vehicles are dogs. Statement 2: No dogs are plants. Conclusion: No vehicles are plants. Is the conclusion valid?,All vehicles are dogs|No dogs are plants|No vehicles are plants,valid
blood_relation,Arjun is Pooja's son. Pooja is Karan's daughter. How is Arjun related to Karan?,Arjun|son|Pooja;Pooja|daughter|Karan,grandson
direction_sense,"Vikram walks 6km north, then 10km east, then 7km north. How far is Vikram from the starting point?",6km north;10km east;7km north,16.4
coding_decoding,"If MAP is coded as QET, how is LOG coded?",MAP->QET;LOG->?,PSK
syllogism,Statement 1: All animals are flowers. Statement 2: No flowers are cats. Conclusion: No animals are cats. Is the conclusion valid?,All animals are flowers|No flowers are cats|No animals are cats,valid
blood_relation,Sneha is Amit's father. Amit is Riya's father. How is Sneha related to Riya?,Sneha|father|Amit;Amit|father|Riya,grandfather
direction_sense,"Meera walks 7km east, then 8km south, then 10km south. How far is Meera from the starting point?",7km east;8km south;10km south,19.31
coding_decoding,"If CAT is coded as DBU, how is COW coded?",CAT->DBU;COW->?,DPX
syllogism,Statement 1: Some fruits are plants. Statement 2: Some plants are cats. Conclusion: Some fruits are cats. Is the conclusion valid?,Some fruits are plants|Some plants are cats|Some fruits are cats,invalid
blood_relation,Karan is Priya's father. Priya is Amit's mother. How is Karan related to Amit?,Karan|father|Priya;Priya|mother|Amit,grandfather
direction_sense,"Anjali walks 4km north, then 2km east, then 10km south. How far is Anjali from the starting point?",4km north;2km east;10km south,6.32
coding_decoding,"If MAP is coded as OCR, how is LOG coded?",MAP->OCR;LOG->?,NQI
syllogism,Statement 1: Some foods are fruits. Statement 2: All fruits are vehicles. Conclusion: Some foods are vehicles. Is the conclusion valid?,Some foods are fruits|All fruits are vehicles|Some foods are vehicles,valid
blood_relation,Karan is Rohit's mother. Rohit is Manoj's father. How is Karan related to Manoj?,Karan|mother|Rohit;Rohit|father|Manoj,grandmother
direction_sense,"Priya walks 10km south, then 8km west. How far is Priya from the starting point?",10km south;8km west,12.81
coding_decoding,"If PEN is coded as UJS, how is LOG coded?",PEN->UJS;LOG->?,QTL
syllogism,Statement 1: No foods are mammals. Statement 2: Some mammals are vehicles. Conclusion: Some vehicles are not foods. Is the conclusion valid?,No foods are mammals|Some mammals are vehicles|Some vehicles are not foods,valid
blood_relation,Amit is Sneha's mother. Sneha is Vikram's mother. How is Amit related to Vikram?,Amit|mother|Sneha;Sneha|mother|Vikram,grandmother
direction_sense,"Nikhil walks 8km south, then 2km west. How far is Nikhil from the starting point?",8km south;2km west,8.25
coding_decoding,"If CAT is coded as GEX, how is TOP coded?",CAT->GEX;TOP->?,XST
syllogism,Statement 1: No vehicles are foods. Statement 2: Some foods are animals. Conclusion: Some animals are not vehicles. Is the conclusion valid?,No vehicles are foods|Some foods are animals|Some animals are not vehicles,valid
blood_relation,Priya is Amit's son. Amit is Vikram's daughter. How is Priya related to Vikram?,Priya|son|Amit;Amit|daughter|Vikram,grandson
direction_sense,"Sneha walks 3km east, then 5km south, then 4km west. How far is Sneha from the starting point?",3km east;5km south;4km west,5.1
coding_decoding,"If FAN is coded as JER, how is TOP coded?",FAN->JER;TOP->?,XST
syllogism,Statement 1: No foods are dogs. Statement 2: Some dogs are mammals. Conclusion: Some mammals are not foods. Is the conclusion valid?,No foods are dogs|Some dogs are mammals|Some mammals are not foods,valid
blood_relation,Priya is Divya's daughter. Divya is Pooja's son. How is Priya related to Pooja?,Priya|daughter|Divya;Divya|son|Pooja,granddaughter
direction_sense,"Meera walks 2km east, then 4km south. How far is Meera from the starting point?",2km east;4km south,4.47
coding_decoding,"If CUP is coded as GYT, how is BAT coded?",CUP->GYT;BAT->?,FEX
syllogism,Statement 1: Some vehicles are flowers. Statement 2: Some flowers are pets. Conclusion: Some vehicles are pets. Is the conclusion valid?,Some vehicles are flowers|Some flowers are pets|Some vehicles are pets,invalid
blood_relation,Vikram is Suresh's son. Suresh is Sneha's daughter. How is Vikram related to Sneha?,Vikram|son|Suresh;Suresh|daughter|Sneha,grandson
direction_sense,"Anjali walks 4km east, then 7km west, then 6km south. How far is Anjali from the starting point?",4km east;7km west;6km south,6.71
coding_decoding,"If CAT is coded as FDW, how is KEY coded?",CAT->FDW;KEY->?,NHB
syllogism,Statement 1: Some flowers are animals. Statement 2: Some animals are plants. Conclusion: Some flowers are plants. Is the conclusion valid?,Some flowers are animals|Some animals are plants|Some flowers are plants,invalid
blood_relation,Priya is Anjali's daughter. Anjali is Rohit's daughter. How is Priya related to Rohit?,Priya|daughter|Anjali;Anjali|daughter|Rohit,granddaughter
direction_sense,"Kavya walks 9km west, then 2km west, then 6km east. How far is Kavya from the starting point?",9km west;2km west;6km east,5.0
coding_decoding,"If DOG is coded as HSK, how is LOG coded?",DOG->HSK;LOG->?,PSK
syllogism,Statement 1: No vehicles are foods. Statement 2: Some foods are dogs. Conclusion: Some dogs are not vehicles. Is the conclusion valid?,No vehicles are foods|Some foods are dogs|Some dogs are not vehicles,valid
blood_relation,Rohit is Priya's son. Priya is Nikhil's daughter. How is Rohit related to Nikhil?,Rohit|son|Priya;Priya|daughter|Nikhil,grandson
direction_sense,"Vikram walks 8km north, then 4km east. How far is Vikram from the starting point?",8km north;4km east,8.94
coding_decoding,"If FAN is coded as HCP, how is COW coded?",FAN->HCP;COW->?,EQY
syllogism,Statement 1: All animals are fruits. Statement 2: All fruits are dogs. Conclusion: All animals are dogs. Is the conclusion valid?,All animals are fruits|All fruits are dogs|All animals are dogs,valid
blood_relation,Divya is Karan's father. Karan is Amit's mother. How is Divya related to Amit?,Divya|father|Karan;Karan|mother|Amit,grandfather
direction_sense,"Kavya walks 6km south, then 6km east, then 6km east. How far is Kavya from the starting point?",6km south;6km east;6km east,13.42
coding_decoding,"If CUP is coded as GYT, how is COW coded?",CUP->GYT;COW->?,GSA
syllogism,Statement 1: All mammals are pets. Statement 2: All pets are flowers. Conclusion: All mammals are flowers. Is the conclusion valid?,All mammals are pets|All pets are flowers|All mammals are flowers,valid
blood_relation,Vikram is Anjali's son. Anjali is Kavya's son. How is Vikram related to Kavya?,Vikram|son|Anjali;Anjali|son|Kavya,grandson
direction_sense,"Arjun walks 8km south, then 5km north. How far is Arjun from the starting point?",8km south;5km north,3.0
coding_decoding,"If CUP is coded as FXS, how is KEY coded?",CUP->FXS;KEY->?,NHB
syllogism,Statement 1: All vehicles are mammals. Statement 2: All mammals are flowers. Conclusion: All vehicles are flowers. Is the conclusion valid?,All vehicles are mammals|All mammals are flowers|All vehicles are flowers,valid
blood_relation,Meera is Priya's father. Priya is Amit's mother. How is Meera related to Amit?,Meera|father|Priya;Priya|mother|Amit,grandfather
direction_sense,"Manoj walks 9km east, then 2km west, then 4km west. How far is Manoj from the starting point?",9km east;2km west;4km west,3.0
coding_decoding,"If BAT is coded as FEX, how is JAM coded?",BAT->FEX;JAM->?,NEQ
syllogism,Statement 1: Some flowers are birds. Statement 2: Some birds are pets. Conclusion: Some flowers are pets. Is the conclusion valid?,Some flowers are birds|Some birds are pets|Some flowers are pets,invalid
blood_relation,Nikhil is Meera's son. Meera is Kavya's son. How is Nikhil related to Kavya?,Nikhil|son|Meera;Meera|son|Kavya,grandson
direction_sense,"Arjun walks 7km west, then 4km north, then 5km north. How far is Arjun from the starting point?",7km west;4km north;5km north,11.4
coding_decoding,"If BAT is coded as EDW, how is BAT coded?",BAT->EDW;BAT->?,EDW
syllogism,Statement 1: Some vehicles are animals. Statement 2: Some animals are foods. Conclusion: Some vehicles are foods. Is the conclusion valid?,Some vehicles are animals|Some animals are foods|Some vehicles are foods,invalid
blood_relation,Vikram is Meera's son. Meera is Pooja's son. How is Vikram related to Pooja?,Vikram|son|Meera;Meera|son|Pooja,grandson
direction_sense,"Priya walks 5km west, then 10km west. How far is Priya from the starting point?",5km west;10km west,15.0
coding_decoding,"If CUP is coded as GYT, how is BAT coded?",CUP->GYT;BAT->?,FEX
syllogism,Statement 1: All cats are mammals. Statement 2: All mammals are plants. Conclusion: All cats are plants. Is the conclusion valid?,All cats are mammals|All mammals are plants|All cats are plants,valid
blood_relation,Pooja is Suresh's mother. Suresh is Anjali's mother. How is Pooja related to Anjali?,Pooja|mother|Suresh;Suresh|mother|Anjali,grandmother
direction_sense,"Suresh walks 10km west, then 10km north. How far is Suresh from the starting point?",10km west;10km north,14.14
coding_decoding,"If DOG is coded as GRJ, how is KEY coded?",DOG->GRJ;KEY->?,NHB
syllogism,Statement 1: All dogs are pets. Statement 2: No pets are plants. Conclusion: No dogs are plants. Is the conclusion valid?,All dogs are pets|No pets are plants|No dogs are plants,valid
blood_relation,Suresh is Anjali's daughter. Anjali is Divya's daughter. How is Suresh related to Divya?,Suresh|daughter|Anjali;Anjali|daughter|Divya,granddaughter
direction_sense,"Pooja walks 4km south, then 10km west. How far is Pooja from the starting point?",4km south;10km west,10.77
coding_decoding,"If PEN is coded as TIR, how is BOX coded?",PEN->TIR;BOX->?,FSB
syllogism,Statement 1: No cats are flowers. Statement 2: Some flowers are plants. Conclusion: Some plants are not cats. Is the conclusion valid?,No cats are flowers|Some flowers are plants|Some plants are not cats,valid
blood_relation,Anjali is Kavya's father. Kavya is Vikram's mother. How is Anjali related to Vikram?,Anjali|father|Kavya;Kavya|mother|Vikram,grandfather
direction_sense,"Arjun walks 10km east, then 6km west. How far is Arjun from the starting point?",10km east;6km west,4.0
coding_decoding,"If DOG is coded as GRJ, how is BOX coded?",DOG->GRJ;BOX->?,ERA
syllogism,Statement 1: Some dogs are mammals. Statement 2: All mammals are vehicles. Conclusion: Some dogs are vehicles. Is the conclusion valid?,Some dogs are mammals|All mammals are vehicles|Some dogs are vehicles,valid
blood_relation,Kavya is Vikram's father. Vikram is Riya's mother. How is Kavya related to Riya?,Kavya|father|Vikram;Vikram|mother|Riya,grandfather
direction_sense,"Amit walks 5km west, then 10km east, then 7km north. How far is Amit from the starting point?",5km west;10km east;7km north,8.6
coding_decoding,"If SUN is coded as UWP, how is TOP coded?",SUN->UWP;TOP->?,VQR
syllogism,Statement 1: Some vehicles are cats. Statement 2: Some cats are birds. Conclusion: Some vehicles are birds. Is the conclusion valid?,Some vehicles are cats|Some cats are birds|Some vehicles are birds,invalid
blood_relation,Rohit is Karan's son. Karan is Kavya's son. How is Rohit related to Kavya?,Rohit|son|Karan;Karan|son|Kavya,grandson
direction_sense,"Divya walks 8km west, then 9km east. How far is Divya from the starting point?",8km west;9km east,1.0
coding_decoding,"If PEN is coded as QFO, how is TOP coded?",PEN->QFO;TOP->?,UPQ
syllogism,Statement 1: All fruits are vehicles. Statement 2: All vehicles are pets. Conclusion: All fruits are pets. Is the conclusion valid?,All fruits are vehicles|All vehicles are pets|All fruits are pets,valid
blood_relation,Nikhil is Riya's daughter. Riya is Divya's son. How is Nikhil related to Divya?,Nikhil|daughter|Riya;Riya|son|Divya,granddaughter
direction_sense,"Nikhil walks 6km east, then 9km north. How far is Nikhil from the starting point?",6km east;9km north,10.82
coding_decoding,"If DOG is coded as EPH, how is TOP coded?",DOG->EPH;TOP->?,UPQ
syllogism,Statement 1: No pets are birds. Statement 2: Some birds are flowers. Conclusion: Some flowers are not pets. Is the conclusion valid?,No pets are birds|Some birds are flowers|Some flowers are not pets,valid
blood_relation,Sneha is Priya's mother. Priya is Riya's mother. How is Sneha related to Riya?,Sneha|mother|Priya;Priya|mother|Riya,grandmother
direction_sense,"Karan walks 10km west, then 2km south, then 3km west. How far is Karan from the starting point?",10km west;2km south;3km west,13.15
coding_decoding,"If MAP is coded as RFU, how is TOP coded?",MAP->RFU;TOP->?,YTU
syllogism,Statement 1: No mammals are flowers. Statement 2: Some flowers are fruits. Conclusion: Some fruits are not mammals. Is the conclusion valid?,No mammals are flowers|Some flowers are fruits|Some fruits are not mammals,valid
blood_relation,Rohit is Amit's son. Amit is Riya's son. How is Rohit related to Riya?,Rohit|son|Amit;Amit|son|Riya,grandson
direction_sense,"Kavya walks 8km south, then 7km south. How far is Kavya from the starting point?",8km south;7km south,15.0
coding_decoding,"If SUN is coded as VXQ, how is TOP coded?",SUN->VXQ;TOP->?,WRS
syllogism,Statement 1: No birds are foods. Statement 2: Some foods are plants. Conclusion: Some plants are not birds. Is the conclusion valid?,No birds are foods|Some foods are plants|Some plants are not birds,valid
blood_relation,Karan is Nikhil's mother. Nikhil is Sneha's mother. How is Karan related to Sneha?,Karan|mother|Nikhil;Nikhil|mother|Sneha,grandmother
direction_sense,"Nikhil walks 3km east, then 6km west. How far is Nikhil from the starting point?",3km east;6km west,3.0
coding_decoding,"If CUP is coded as EWR, how is TOP coded?",CUP->EWR;TOP->?,VQR
syllogism,Statement 1: All flowers are birds. Statement 2: No birds are vehicles. Conclusion: No flowers are vehicles. Is the conclusion valid?,All flowers are birds|No birds are vehicles|No flowers are vehicles,valid
blood_relation,Amit is Sneha's father. Sneha is Riya's mother. How is Amit related to Riya?,Amit|father|Sneha;Sneha|mother|Riya,grandfather
direction_sense,"Divya walks 4km east, then 2km south. How far is Divya from the starting point?",4km east;2km south,4.47
coding_decoding,"If FAN is coded as JER, how is LOG coded?",FAN->JER;LOG->?,PSK
syllogism,Statement 1: All mammals are fruits. Statement 2: No fruits are flowers. Conclusion: No mammals are flowers. Is the conclusion valid?,All mammals are fruits|No fruits are flowers|No mammals are flowers,valid
blood_relation,Sneha is Anjali's mother. Anjali is Meera's mother. How is Sneha related to Meera?,Sneha|mother|Anjali;Anjali|mother|Meera,grandmother
direction_sense,"Rohit walks 7km south, then 5km west, then 5km east. How far is Rohit from the starting point?",7km south;5km west;5km east,7.0
coding_decoding,"If CAT is coded as GEX, how is BOX coded?",CAT->GEX;BOX->?,FSB
syllogism,Statement 1: No birds are foods. Statement 2: Some foods are fruits. Conclusion: Some fruits are not birds. Is the conclusion valid?,No birds are foods|Some foods are fruits|Some fruits are not birds,valid
blood_relation,Sneha is Riya's father. Riya is Divya's mother. How is Sneha related to Divya?,Sneha|father|Riya;Riya|mother|Divya,grandfather
direction_sense,"Riya walks 2km north, then 6km north. How far is Riya from the starting point?",2km north;6km north,8.0
coding_decoding,"If BAT is coded as EDW, how is KEY coded?",BAT->EDW;KEY->?,NHB
syllogism,Statement 1: Some animals are vehicles. Statement 2: Some vehicles are mammals. Conclusion: Some animals are mammals. Is the conclusion valid?,Some animals are vehicles|Some vehicles are mammals|Some animals are mammals,invalid
blood_relation,Suresh is Karan's mother. Karan is Priya's father. How is Suresh related to Priya?,Suresh|mother|Karan;Karan|father|Priya,grandmother
direction_sense,"Vikram walks 8km north, then 10km north, then 6km north. How far is Vikram from the starting point?",8km north;10km north;6km north,24.0
coding_decoding,"If DOG is coded as HSK, how is BAT coded?",DOG->HSK;BAT->?,FEX
syllogism,Statement 1: Some flowers are vehicles. Statement 2: Some vehicles are cars. Conclusion: Some flowers are cars. Is the conclusion valid?,Some flowers are vehicles|Some vehicles are cars|Some flowers are cars,invalid
blood_relation,Kavya is Amit's father. Amit is Divya's father. How is Kavya related to Divya?,Kavya|father|Amit;Amit|father|Divya,grandfather
direction_sense,"Karan walks 8km east, then 4km west. How far is Karan from the starting point?",8km east;4km west,4.0
coding_decoding,"If CUP is coded as EWR, how is KEY coded?",CUP->EWR;KEY->?,MGA
syllogism,Statement 1: All pets are cars. Statement 2: No cars are flowers. Conclusion: No pets are flowers. Is the conclusion valid?,All pets are cars|No cars are flowers|No pets are flowers,valid
blood_relation,Nikhil is Karan's daughter. Karan is Arjun's daughter. How is Nikhil related to Arjun?,Nikhil|daughter|Karan;Karan|daughter|Arjun,granddaughter
direction_sense,"Kavya walks 9km east, then 8km north. How far is Kavya from the starting point?",9km east;8km north,12.04
coding_decoding,"If DOG is coded as FQI, how is RUN coded?",DOG->FQI;RUN->?,TWP
syllogism,Statement 1: All plants are fruits. Statement 2: All fruits are dogs. Conclusion: All plants are dogs. Is the conclusion valid?,All plants are fruits|All fruits are dogs|All plants are dogs,valid
blood_relation,Meera is Suresh's mother. Suresh is Nikhil's mother. How is Meera related to Nikhil?,Meera|mother|Suresh;Suresh|mother|Nikhil,grandmother
direction_sense,"Riya walks 6km north, then 8km north. How far is Riya from the starting point?",6km north;8km north,14.0
coding_decoding,"If CUP is coded as FXS, how is LOG coded?",CUP->FXS;LOG->?,ORJ
syllogism,Statement 1: All animals are foods. Statement 2: All foods are dogs. Conclusion: All animals are dogs. Is the conclusion valid?,All animals are foods|All foods are dogs|All animals are dogs,valid
blood_relation,Amit is Suresh's mother. Suresh is Anjali's father. How is Amit related to Anjali?,Amit|mother|Suresh;Suresh|father|Anjali,grandmother
direction_sense,"Riya walks 7km north, then 6km east. How far is Riya from the starting point?",7km north;6km east,9.22
coding_decoding,"If CAT is coded as GEX, how is COW coded?",CAT->GEX;COW->?,GSA
syllogism,Statement 1: All pets are cars. Statement 2: All cars are birds. Conclusion: All pets are birds. Is the conclusion valid?,All pets are cars|All cars are birds|All pets are birds,valid
blood_relation,Kavya is Rohit's father. Rohit is Sneha's father. How is Kavya related to Sneha?,Kavya|father|Rohit;Rohit|father|Sneha,grandfather
direction_sense,"Amit walks 3km west, then 8km west. How far is Amit from the starting point?",3km west;8km west,11.0
coding_decoding,"If PEN is coded as UJS, how is COW coded?",PEN->UJS;COW->?,HTB
syllogism,Statement 1: Some flowers are plants. Statement 2: Some plants are pets. Conclusion: Some flowers are pets. Is the conclusion valid?,Some flowers are plants|Some plants are pets|Some flowers are pets,invalid
blood_relation,Pooja is Anjali's daughter. Anjali is Nikhil's son. How is Pooja related to Nikhil?,Pooja|daughter|Anjali;Anjali|son|Nikhil,granddaughter
direction_sense,"Arjun walks 9km east, then 10km west. How far is Arjun from the starting point?",9km east;10km west,1.0
coding_decoding,"If MAP is coded as PDS, how is LOG coded?",MAP->PDS;LOG->?,ORJ
syllogism,Statement 1: All vehicles are plants. Statement 2: All plants are flowers. Conclusion: All vehicles are flowers. Is the conclusion valid?,All vehicles are plants|All plants are flowers|All vehicles are flowers,valid
blood_relation,Meera is Riya's father. Riya is Divya's mother. How is Meera related to Divya?,Meera|father|Riya;Riya|mother|Divya,grandfather
direction_sense,"Nikhil walks 2km west, then 8km west. How far is Nikhil from the starting point?",2km west;8km west,10.0
coding_decoding,"If MAP is coded as NBQ, how is COW coded?",MAP->NBQ;COW->?,DPX
syllogism,Statement 1: All mammals are fruits. Statement 2: No fruits are pets. Conclusion: No mammals are pets. Is the conclusion valid?,All mammals are fruits|No fruits are pets|No mammals are pets,valid
blood_relation,Manoj is Suresh's daughter. Suresh is Arjun's son. How is Manoj related to Arjun?,Manoj|daughter|Suresh;Suresh|son|Arjun,granddaughter
direction_sense,"Divya walks 8km north, then 9km north, then 5km north. How far is Divya from the starting point?",8km north;9km north;5km north,22.0
coding_decoding,"If FAN is coded as GBO, how is BAT coded?",FAN->GBO;BAT->?,CBU
syllogism,Statement 1: Some animals are dogs. Statement 2: All dogs are mammals. Conclusion: Some animals are mammals. Is the conclusion valid?,Some animals are dogs|All dogs are mammals|Some animals are mammals,valid
blood_relation,Riya is Nikhil's mother. Nikhil is Arjun's mother. How is Riya related to Arjun?,Riya|mother|Nikhil;Nikhil|mother|Arjun,grandmother
direction_sense,"Meera walks 5km east, then 3km west. How far is Meera from the starting point?",5km east;3km west,2.0
coding_decoding,"If SUN is coded as TVO, how is BAT coded?",SUN->TVO;BAT->?,CBU
syllogism,Statement 1: Some flowers are plants. Statement 2: Some plants are dogs. Conclusion: Some flowers are dogs. Is the conclusion valid?,Some flowers are plants|Some plants are dogs|Some flowers are dogs,invalid
blood_relation,Priya is Suresh's daughter. Suresh is Kavya's daughter. How is Priya related to Kavya?,Priya|daughter|Suresh;Suresh|daughter|Kavya,granddaughter
direction_sense,"Rohit walks 10km west, then 9km north. How far is Rohit from the starting point?",10km west;9km north,13.45
coding_decoding,"If CAT is coded as FDW, how is RUN coded?",CAT->FDW;RUN->?,UXQ
syllogism,Statement 1: All vehicles are animals. Statement 2: No animals are foods. Conclusion: No vehicles are foods. Is the conclusion valid?,All vehicles are animals|No animals are foods|No vehicles are foods,valid
blood_relation,Amit is Nikhil's mother. Nikhil is Riya's mother. How is Amit related to Riya?,Amit|mother|Nikhil;Nikhil|mother|Riya,grandmother
direction_sense,"Arjun walks 9km east, then 5km north, then 3km east. How far is Arjun from the starting point?",9km east;5km north;3km east,13.0
coding_decoding,"If FAN is coded as GBO, how is LOG coded?",FAN->GBO;LOG->?,MPH
syllogism,Statement 1: Some pets are fruits. Statement 2: All fruits are dogs. Conclusion: Some pets are dogs. Is the conclusion valid?,Some pets are fruits|All fruits are dogs|Some pets are dogs,valid
blood_relation,Sneha is Meera's father. Meera is Anjali's mother. How is Sneha related to Anjali?,Sneha|father|Meera;Meera|mother|Anjali,grandfather
direction_sense,"Kavya walks 3km west, then 8km south, then 10km north. How far is Kavya from the starting point?",3km west;8km south;10km north,3.61
coding_decoding,"If FAN is coded as KFS, how is RUN coded?",FAN->KFS;RUN->?,WZS
syllogism,Statement 1: No cats are vehicles. Statement 2: Some vehicles are mammals. Conclusion: Some mammals are not cats. Is the conclusion valid?,No cats are vehicles|Some vehicles are mammals|Some mammals are not cats,valid
blood_relation,Anjali is Divya's mother. Divya is Manoj's mother. How is Anjali related to Manoj?,Anjali|mother|Divya;Divya|mother|Manoj,grandmother
direction_sense,"Kavya walks 2km west, then 10km north. How far is Kavya from the starting point?",2km west;10km north,10.2
coding_decoding,"If CAT is coded as FDW, how is RUN coded?",CAT->FDW;RUN->?,UXQ
syllogism,Statement 1: All pets are animals. Statement 2: All animals are foods. Conclusion: All pets are foods. Is the conclusion valid?,All pets are animals|All animals are foods|All pets are foods,valid
blood_relation,Meera is Divya's mother. Divya is Arjun's mother. How is Meera related to Arjun?,Meera|mother|Divya;Divya|mother|Arjun,grandmother
direction_sense,"Rohit walks 7km west, then 4km south, then 6km west. How far is Rohit from the starting point?",7km west;4km south;6km west,13.6
coding_decoding,"If BAT is coded as CBU, how is COW coded?",BAT->CBU;COW->?,DPX
syllogism,Statement 1: No animals are plants. Statement 2: Some plants are vehicles. Conclusion: Some vehicles are not animals. Is the conclusion valid?,No animals are plants|Some plants are vehicles|Some vehicles are not animals,valid
blood_relation,Sneha is Manoj's mother. Manoj is Karan's mother. How is Sneha related to Karan?,Sneha|mother|Manoj;Manoj|mother|Karan,grandmother
direction_sense,"Karan walks 6km west, then 8km south. How far is Karan from the starting point?",6km west;8km south,10.0
coding_decoding,"If FAN is coded as JER, how is JAM coded?",FAN->JER;JAM->?,NEQ
syllogism,Statement 1: Some flowers are fruits. Statement 2: Some fruits are pets. Conclusion: Some flowers are pets. Is the conclusion valid?,Some flowers are fruits|Some fruits are pets|Some flowers are pets,invalid
blood_relation,Suresh is Kavya's father. Kavya is Manoj's mother. How is Suresh related to Manoj?,Suresh|father|Kavya;Kavya|mother|Manoj,grandfather
direction_sense,"Amit walks 2km north, then 7km north, then 8km east. How far is Amit from the starting point?",2km north;7km north;8km east,12.04
coding_decoding,"If FAN is coded as HCP, how is BAT coded?",FAN->HCP;BAT->?,DCV
syllogism,Statement 1: All flowers are cars. Statement 2: All cars are birds. Conclusion: All flowers are birds. Is the conclusion valid?,All flowers are cars|All cars are birds|All flowers are birds,valid
blood_relation,Manoj is Priya's son. Priya is Sneha's son. How is Manoj related to Sneha?,Manoj|son|Priya;Priya|son|Sneha,grandson
direction_sense,"Divya walks 10km south, then 8km north. How far is Divya from the starting point?",10km south;8km north,2.0
coding_decoding,"If SUN is coded as WYR, how is JAM coded?",SUN->WYR;JAM->?,NEQ
syllogism,Statement 1: No vehicles are flowers. Statement 2: Some flowers are birds. Conclusion: Some birds are not vehicles. Is the conclusion valid?,No vehicles are flowers|Some flowers are birds|Some birds are not vehicles,valid
blood_relation,Manoj is Arjun's son. Arjun is Sneha's daughter. How is Manoj related to Sneha?,Manoj|son|Arjun;Arjun|daughter|Sneha,grandson
direction_sense,"Sneha walks 3km north, then 5km west, then 5km west. How far is Sneha from the starting point?",3km north;5km west;5km west,10.44
coding_decoding,"If CAT is coded as GEX, how is BAT coded?",CAT->GEX;BAT->?,FEX
syllogism,Statement 1: All cars are cats. Statement 2: All cats are flowers. Conclusion: All cars are flowers. Is the conclusion valid?,All cars are cats|All cats are flowers|All cars are flowers,valid
blood_relation,Suresh is Rohit's son. Rohit is Sneha's daughter. How is Suresh related to Sneha?,Suresh|son|Rohit;Rohit|daughter|Sneha,grandson
direction_sense,"Sneha walks 3km north, then 9km west. How far is Sneha from the starting point?",3km north;9km west,9.49
coding_decoding,"If MAP is coded as NBQ, how is COW coded?",MAP->NBQ;COW->?,DPX
syllogism,Statement 1: Some mammals are plants. Statement 2: All plants are cars. Conclusion: Some mammals are cars. Is the conclusion valid?,Some mammals are plants|All plants are cars|Some mammals are cars,valid
blood_relation,Sneha is Divya's daughter. Divya is Amit's son. How is Sneha related to Amit?,Sneha|daughter|Divya;Divya|son|Amit,granddaughter
direction_sense,"Kavya walks 10km south, then 2km west. How far is Kavya from the starting point?",10km south;2km west,10.2
coding_decoding,"If SUN is coded as XZS, how is JAM coded?",SUN->XZS;JAM->?,OFR
syllogism,Statement 1: Some flowers are dogs. Statement 2: All dogs are vehicles. Conclusion: Some flowers are vehicles. Is the conclusion valid?,Some flowers are dogs|All dogs are vehicles|Some flowers are vehicles,valid
blood_relation,Priya is Suresh's daughter. Suresh is Pooja's daughter. How is Priya related to Pooja?,Priya|daughter|Suresh;Suresh|daughter|Pooja,granddaughter
direction_sense,"Riya walks 10km south, then 7km west, then 10km west. How far is Riya from the starting point?",10km south;7km west;10km west,19.72
coding_decoding,"If DOG is coded as HSK, how is KEY coded?",DOG->HSK;KEY->?,OIC
syllogism,Statement 1: Some dogs are fruits. Statement 2: Some fruits are vehicles. Conclusion: Some dogs are vehicles. Is the conclusion valid?,Some dogs are fruits|Some fruits are vehicles|Some dogs are vehicles,invalid
blood_relation,Karan is Anjali's father. Anjali is Rohit's father. How is Karan related to Rohit?,Karan|father|Anjali;Anjali|father|Rohit,grandfather
direction_sense,"Priya walks 7km north, then 7km east, then 7km south. How far is Priya from the starting point?",7km north;7km east;7km south,7.0
coding_decoding,"If FAN is coded as KFS, how is RUN coded?",FAN->KFS;RUN->?,WZS
syllogism,Statement 1: No cars are dogs. Statement 2: Some dogs are flowers. Conclusion: Some flowers are not cars. Is the conclusion valid?,No cars are dogs|Some dogs are flowers|Some flowers are not cars,valid
blood_relation,Karan is Kavya's mother. Kavya is Pooja's father. How is Karan related to Pooja?,Karan|mother|Kavya;Kavya|father|Pooja,grandmother
direction_sense,"Nikhil walks 10km east, then 9km east, then 3km west. How far is Nikhil from the starting point?",10km east;9km east;3km west,16.0
coding_decoding,"If DOG is coded as ITL, how is BAT coded?",DOG->ITL;BAT->?,GFY
syllogism,Statement 1: Some vehicles are cats. Statement 2: All cats are flowers. Conclusion: Some vehicles are flowers. Is the conclusion valid?,Some vehicles are cats|All cats are flowers|Some vehicles are flowers,valid
blood_relation,Meera is Karan's daughter. Karan is Rohit's daughter. How is Meera related to Rohit?,Meera|daughter|Karan;Karan|daughter|Rohit,granddaughter
direction_sense,"Meera walks 4km east, then 4km east, then 6km south. How far is Meera from the starting point?",4km east;4km east;6km south,10.0
coding_decoding,"If FAN is coded as GBO, how is BOX coded?",FAN->GBO;BOX->?,CPY
syllogism,Statement 1: No flowers are dogs. Statement 2: Some dogs are birds. Conclusion: Some birds are not flowers. Is the conclusion valid?,No flowers are dogs|Some dogs are birds|Some birds are not flowers,valid
blood_relation,Anjali is Priya's father. Priya is Amit's father. How is Anjali related to Amit?,Anjali|father|Priya;Priya|father|Amit,grandfather
direction_sense,"Riya walks 7km west, then 3km east. How far is Riya from the starting point?",7km west;3km east,4.0
coding_decoding,"If MAP is coded as PDS, how is RUN coded?",MAP->PDS;RUN->?,UXQ
syllogism,Statement 1: Some pets are vehicles. Statement 2: All vehicles are cats. Conclusion: Some pets are cats. Is the conclusion valid?,Some pets are vehicles|All vehicles are cats|Some pets are cats,valid
blood_relation,Priya is Vikram's father. Vikram is Kavya's father. How is Priya related to Kavya?,Priya|father|Vikram;Vikram|father|Kavya,grandfather
direction_sense,"Suresh walks 10km east, then 2km west. How far is Suresh from the starting point?",10km east;2km west,8.0
coding_decoding,"If PEN is coded as QFO, how is KEY coded?",PEN->QFO;KEY->?,LFZ
syllogism,Statement 1: All cats are dogs. Statement 2: No dogs are foods. Conclusion: No cats are foods. Is the conclusion valid?,All cats are dogs|No dogs are foods|No cats are foods,valid
blood_relation,Priya is Sneha's mother. Sneha is Pooja's father. How is Priya related to Pooja?,Priya|mother|Sneha;Sneha|father|Pooja,grandmother
direction_sense,"Divya walks 6km west, then 2km west, then 3km north. How far is Divya from the starting point?",6km west;2km west;3km north,8.54
coding_decoding,"If DOG is coded as EPH, how is LOG coded?",DOG->EPH;LOG->?,MPH
syllogism,Statement 1: All mammals are flowers. Statement 2: No flowers are cats. Conclusion: No mammals are cats. Is the conclusion valid?,All mammals are flowers|No flowers are cats|No mammals are cats,valid
blood_relation,Manoj is Amit's father. Amit is Pooja's father. How is Manoj related to Pooja?,Manoj|father|Amit;Amit|father|Pooja,grandfather
direction_sense,"Manoj walks 7km east, then 2km west. How far is Manoj from the starting point?",7km east;2km west,5.0
coding_decoding,"If PEN is coded as UJS, how is BAT coded?",PEN->UJS;BAT->?,GFY
syllogism,Statement 1: All foods are fruits. Statement 2: All fruits are cats. Conclusion: All foods are cats. Is the conclusion valid?,All foods are fruits|All fruits are cats|All foods are cats,valid
blood_relation,Anjali is Karan's daughter. Karan is Suresh's daughter. How is Anjali related to Suresh?,Anjali|daughter|Karan;Karan|daughter|Suresh,granddaughter
direction_sense,"Meera walks 9km east, then 3km south, then 10km west. How far is Meera from the starting point?",9km east;3km south;10km west,3.16
coding_decoding,"If BAT is coded as FEX, how is RUN coded?",BAT->FEX;RUN->?,VYR
syllogism,Statement 1: No pets are cars. Statement 2: Some cars are plants. Conclusion: Some plants are not pets. Is the conclusion valid?,No pets are cars|Some cars are plants|Some plants are not pets,valid
blood_relation,Suresh is Nikhil's son. Nikhil is Meera's son. How is Suresh related to Meera?,Suresh|son|Nikhil;Nikhil|son|Meera,grandson
direction_sense,"Manoj walks 3km west, then 4km north, then 3km east. How far is Manoj from the starting point?",3km west;4km north;3km east,4.0
coding_decoding,"If CUP is coded as FXS, how is RUN coded?",CUP->FXS;RUN->?,UXQ
syllogism,Statement 1: Some fruits are animals. Statement 2: Some animals are vehicles. Conclusion: Some fruits are vehicles. Is the conclusion valid?,Some fruits are animals|Some animals are vehicles|Some fruits are vehicles,invalid
blood_relation,Riya is Kavya's father. Kavya is Rohit's father. How is Riya related to Rohit?,Riya|father|Kavya;Kavya|father|Rohit,grandfather
direction_sense,"Kavya walks 4km east, then 3km east, then 8km south. How far is Kavya from the starting point?",4km east;3km east;8km south,10.63
coding_decoding,"If FAN is coded as IDQ, how is KEY coded?",FAN->IDQ;KEY->?,NHB
syllogism,Statement 1: No cars are mammals. Statement 2: Some mammals are animals. Conclusion: Some animals are not cars. Is the conclusion valid?,No cars are mammals|Some mammals are animals|Some animals are not cars,valid
blood_relation,Rohit is Riya's son. Riya is Vikram's son. How is Rohit related to Vikram?,Rohit|son|Riya;Riya|son|Vikram,grandson
direction_sense,"Sneha walks 7km north, then 7km north, then 10km north. How far is Sneha from the starting point?",7km north;7km north;10km north,24.0
coding_decoding,"If PEN is coded as RGP, how is JAM coded?",PEN->RGP;JAM->?,LCO
syllogism,Statement 1: All birds are vehicles. Statement 2: No vehicles are plants. Conclusion: No birds are plants. Is the conclusion valid?,All birds are vehicles|No vehicles are plants|No birds are plants,valid
blood_relation,Anjali is Manoj's daughter. Manoj is Arjun's son. How is Anjali related to Arjun?,Anjali|daughter|Manoj;Manoj|son|Arjun,granddaughter
direction_sense,"Manoj walks 7km east, then 5km west. How far is Manoj from the starting point?",7km east;5km west,2.0
coding_decoding,"If PEN is coded as UJS, how is JAM coded?",PEN->UJS;JAM->?,OFR
syllogism,Statement 1: All birds are flowers. Statement 2: No flowers are fruits. Conclusion: No birds are fruits. Is the conclusion valid?,All birds are flowers|No flowers are fruits|No birds are fruits,valid
blood_relation,Riya is Kavya's father. Kavya is Pooja's father. How is Riya related to Pooja?,Riya|father|Kavya;Kavya|father|Pooja,grandfather
direction_sense,"Sneha walks 5km west, then 9km west. How far is Sneha from the starting point?",5km west;9km west,14.0
coding_decoding,"If BAT is coded as CBU, how is JAM coded?",BAT->CBU;JAM->?,KBN
syllogism,Statement 1: No birds are vehicles. Statement 2: Some vehicles are dogs. Conclusion: Some dogs are not birds. Is the conclusion valid?,No birds are vehicles|Some vehicles are dogs|Some dogs are not birds,valid
blood_relation,Manoj is Riya's mother. Riya is Suresh's mother. How is Manoj related to Suresh?,Manoj|mother|Riya;Riya|mother|Suresh,grandmother
direction_sense,"Nikhil walks 4km south, then 8km south, then 10km north. How far is Nikhil from the starting point?",4km south;8km south;10km north,2.0
coding_decoding,"If CUP is coded as EWR, how is RUN coded?",CUP->EWR;RUN->?,TWP
syllogism,Statement 1: Some flowers are vehicles. Statement 2: All vehicles are birds. Conclusion: Some flowers are birds. Is the conclusion valid?,Some flowers are vehicles|All vehicles are birds|Some flowers are birds,valid
blood_relation,Vikram is Arjun's mother. Arjun is Kavya's father. How is Vikram related to Kavya?,Vikram|mother|Arjun;Arjun|father|Kavya,grandmother
direction_sense,"Arjun walks 5km south, then 5km north. How far is Arjun from the starting point?",5km south;5km north,0.0
coding_decoding,"If FAN is coded as HCP, how is LOG coded?",FAN->HCP;LOG->?,NQI
syllogism,Statement 1: Some flowers are animals. Statement 2: Some animals are fruits. Conclusion: Some flowers are fruits. Is the conclusion valid?,Some flowers are animals|Some animals are fruits|Some flowers are fruits,invalid
blood_relation,Riya is Kavya's mother. Kavya is Pooja's father. How is Riya related to Pooja?,Riya|mother|Kavya;Kavya|father|Pooja,grandmother
direction_sense,"Anjali walks 4km west, then 2km east, then 5km south. How far is Anjali from the starting point?",4km west;2km east;5km south,5.39
coding_decoding,"If DOG is coded as FQI, how is TOP coded?",DOG->FQI;TOP->?,VQR
syllogism,Statement 1: Some foods are fruits. Statement 2: Some fruits are vehicles. Conclusion: Some foods are vehicles. Is the conclusion valid?,Some foods are fruits|Some fruits are vehicles|Some foods are vehicles,invalid
blood_relation,Meera is Priya's son. Priya is Anjali's daughter. How is Meera related to Anjali?,Meera|son|Priya;Priya|daughter|Anjali,grandson
direction_sense,"Manoj walks 9km west, then 10km west. How far is Manoj from the starting point?",9km west;10km west,19.0
coding_decoding,"If MAP is coded as OCR, how is BAT coded?",MAP->OCR;BAT->?,DCV
syllogism,Statement 1: All birds are cars. Statement 2: All cars are dogs. Conclusion: All birds are dogs. Is the conclusion valid?,All birds are cars|All cars are dogs|All birds are dogs,valid
blood_relation,Nikhil is Arjun's son. Arjun is Rohit's daughter. How is Nikhil related to Rohit?,Nikhil|son|Arjun;Arjun|daughter|Rohit,grandson
direction_sense,"Divya walks 8km north, then 8km south. How far is Divya from the starting point?",8km north;8km south,0.0
coding_decoding,"If MAP is coded as QET, how is TOP coded?",MAP->QET;TOP->?,XST
syllogism,Statement 1: Some vehicles are pets. Statement 2: All pets are animals. Conclusion: Some vehicles are animals. Is the conclusion valid?,Some vehicles are pets|All pets are animals|Some vehicles are animals,valid
blood_relation,Anjali is Kavya's father. Kavya is Pooja's mother. How is Anjali related to Pooja?,Anjali|father|Kavya;Kavya|mother|Pooja,grandfather
direction_sense,"Pooja walks 2km north, then 3km north, then 10km west. How far is Pooja from the starting point?",2km north;3km north;10km west,11.18
coding_decoding,"If SUN is coded as UWP, how is BAT coded?",SUN->UWP;BAT->?,DCV
syllogism,Statement 1: No birds are cars. Statement 2: Some cars are mammals. Conclusion: Some mammals are not birds. Is the conclusion valid?,No birds are cars|Some cars are mammals|Some mammals are not birds,valid
blood_relation,Rohit is Arjun's mother. Arjun is Pooja's father. How is Rohit related to Pooja?,Rohit|mother|Arjun;Arjun|father|Pooja,grandmother
direction_sense,"Manoj walks 10km south, then 5km west, then 4km south. How far is Manoj from the starting point?",10km south;5km west;4km south,14.87
coding_decoding,"If CAT is coded as FDW, how is BAT coded?",CAT->FDW;BAT->?,EDW
syllogism,Statement 1: Some plants are birds. Statement 2: Some birds are cars. Conclusion: Some plants are cars. Is the conclusion valid?,Some plants are birds|Some birds are cars|Some plants are cars,invalid
blood_relation,Riya is Arjun's mother. Arjun is Meera's mother. How is Riya related to Meera?,Riya|mother|Arjun;Arjun|mother|Meera,grandmother
direction_sense,"Arjun walks 10km north, then 6km north. How far is Arjun from the starting point?",10km north;6km north,16.0
coding_decoding,"If CUP is coded as GYT, how is BAT coded?",CUP->GYT;BAT->?,FEX
syllogism,Statement 1: All cars are animals. Statement 2: No animals are plants. Conclusion: No cars are plants. Is the conclusion valid?,All cars are animals|No animals are plants|No cars are plants,valid
blood_relation,Arjun is Kavya's daughter. Kavya is Anjali's son. How is Arjun related to Anjali?,Arjun|daughter|Kavya;Kavya|son|Anjali,granddaughter
direction_sense,"Rohit walks 10km west, then 10km east. How far is Rohit from the starting point?",10km west;10km east,0.0
coding_decoding,"If CAT is coded as ECV, how is TOP coded?",CAT->ECV;TOP->?,VQR
syllogism,Statement 1: No foods are cats. Statement 2: Some cats are flowers. Conclusion: Some flowers are not foods. Is the conclusion valid?,No foods are cats|Some cats are flowers|Some flowers are not foods,valid
blood_relation,Rohit is Kavya's father. Kavya is Anjali's father. How is Rohit related to Anjali?,Rohit|father|Kavya;Kavya|father|Anjali,grandfather
direction_sense,"Rohit walks 6km north, then 6km east, then 6km west. How far is Rohit from the starting point?",6km north;6km east;6km west,6.0
coding_decoding,"If SUN is coded as UWP, how is KEY coded?",SUN->UWP;KEY->?,MGA
syllogism,Statement 1: Some pets are plants. Statement 2: All plants are dogs. Conclusion: Some pets are dogs. Is the conclusion valid?,Some pets are plants|All plants are dogs|Some pets are dogs,valid
blood_relation,Meera is Sneha's father. Sneha is Nikhil's father. How is Meera related to Nikhil?,Meera|father|Sneha;Sneha|father|Nikhil,grandfather
direction_sense,"Riya walks 3km east, then 9km north. How far is Riya from the starting point?",3km east;9km north,9.49
coding_decoding,"If CUP is coded as FXS, how is BAT coded?",CUP->FXS;BAT->?,EDW
syllogism,Statement 1: All foods are flowers. Statement 2: No flowers are pets. Conclusion: No foods are pets. Is the conclusion valid?,All foods are flowers|No flowers are pets|No foods are pets,valid
blood_relation,Vikram is Amit's daughter. Amit is Anjali's son. How is Vikram related to Anjali?,Vikram|daughter|Amit;Amit|son|Anjali,granddaughter
direction_sense,"Kavya walks 9km west, then 5km east, then 7km east. How far is Kavya from the starting point?",9km west;5km east;7km east,3.0
coding_decoding,"If PEN is coded as SHQ, how is JAM coded?",PEN->SHQ;JAM->?,MDP
syllogism,Statement 1: Some dogs are plants. Statement 2: Some plants are pets. Conclusion: Some dogs are pets. Is the conclusion valid?,Some dogs are plants|Some plants are pets|Some dogs are pets,invalid
blood_relation,Nikhil is Sneha's mother. Sneha is Amit's mother. How is Nikhil related to Amit?,Nikhil|mother|Sneha;Sneha|mother|Amit,grandmother
direction_sense,"Arjun walks 3km north, then 8km west. How far is Arjun from the starting point?",3km north;8km west,8.54
coding_decoding,"If BAT is coded as DCV, how is BAT coded?",BAT->DCV;BAT->?,DCV
syllogism,Statement 1: No vehicles are birds. Statement 2: Some birds are dogs. Conclusion: Some dogs are not vehicles. Is the conclusion valid?,No vehicles are birds|Some birds are dogs|Some dogs are not vehicles,valid
blood_relation,Manoj is Vikram's father. Vikram is Sneha's father. How is Manoj related to Sneha?,Manoj|father|Vikram;Vikram|father|Sneha,grandfather
direction_sense,"Priya walks 9km north, then 6km north. How far is Priya from the starting point?",9km north;6km north,15.0
coding_decoding,"If PEN is coded as TIR, how is KEY coded?",PEN->TIR;KEY->?,OIC
syllogism,Statement 1: All cats are pets. Statement 2: All pets are dogs. Conclusion: All cats are dogs. Is the conclusion valid?,All cats are pets|All pets are dogs|All cats are dogs,valid
blood_relation,Nikhil is Divya's mother. Divya is Arjun's mother. How is Nikhil related to Arjun?,Nikhil|mother|Divya;Divya|mother|Arjun,grandmother
direction_sense,"Divya walks 7km north, then 8km west. How far is Divya from the starting point?",7km north;8km west,10.63
coding_decoding,"If SUN is coded as WYR, how is JAM coded?",SUN->WYR;JAM->?,NEQ
syllogism,Statement 1: All plants are dogs. Statement 2: All dogs are fruits. Conclusion: All plants are fruits. Is the conclusion valid?,All plants are dogs|All dogs are fruits|All plants are fruits,valid
blood_relation,Rohit is Priya's daughter. Priya is Riya's daughter. How is Rohit related to Riya?,Rohit|daughter|Priya;Priya|daughter|Riya,granddaughter
direction_sense,"Amit walks 5km north, then 9km south. How far is Amit from the starting point?",5km north;9km south,4.0
coding_decoding,"If SUN is coded as UWP, how is COW coded?",SUN->UWP;COW->?,EQY
syllogism,Statement 1: Some flowers are foods. Statement 2: All foods are pets. Conclusion: Some flowers are pets. Is the conclusion valid?,Some flowers are foods|All foods are pets|Some flowers are pets,valid
blood_relation,Nikhil is Priya's son. Priya is Sneha's son. How is Nikhil related to Sneha?,Nikhil|son|Priya;Priya|son|Sneha,grandson
direction_sense,"Sneha walks 5km south, then 2km east, then 7km south. How far is Sneha from the starting point?",5km south;2km east;7km south,12.17
coding_decoding,"If FAN is coded as GBO, how is COW coded?",FAN->GBO;COW->?,DPX
syllogism,Statement 1: Some cars are fruits. Statement 2: All fruits are pets. Conclusion: Some cars are pets. Is the conclusion valid?,Some cars are fruits|All fruits are pets|Some cars are pets,valid
blood_relation,Manoj is Divya's father. Divya is Anjali's mother. How is Manoj related to Anjali?,Manoj|father|Divya;Divya|mother|Anjali,grandfather
direction_sense,"Nikhil walks 2km south, then 4km south. How far is Nikhil from the starting point?",2km south;4km south,6.0
coding_decoding,"If PEN is coded as TIR, how is LOG coded?",PEN->TIR;LOG->?,PSK
syllogism,Statement 1: Some fruits are flowers. Statement 2: All flowers are cats. Conclusion: Some fruits are cats. Is the conclusion valid?,Some fruits are flowers|All flowers are cats|Some fruits are cats,valid
blood_relation,Pooja is Rohit's father. Rohit is Riya's father. How is Pooja related to Riya?,Pooja|father|Rohit;Rohit|father|Riya,grandfather
direction_sense,"Amit walks 10km north, then 5km south, then 4km west. How far is Amit from the starting point?",10km north;5km south;4km west,6.4
coding_decoding,"If BAT is coded as FEX, how is BAT coded?",BAT->FEX;BAT->?,FEX
syllogism,Statement 1: All cars are plants. Statement 2: No plants are fruits. Conclusion: No cars are fruits. Is the conclusion valid?,All cars are plants|No plants are fruits|No cars are fruits,valid
blood_relation,Meera is Riya's daughter. Riya is Amit's son. How is Meera related to Amit?,Meera|daughter|Riya;Riya|son|Amit,granddaughter
direction_sense,"Manoj walks 5km south, then 8km east, then 8km west. How far is Manoj from the starting point?",5km south;8km east;8km west,5.0
coding_decoding,"If PEN is coded as QFO, how is COW coded?",PEN->QFO;COW->?,DPX
syllogism,Statement 1: No vehicles are foods. Statement 2: Some foods are flowers. Conclusion: Some flowers are not vehicles. Is the conclusion valid?,No vehicles are foods|Some foods are flowers|Some flowers are not vehicles,valid
blood_relation,Divya is Kavya's father. Kavya is Vikram's mother. How is Divya related to Vikram?,Divya|father|Kavya;Kavya|mother|Vikram,grandfather
direction_sense,"Divya walks 5km east, then 3km north, then 3km south. How far is Divya from the starting point?",5km east;3km north;3km south,5.0
coding_decoding,"If FAN is coded as IDQ, how is TOP coded?",FAN->IDQ;TOP->?,WRS
syllogism,Statement 1: All flowers are birds. Statement 2: No birds are cats. Conclusion: No flowers are cats. Is the conclusion valid?,All flowers are birds|No birds are cats|No flowers are cats,valid
blood_relation,Priya is Rohit's daughter. Rohit is Karan's son. How is Priya related to Karan?,Priya|daughter|Rohit;Rohit|son|Karan,granddaughter
direction_sense,"Riya walks 10km east, then 8km west. How far is Riya from the starting point?",10km east;8km west,2.0
coding_decoding,"If CAT is coded as FDW, how is KEY coded?",CAT->FDW;KEY->?,NHB
syllogism,Statement 1: No foods are plants. Statement 2: Some plants are vehicles. Conclusion: Some vehicles are not foods. Is the conclusion valid?,No foods are plants|Some plants are vehicles|Some vehicles are not foods,valid
blood_relation,Vikram is Amit's father. Amit is Kavya's mother. How is Vikram related to Kavya?,Vikram|father|Amit;Amit|mother|Kavya,grandfather
direction_sense,"Suresh walks 10km south, then 8km west. How far is Suresh from the starting point?",10km south;8km west,12.81
coding_decoding,"If PEN is coded as TIR, how is JAM coded?",PEN->TIR;JAM->?,NEQ
syllogism,Statement 1: All plants are fruits. Statement 2: No fruits are mammals. Conclusion: No plants are mammals. Is the conclusion valid?,All plants are fruits|No fruits are mammals|No plants are mammals,valid
blood_relation,Manoj is Vikram's son. Vikram is Priya's daughter. How is Manoj related to Priya?,Manoj|son|Vikram;Vikram|daughter|Priya,grandson
direction_sense,"Sneha walks 6km north, then 2km south. How far is Sneha from the starting point?",6km north;2km south,4.0
coding_decoding,"If MAP is coded as PDS, how is BAT coded?",MAP->PDS;BAT->?,EDW
syllogism,Statement 1: Some mammals are pets. Statement 2: Some pets are dogs. Conclusion: Some mammals are dogs. Is the conclusion valid?,Some mammals are pets|Some pets are dogs|Some mammals are dogs,invalid
blood_relation,Sneha is Divya's daughter. Divya is Priya's daughter. How is Sneha related to Priya?,Sneha|daughter|Divya;Divya|daughter|Priya,granddaughter
direction_sense,"Divya walks 8km west, then 2km east, then 8km east. How far is Divya from the starting point?",8km west;2km east;8km east,2.0
coding_decoding,"If PEN is coded as UJS, how is KEY coded?",PEN->UJS;KEY->?,PJD
syllogism,Statement 1: Some fruits are birds. Statement 2: All birds are flowers. Conclusion: Some fruits are flowers. Is the conclusion valid?,Some fruits are birds|All birds are flowers|Some fruits are flowers,valid
blood_relation,Manoj is Divya's son. Divya is Meera's daughter. How is Manoj related to Meera?,Manoj|son|Divya;Divya|daughter|Meera,grandson
direction_sense,"Suresh walks 8km east, then 7km east. How far is Suresh from the starting point?",8km east;7km east,15.0
coding_decoding,"If FAN is coded as GBO, how is COW coded?",FAN->GBO;COW->?,DPX
syllogism,Statement 1: No animals are plants. Statement 2: Some plants are cats. Conclusion: Some cats are not animals. Is the conclusion valid?,No animals are plants|Some plants are cats|Some cats are not animals,valid
blood_relation,Priya is Pooja's son. Pooja is Manoj's daughter. How is Priya related to Manoj?,Priya|son|Pooja;Pooja|daughter|Manoj,grandson
direction_sense,"Meera walks 6km west, then 10km north, then 6km west. How far is Meera from the starting point?",6km west;10km north;6km west,15.62
coding_decoding,"If PEN is coded as UJS, how is TOP coded?",PEN->UJS;TOP->?,YTU
syllogism,Statement 1: No pets are mammals. Statement 2: Some mammals are cars. Conclusion: Some cars are not pets. Is the conclusion valid?,No pets are mammals|Some mammals are cars|Some cars are not pets,valid
blood_relation,Sneha is Nikhil's son. Nikhil is Divya's daughter. How is Sneha related to Divya?,Sneha|son|Nikhil;Nikhil|daughter|Divya,grandson
direction_sense,"Riya walks 4km south, then 6km north. How far is Riya from the starting point?",4km south;6km north,2.0
coding_decoding,"If CAT is coded as GEX, how is BOX coded?",CAT->GEX;BOX->?,FSB
syllogism,Statement 1: All mammals are fruits. Statement 2: All fruits are birds. Conclusion: All mammals are birds. Is the conclusion valid?,All mammals are fruits|All fruits are birds|All mammals are birds,valid
blood_relation,Divya is Riya's son. Riya is Rohit's son. How is Divya related to Rohit?,Divya|son|Riya;Riya|son|Rohit,grandson
direction_sense,"Vikram walks 7km east, then 5km east. How far is Vikram from the starting point?",7km east;5km east,12.0
coding_decoding,"If PEN is coded as SHQ, how is JAM coded?",PEN->SHQ;JAM->?,MDP
syllogism,Statement 1: Some cats are fruits. Statement 2: Some fruits are plants. Conclusion: Some cats are plants. Is the conclusion valid?,Some cats are fruits|Some fruits are plants|Some cats are plants,invalid
blood_relation,Divya is Sneha's daughter. Sneha is Vikram's son. How is Divya related to Vikram?,Divya|daughter|Sneha;Sneha|son|Vikram,granddaughter
direction_sense,"Divya walks 3km west, then 4km south. How far is Divya from the starting point?",3km west;4km south,5.0
coding_decoding,"If FAN is coded as IDQ, how is RUN coded?",FAN->IDQ;RUN->?,UXQ
syllogism,Statement 1: Some vehicles are dogs. Statement 2: Some dogs are birds. Conclusion: Some vehicles are birds. Is the conclusion valid?,Some vehicles are dogs|Some dogs are birds|Some vehicles are birds,invalid
blood_relation,Pooja is Amit's father. Amit is Meera's mother. How is Pooja related to Meera?,Pooja|father|Amit;Amit|mother|Meera,grandfather
direction_sense,"Suresh walks 7km north, then 6km north. How far is Suresh from the starting point?",7km north;6km north,13.0
coding_decoding,"If PEN is coded as SHQ, how is RUN coded?",PEN->SHQ;RUN->?,UXQ
syllogism,Statement 1: No cars are flowers. Statement 2: Some flowers are plants. Conclusion: Some plants are not cars. Is the conclusion valid?,No cars are flowers|Some flowers are plants|Some plants are not cars,valid
blood_relation,Pooja is Kavya's father. Kavya is Riya's father. How is Pooja related to Riya?,Pooja|father|Kavya;Kavya|father|Riya,grandfather
direction_sense,"Amit walks 8km south, then 4km east. How far is Amit from the starting point?",8km south;4km east,8.94
coding_decoding,"If CUP is coded as EWR, how is RUN coded?",CUP->EWR;RUN->?,TWP
syllogism,Statement 1: All pets are foods. Statement 2: No foods are dogs. Conclusion: No pets are dogs. Is the conclusion valid?,All pets are foods|No foods are dogs|No pets are dogs,valid
blood_relation,Vikram is Suresh's daughter. Suresh is Manoj's daughter. How is Vikram related to Manoj?,Vikram|daughter|Suresh;Suresh|daughter|Manoj,granddaughter
direction_sense,"Arjun walks 5km north, then 7km west, then 4km south. How far is Arjun from the starting point?",5km north;7km west;4km south,7.07
coding_decoding,"If CUP is coded as FXS, how is JAM coded?",CUP->FXS;JAM->?,MDP
syllogism,Statement 1: All birds are fruits. Statement 2: No fruits are plants. Conclusion: No birds are plants. Is the conclusion valid?,All birds are fruits|No fruits are plants|No birds are plants,valid
blood_relation,Riya is Arjun's daughter. Arjun is Pooja's son. How is Riya related to Pooja?,Riya|daughter|Arjun;Arjun|son|Pooja,granddaughter
direction_sense,"Manoj walks 8km east, then 5km north. How far is Manoj from the starting point?",8km east;5km north,9.43
coding_decoding,"If CAT is coded as GEX, how is KEY coded?",CAT->GEX;KEY->?,OIC
syllogism,Statement 1: No animals are foods. Statement 2: Some foods are cats. Conclusion: Some cats are not animals. Is the conclusion valid?,No animals are foods|Some foods are cats|Some cats are not animals,valid
blood_relation,Pooja is Kavya's mother. Kavya is Divya's mother. How is Pooja related to Divya?,Pooja|mother|Kavya;Kavya|mother|Divya,grandmother
direction_sense,"Nikhil walks 10km north, then 2km east, then 10km north. How far is Nikhil from the starting point?",10km north;2km east;10km north,20.1
coding_decoding,"If FAN is coded as HCP, how is JAM coded?",FAN->HCP;JAM->?,LCO
syllogism,Statement 1: All dogs are flowers. Statement 2: No flowers are plants. Conclusion: No dogs are plants. Is the conclusion valid?,All dogs are flowers|No flowers are plants|No dogs are plants,valid
blood_relation,Rohit is Manoj's daughter. Manoj is Nikhil's son. How is Rohit related to Nikhil?,Rohit|daughter|Manoj;Manoj|son|Nikhil,granddaughter
direction_sense,"Vikram walks 6km north, then 7km north, then 5km east. How far is Vikram from the starting point?",6km north;7km north;5km east,13.93
coding_decoding,"If MAP is coded as PDS, how is LOG coded?",MAP->PDS;LOG->?,ORJ
syllogism,Statement 1: All cats are dogs. Statement 2: All dogs are vehicles. Conclusion: All cats are vehicles. Is the conclusion valid?,All cats are dogs|All dogs are vehicles|All cats are vehicles,valid
blood_relation,Anjali is Riya's mother. Riya is Priya's mother. How is Anjali related to Priya?,Anjali|mother|Riya;Riya|mother|Priya,grandmother
direction_sense,"Priya walks 8km south, then 3km north, then 9km west. How far is Priya from the starting point?",8km south;3km north;9km west,10.3
coding_decoding,"If BAT is coded as DCV, how is TOP coded?",BAT->DCV;TOP->?,VQR
syllogism,Statement 1: Some animals are mammals. Statement 2: Some mammals are vehicles. Conclusion: Some animals are vehicles. Is the conclusion valid?,Some animals are mammals|Some mammals are vehicles|Some animals are vehicles,invalid
blood_relation,Suresh is Kavya's mother. Kavya is Divya's mother. How is Suresh related to Divya?,Suresh|mother|Kavya;Kavya|mother|Divya,grandmother
direction_sense,"Pooja walks 3km west, then 5km east. How far is Pooja from the starting point?",3km west;5km east,2.0
coding_decoding,"If BAT is coded as CBU, how is TOP coded?",BAT->CBU;TOP->?,UPQ
syllogism,Statement 1: Some mammals are vehicles. Statement 2: All vehicles are cars. Conclusion: Some mammals are cars. Is the conclusion valid?,Some mammals are vehicles|All vehicles are cars|Some mammals are cars,valid
blood_relation,Divya is Pooja's daughter. Pooja is Priya's son. How is Divya related to Priya?,Divya|daughter|Pooja;Pooja|son|Priya,granddaughter
direction_sense,"Anjali walks 2km east, then 9km west. How far is Anjali from the starting point?",2km east;9km west,7.0
coding_decoding,"If CUP is coded as HZU, how is BOX coded?",CUP->HZU;BOX->?,GTC
syllogism,Statement 1: Some mammals are flowers. Statement 2: Some flowers are animals. Conclusion: Some mammals are animals. Is the conclusion valid?,Some mammals are flowers|Some flowers are animals|Some mammals are animals,invalid
blood_relation,Vikram is Riya's father. Riya is Arjun's father. How is Vikram related to Arjun?,Vikram|father|Riya;Riya|father|Arjun,grandfather
direction_sense,"Suresh walks 3km west, then 4km west. How far is Suresh from the starting point?",3km west;4km west,7.0
coding_decoding,"If DOG is coded as HSK, how is JAM coded?",DOG->HSK;JAM->?,NEQ
syllogism,Statement 1: No dogs are cars. Statement 2: Some cars are fruits. Conclusion: Some fruits are not dogs. Is the conclusion valid?,No dogs are cars|Some cars are fruits|Some fruits are not dogs,valid
blood_relation,Kavya is Sneha's son. Sneha is Pooja's daughter. How is Kavya related to Pooja?,Kavya|son|Sneha;Sneha|daughter|Pooja,grandson
direction_sense,"Riya walks 3km north, then 3km west. How far is Riya from the starting point?",3km north;3km west,4.24
coding_decoding,"If DOG is coded as ITL, how is JAM coded?",DOG->ITL;JAM->?,OFR
syllogism,Statement 1: Some flowers are pets. Statement 2: Some pets are animals. Conclusion: Some flowers are animals. Is the conclusion valid?,Some flowers are pets|Some pets are animals|Some flowers are animals,invalid
blood_relation,Anjali is Meera's mother. Meera is Amit's mother. How is Anjali related to Amit?,Anjali|mother|Meera;Meera|mother|Amit,grandmother
direction_sense,"Kavya walks 6km north, then 4km north, then 2km west. How far is Kavya from the starting point?",6km north;4km north;2km west,10.2
coding_decoding,"If DOG is coded as HSK, how is BOX coded?",DOG->HSK;BOX->?,FSB
syllogism,Statement 1: No birds are animals. Statement 2: Some animals are dogs. Conclusion: Some dogs are not birds. Is the conclusion valid?,No birds are animals|Some animals are dogs|Some dogs are not birds,valid
blood_relation,Amit is Kavya's mother. Kavya is Manoj's father. How is Amit related to Manoj?,Amit|mother|Kavya;Kavya|father|Manoj,grandmother
direction_sense,"Priya walks 3km north, then 7km south. How far is Priya from the starting point?",3km north;7km south,4.0
coding_decoding,"If CUP is coded as GYT, how is BAT coded?",CUP->GYT;BAT->?,FEX
syllogism,Statement 1: All birds are fruits. Statement 2: All fruits are cars. Conclusion: All birds are cars. Is the conclusion valid?,All birds are fruits|All fruits are cars|All birds are cars,valid
blood_relation,Arjun is Kavya's mother. Kavya is Nikhil's mother. How is Arjun related to Nikhil?,Arjun|mother|Kavya;Kavya|mother|Nikhil,grandmother
direction_sense,"Karan walks 2km north, then 10km north, then 3km east. How far is Karan from the starting point?",2km north;10km north;3km east,12.37
coding_decoding,"If SUN is coded as TVO, how is TOP coded?",SUN->TVO;TOP->?,UPQ
syllogism,Statement 1: Some mammals are vehicles. Statement 2: All vehicles are fruits. Conclusion: Some mammals are fruits. Is the conclusion valid?,Some mammals are vehicles|All vehicles are fruits|Some mammals are fruits,valid
blood_relation,Vikram is Anjali's mother. Anjali is Sneha's father. How is Vikram related to Sneha?,Vikram|mother|Anjali;Anjali|father|Sneha,grandmother
direction_sense,"Vikram walks 9km north, then 9km south, then 8km west. How far is Vikram from the starting point?",9km north;9km south;8km west,8.0
coding_decoding,"If BAT is coded as GFY, how is LOG coded?",BAT->GFY;LOG->?,QTL
syllogism,Statement 1: Some cats are plants. Statement 2: Some plants are birds. Conclusion: Some cats are birds. Is the conclusion valid?,Some cats are plants|Some plants are birds|Some cats are birds,invalid
blood_relation,Divya is Rohit's father. Rohit is Meera's father. How is Divya related to Meera?,Divya|father|Rohit;Rohit|father|Meera,grandfather
direction_sense,"Vikram walks 2km south, then 10km south. How far is Vikram from the starting point?",2km south;10km south,12.0
coding_decoding,"If DOG is coded as EPH, how is RUN coded?",DOG->EPH;RUN->?,SVO
syllogism,Statement 1: Some plants are birds. Statement 2: Some birds are cats. Conclusion: Some plants are cats. Is the conclusion valid?,Some plants are birds|Some birds are cats|Some plants are cats,invalid
blood_relation,Priya is Karan's mother. Karan is Nikhil's father. How is Priya related to Nikhil?,Priya|mother|Karan;Karan|father|Nikhil,grandmother
direction_sense,"Rohit walks 2km south, then 3km south. How far is Rohit from the starting point?",2km south;3km south,5.0
coding_decoding,"If FAN is coded as GBO, how is RUN coded?",FAN->GBO;RUN->?,SVO
syllogism,Statement 1: All mammals are dogs. Statement 2: No dogs are animals. Conclusion: No mammals are animals. Is the conclusion valid?,All mammals are dogs|No dogs are animals|No mammals are animals,valid
blood_relation,Rohit is Pooja's mother. Pooja is Suresh's father. How is Rohit related to Suresh?,Rohit|mother|Pooja;Pooja|father|Suresh,grandmother
direction_sense,"Pooja walks 6km north, then 2km south. How far is Pooja from the starting point?",6km north;2km south,4.0
coding_decoding,"If PEN is coded as SHQ, how is BOX coded?",PEN->SHQ;BOX->?,ERA
syllogism,Statement 1: All vehicles are birds. Statement 2: All birds are animals. Conclusion: All vehicles are animals. Is the conclusion valid?,All vehicles are birds|All birds are animals|All vehicles are animals,valid
blood_relation,Pooja is Riya's father. Riya is Priya's mother. How is Pooja related to Priya?,Pooja|father|Riya;Riya|mother|Priya,grandfather
direction_sense,"Arjun walks 5km north, then 10km north, then 6km south. How far is Arjun from the starting point?",5km north;10km north;6km south,9.0
coding_decoding,"If PEN is coded as UJS, how is BAT coded?",PEN->UJS;BAT->?,GFY
syllogism,Statement 1: Some fruits are mammals. Statement 2: Some mammals are foods. Conclusion: Some fruits are foods. Is the conclusion valid?,Some fruits are mammals|Some mammals are foods|Some fruits are foods,invalid
blood_relation,Sneha is Manoj's father. Manoj is Vikram's father. How is Sneha related to Vikram?,Sneha|father|Manoj;Manoj|father|Vikram,grandfather
direction_sense,"Rohit walks 5km west, then 9km east. How far is Rohit from the starting point?",5km west;9km east,4.0
coding_decoding,"If SUN is coded as XZS, how is RUN coded?",SUN->XZS;RUN->?,WZS
syllogism,Statement 1: All animals are plants. Statement 2: All plants are fruits. Conclusion: All animals are fruits. Is the conclusion valid?,All animals are plants|All plants are fruits|All animals are fruits,valid
blood_relation,Arjun is Suresh's son. Suresh is Kavya's son. How is Arjun related to Kavya?,Arjun|son|Suresh;Suresh|son|Kavya,grandson
direction_sense,"Rohit walks 10km south, then 4km east. How far is Rohit from the starting point?",10km south;4km east,10.77
coding_decoding,"If CUP is coded as DVQ, how is BAT coded?",CUP->DVQ;BAT->?,CBU
syllogism,Statement 1: All mammals are fruits. Statement 2: No fruits are vehicles. Conclusion: No mammals are vehicles. Is the conclusion valid?,All mammals are fruits|No fruits are vehicles|No mammals are vehicles,valid
blood_relation,Suresh is Priya's son. Priya is Meera's daughter. How is Suresh related to Meera?,Suresh|son|Priya;Priya|daughter|Meera,grandson
direction_sense,"Arjun walks 3km west, then 5km south. How far is Arjun from the starting point?",3km west;5km south,5.83
coding_decoding,"If SUN is coded as VXQ, how is LOG coded?",SUN->VXQ;LOG->?,ORJ
syllogism,Statement 1: No animals are plants. Statement 2: Some plants are dogs. Conclusion: Some dogs are not animals. Is the conclusion valid?,No animals are plants|Some plants are dogs|Some dogs are not animals,valid
blood_relation,Sneha is Suresh's mother. Suresh is Nikhil's mother. How is Sneha related to Nikhil?,Sneha|mother|Suresh;Suresh|mother|Nikhil,grandmother
direction_sense,"Meera walks 5km north, then 5km west. How far is Meera from the starting point?",5km north;5km west,7.07
coding_decoding,"If MAP is coded as QET, how is LOG coded?",MAP->QET;LOG->?,PSK
syllogism,Statement 1: Some dogs are vehicles. Statement 2: All vehicles are mammals. Conclusion: Some dogs are mammals. Is the conclusion valid?,Some dogs are vehicles|All vehicles are mammals|Some dogs are mammals,valid
blood_relation,Suresh is Meera's son. Meera is Rohit's daughter. How is Suresh related to Rohit?,Suresh|son|Meera;Meera|daughter|Rohit,grandson
direction_sense,"Divya walks 5km west, then 10km north, then 4km east. How far is Divya from the starting point?",5km west;10km north;4km east,10.05
coding_decoding,"If PEN is coded as UJS, how is BAT coded?",PEN->UJS;BAT->?,GFY
syllogism,Statement 1: All cats are foods. Statement 2: No foods are birds. Conclusion: No cats are birds. Is the conclusion valid?,All cats are foods|No foods are birds|No cats are birds,valid
blood_relation,Karan is Kavya's son. Kavya is Riya's son. How is Karan related to Riya?,Karan|son|Kavya;Kavya|son|Riya,grandson
direction_sense,"Meera walks 10km north, then 7km west. How far is Meera from the starting point?",10km north;7km west,12.21
coding_decoding,"If CUP is coded as FXS, how is RUN coded?",CUP->FXS;RUN->?,UXQ
syllogism,Statement 1: No pets are cats. Statement 2: Some cats are mammals. Conclusion: Some mammals are not pets. Is the conclusion valid?,No pets are cats|Some cats are mammals|Some mammals are not pets,valid
blood_relation,Meera is Nikhil's daughter. Nikhil is Priya's son. How is Meera related to Priya?,Meera|daughter|Nikhil;Nikhil|son|Priya,granddaughter
direction_sense,"Meera walks 3km south, then 2km west. How far is Meera from the starting point?",3km south;2km west,3.61
coding_decoding,"If BAT is coded as EDW, how is BAT coded?",BAT->EDW;BAT->?,EDW
syllogism,Statement 1: All cats are dogs. Statement 2: No dogs are plants. Conclusion: No cats are plants. Is the conclusion valid?,All cats are dogs|No dogs are plants|No cats are plants,valid
blood_relation,Divya is Pooja's father. Pooja is Vikram's father. How is Divya related to Vikram?,Divya|father|Pooja;Pooja|father|Vikram,grandfather
direction_sense,"Anjali walks 4km west, then 2km east. How far is Anjali from the starting point?",4km west;2km east,2.0
coding_decoding,"If DOG is coded as HSK, how is BOX coded?",DOG->HSK;BOX->?,FSB
syllogism,Statement 1: All foods are cars. Statement 2: No cars are flowers. Conclusion: No foods are flowers. Is the conclusion valid?,All foods are cars|No cars are flowers|No foods are flowers,valid
blood_relation,Rohit is Arjun's daughter. Arjun is Riya's daughter. How is Rohit related to Riya?,Rohit|daughter|Arjun;Arjun|daughter|Riya,granddaughter
direction_sense,"Karan walks 5km west, then 9km east. How far is Karan from the starting point?",5km west;9km east,4.0
coding_decoding,"If MAP is coded as PDS, how is COW coded?",MAP->PDS;COW->?,FRZ
syllogism,Statement 1: All flowers are animals. Statement 2: All animals are birds. Conclusion: All flowers are birds. Is the conclusion valid?,All flowers are animals|All animals are birds|All flowers are birds,valid
blood_relation,Vikram is Amit's father. Amit is Suresh's father. How is Vikram related to Suresh?,Vikram|father|Amit;Amit|father|Suresh,grandfather
direction_sense,"Manoj walks 3km north, then 9km south. How far is Manoj from the starting point?",3km north;9km south,6.0
coding_decoding,"If MAP is coded as PDS, how is RUN coded?",MAP->PDS;RUN->?,UXQ
syllogism,Statement 1: Some birds are cars. Statement 2: All cars are foods. Conclusion: Some birds are foods. Is the conclusion valid?,Some birds are cars|All cars are foods|Some birds are foods,valid
blood_relation,Karan is Sneha's daughter. Sneha is Manoj's son. How is Karan related to Manoj?,Karan|daughter|Sneha;Sneha|son|Manoj,granddaughter
direction_sense,"Divya walks 6km west, then 6km east. How far is Divya from the starting point?",6km west;6km east,0.0
coding_decoding,"If CUP is coded as FXS, how is RUN coded?",CUP->FXS;RUN->?,UXQ
syllogism,Statement 1: Some pets are cars. Statement 2: Some cars are animals. Conclusion: Some pets are animals. Is the conclusion valid?,Some pets are cars|Some cars are animals|Some pets are animals,invalid
blood_relation,Rohit is Suresh's mother. Suresh is Manoj's father. How is Rohit related to Manoj?,Rohit|mother|Suresh;Suresh|father|Manoj,grandmother
direction_sense,"Priya walks 10km south, then 10km north, then 8km west. How far is Priya from the starting point?",10km south;10km north;8km west,8.0
coding_decoding,"If PEN is coded as SHQ, how is BOX coded?",PEN->SHQ;BOX->?,ERA
syllogism,Statement 1: Some foods are cats. Statement 2: All cats are dogs. Conclusion: Some foods are dogs. Is the conclusion valid?,Some foods are cats|All cats are dogs|Some foods are dogs,valid
blood_relation,Suresh is Manoj's son. Manoj is Priya's daughter. How is Suresh related to Priya?,Suresh|son|Manoj;Manoj|daughter|Priya,grandson
direction_sense,"Karan walks 3km west, then 2km north. How far is Karan from the starting point?",3km west;2km north,3.61
coding_decoding,"If CAT is coded as FDW, how is BOX coded?",CAT->FDW;BOX->?,ERA
syllogism,Statement 1: All cars are flowers. Statement 2: No flowers are animals. Conclusion: No cars are animals. Is the conclusion valid?,All cars are flowers|No flowers are animals|No cars are animals,valid
blood_relation,Amit is Meera's mother. Meera is Pooja's mother. How is Amit related to Pooja?,Amit|mother|Meera;Meera|mother|Pooja,grandmother
direction_sense,"Pooja walks 7km east, then 7km east. How far is Pooja from the starting point?",7km east;7km east,14.0
coding_decoding,"If DOG is coded as EPH, how is BAT coded?",DOG->EPH;BAT->?,CBU
syllogism,Statement 1: All animals are flowers. Statement 2: All flowers are pets. Conclusion: All animals are pets. Is the conclusion valid?,All animals are flowers|All flowers are pets|All animals are pets,valid
blood_relation,Suresh is Sneha's daughter. Sneha is Meera's son. How is Suresh related to Meera?,Suresh|daughter|Sneha;Sneha|son|Meera,granddaughter
direction_sense,"Karan walks 7km south, then 4km south, then 4km south. How far is Karan from the starting point?",7km south;4km south;4km south,15.0
coding_decoding,"If CUP is coded as DVQ, how is COW coded?",CUP->DVQ;COW->?,DPX
syllogism,Statement 1: All mammals are cars. Statement 2: All cars are birds. Conclusion: All mammals are birds. Is the conclusion valid?,All mammals are cars|All cars are birds|All mammals are birds,valid
blood_relation,Divya is Sneha's son. Sneha is Rohit's daughter. How is Divya related to Rohit?,Divya|son|Sneha;Sneha|daughter|Rohit,grandson
direction_sense,"Rohit walks 3km south, then 3km north. How far is Rohit from the starting point?",3km south;3km north,0.0
coding_decoding,"If DOG is coded as ITL, how is COW coded?",DOG->ITL;COW->?,HTB
syllogism,Statement 1: Some flowers are dogs. Statement 2: All dogs are foods. Conclusion: Some flowers are foods. Is the conclusion valid?,Some flowers are dogs|All dogs are foods|Some flowers are foods,valid
blood_relation,Anjali is Priya's father. Priya is Arjun's father. How is Anjali related to Arjun?,Anjali|father|Priya;Priya|father|Arjun,grandfather
direction_sense,"Divya walks 4km north, then 8km west, then 9km south. How far is Divya from the starting point?",4km north;8km west;9km south,9.43
coding_decoding,"If DOG is coded as ITL, how is TOP coded?",DOG->ITL;TOP->?,YTU
syllogism,Statement 1: No dogs are fruits. Statement 2: Some fruits are vehicles. Conclusion: Some vehicles are not dogs. Is the conclusion valid?,No dogs are fruits|Some fruits are vehicles|Some vehicles are not dogs,valid
blood_relation,Sneha is Vikram's son. Vikram is Priya's daughter. How is Sneha related to Priya?,Sneha|son|Vikram;Vikram|daughter|Priya,grandson
direction_sense,"Karan walks 7km north, then 2km west, then 4km south. How far is Karan from the starting point?",7km north;2km west;4km south,3.61
coding_decoding,"If CAT is coded as DBU, how is TOP coded?",CAT->DBU;TOP->?,UPQ
syllogism,Statement 1: All pets are flowers. Statement 2: No flowers are dogs. Conclusion: No pets are dogs. Is the conclusion valid?,All pets are flowers|No flowers are dogs|No pets are dogs,valid
blood_relation,Sneha is Vikram's father. Vikram is Riya's father. How is Sneha related to Riya?,Sneha|father|Vikram;Vikram|father|Riya,grandfather
direction_sense,"Nikhil walks 7km south, then 6km south. How far is Nikhil from the starting point?",7km south;6km south,13.0
coding_decoding,"If BAT is coded as FEX, how is JAM coded?",BAT->FEX;JAM->?,NEQ
syllogism,Statement 1: No cars are plants. Statement 2: Some plants are cats. Conclusion: Some cats are not cars. Is the conclusion valid?,No cars are plants|Some plants are cats|Some cats are not cars,valid
blood_relation,Arjun is Divya's son. Divya is Nikhil's daughter. How is Arjun related to Nikhil?,Arjun|son|Divya;Divya|daughter|Nikhil,grandson
direction_sense,"Vikram walks 6km east, then 8km east. How far is Vikram from the starting point?",6km east;8km east,14.0
coding_decoding,"If CAT is coded as ECV, how is JAM coded?",CAT->ECV;JAM->?,LCO
syllogism,Statement 1: Some mammals are foods. Statement 2: All foods are dogs. Conclusion: Some mammals are dogs. Is the conclusion valid?,Some mammals are foods|All foods are dogs|Some mammals are dogs,valid
blood_relation,Meera is Vikram's father. Vikram is Anjali's father. How is Meera related to Anjali?,Meera|father|Vikram;Vikram|father|Anjali,grandfather
direction_sense,"Meera walks 4km south, then 4km east, then 6km south. How far is Meera from the starting point?",4km south;4km east;6km south,10.77
coding_decoding,"If BAT is coded as FEX, how is COW coded?",BAT->FEX;COW->?,GSA
syllogism,Statement 1: All plants are birds. Statement 2: No birds are mammals. Conclusion: No plants are mammals. Is the conclusion valid?,All plants are birds|No birds are mammals|No plants are mammals,valid
blood_relation,Pooja is Sneha's mother. Sneha is Rohit's father. How is Pooja related to Rohit?,Pooja|mother|Sneha;Sneha|father|Rohit,grandmother
direction_sense,"Pooja walks 8km north, then 9km east. How far is Pooja from the starting point?",8km north;9km east,12.04
coding_decoding,"If PEN is coded as SHQ, how is BOX coded?",PEN->SHQ;BOX->?,ERA
syllogism,Statement 1: Some dogs are plants. Statement 2: Some plants are pets. Conclusion: Some dogs are pets. Is the conclusion valid?,Some dogs are plants|Some plants are pets|Some dogs are pets,invalid
blood_relation,Nikhil is Divya's daughter. Divya is Pooja's daughter. How is Nikhil related to Pooja?,Nikhil|daughter|Divya;Divya|daughter|Pooja,granddaughter
direction_sense,"Rohit walks 9km west, then 6km east, then 6km east. How far is Rohit from the starting point?",9km west;6km east;6km east,3.0
coding_decoding,"If SUN is coded as XZS, how is JAM coded?",SUN->XZS;JAM->?,OFR
syllogism,Statement 1: Some fruits are vehicles. Statement 2: All vehicles are cats. Conclusion: Some fruits are cats. Is the conclusion valid?,Some fruits are vehicles|All vehicles are cats|Some fruits are cats,valid
blood_relation,Suresh is Riya's father. Riya is Divya's mother. How is Suresh related to Divya?,Suresh|father|Riya;Riya|mother|Divya,grandfather
direction_sense,"Riya walks 8km south, then 3km south, then 5km east. How far is Riya from the starting point?",8km south;3km south;5km east,12.08
coding_decoding,"If PEN is coded as TIR, how is RUN coded?",PEN->TIR;RUN->?,VYR
syllogism,Statement 1: All plants are dogs. Statement 2: All dogs are pets. Conclusion: All plants are pets. Is the conclusion valid?,All plants are dogs|All dogs are pets|All plants are pets,valid
blood_relation,Divya is Manoj's daughter. Manoj is Sneha's daughter. How is Divya related to Sneha?,Divya|daughter|Manoj;Manoj|daughter|Sneha,granddaughter
direction_sense,"Amit walks 6km east, then 10km east, then 6km west. How far is Amit from the starting point?",6km east;10km east;6km west,10.0
coding_decoding,"If FAN is coded as JER, how is RUN coded?",FAN->JER;RUN->?,VYR
syllogism,Statement 1: All flowers are birds. Statement 2: No birds are vehicles. Conclusion: No flowers are vehicles. Is the conclusion valid?,All flowers are birds|No birds are vehicles|No flowers are vehicles,valid
blood_relation,Riya is Nikhil's daughter. Nikhil is Kavya's son. How is Riya related to Kavya?,Riya|daughter|Nikhil;Nikhil|son|Kavya,granddaughter
direction_sense,"Arjun walks 7km west, then 4km west, then 8km north. How far is Arjun from the starting point?",7km west;4km west;8km north,13.6
coding_decoding,"If FAN is coded as HCP, how is BAT coded?",FAN->HCP;BAT->?,DCV
syllogism,Statement 1: All flowers are birds. Statement 2: All birds are dogs. Conclusion: All flowers are dogs. Is the conclusion valid?,All flowers are birds|All birds are dogs|All flowers are dogs,valid
blood_relation,Suresh is Sneha's daughter. Sneha is Amit's son. How is Suresh related to Amit?,Suresh|daughter|Sneha;Sneha|son|Amit,granddaughter
direction_sense,"Sneha walks 2km west, then 5km west. How far is Sneha from the starting point?",2km west;5km west,7.0
coding_decoding,"If DOG is coded as FQI, how is JAM coded?",DOG->FQI;JAM->?,LCO
syllogism,Statement 1: Some cats are birds. Statement 2: All birds are dogs. Conclusion: Some cats are dogs. Is the conclusion valid?,Some cats are birds|All birds are dogs|Some cats are dogs,valid
blood_relation,Karan is Nikhil's mother. Nikhil is Suresh's father. How is Karan related to Suresh?,Karan|mother|Nikhil;Nikhil|father|Suresh,grandmother
direction_sense,"Divya walks 8km north, then 10km west, then 4km west. How far is Divya from the starting point?",8km north;10km west;4km west,16.12
coding_decoding,"If BAT is coded as FEX, how is JAM coded?",BAT->FEX;JAM->?,NEQ
syllogism,Statement 1: No cats are fruits. Statement 2: Some fruits are vehicles. Conclusion: Some vehicles are not cats. Is the conclusion valid?,No cats are fruits|Some fruits are vehicles|Some vehicles are not cats,valid
blood_relation,Manoj is Anjali's daughter. Anjali is Riya's daughter. How is Manoj related to Riya?,Manoj|daughter|Anjali;Anjali|daughter|Riya,granddaughter
direction_sense,"Suresh walks 10km south, then 9km west. How far is Suresh from the starting point?",10km south;9km west,13.45
coding_decoding,"If MAP is coded as RFU, how is COW coded?",MAP->RFU;COW->?,HTB
syllogism,Statement 1: All vehicles are cats. Statement 2: No cats are pets. Conclusion: No vehicles are pets. Is the conclusion valid?,All vehicles are cats|No cats are pets|No vehicles are pets,valid
blood_relation,Anjali is Riya's daughter. Riya is Arjun's son. How is Anjali related to Arjun?,Anjali|daughter|Riya;Riya|son|Arjun,granddaughter
direction_sense,"Nikhil walks 3km south, then 7km south, then 5km south. How far is Nikhil from the starting point?",3km south;7km south;5km south,15.0
coding_decoding,"If CAT is coded as DBU, how is BOX coded?",CAT->DBU;BOX->?,CPY
syllogism,Statement 1: All flowers are birds. Statement 2: No birds are foods. Conclusion: No flowers are foods. Is the conclusion valid?,All flowers are birds|No birds are foods|No flowers are foods,valid
blood_relation,Vikram is Meera's son. Meera is Karan's son. How is Vikram related to Karan?,Vikram|son|Meera;Meera|son|Karan,grandson
direction_sense,"Priya walks 8km north, then 4km west, then 2km east. How far is Priya from the starting point?",8km north;4km west;2km east,8.25
coding_decoding,"If FAN is coded as IDQ, how is TOP coded?",FAN->IDQ;TOP->?,WRS
syllogism,Statement 1: Some cars are birds. Statement 2: All birds are vehicles. Conclusion: Some cars are vehicles. Is the conclusion valid?,Some cars are birds|All birds are vehicles|Some cars are vehicles,valid
blood_relation,Priya is Rohit's mother. Rohit is Anjali's mother. How is Priya related to Anjali?,Priya|mother|Rohit;Rohit|mother|Anjali,grandmother
direction_sense,"Rohit walks 4km north, then 7km east, then 9km east. How far is Rohit from the starting point?",4km north;7km east;9km east,16.49
coding_decoding,"If DOG is coded as FQI, how is BOX coded?",DOG->FQI;BOX->?,DQZ
syllogism,Statement 1: Some cars are dogs. Statement 2: All dogs are vehicles. Conclusion: Some cars are vehicles. Is the conclusion valid?,Some cars are dogs|All dogs are vehicles|Some cars are vehicles,valid
blood_relation,Manoj is Kavya's son. Kavya is Arjun's daughter. How is Manoj related to Arjun?,Manoj|son|Kavya;Kavya|daughter|Arjun,grandson
direction_sense,"Sneha walks 7km west, then 4km east, then 3km north. How far is Sneha from the starting point?",7km west;4km east;3km north,4.24
coding_decoding,"If CUP is coded as GYT, how is KEY coded?",CUP->GYT;KEY->?,OIC
syllogism,Statement 1: Some animals are flowers. Statement 2: All flowers are foods. Conclusion: Some animals are foods. Is the conclusion valid?,Some animals are flowers|All flowers are foods|Some animals are foods,valid
blood_relation,Riya is Kavya's daughter. Kavya is Priya's son. How is Riya related to Priya?,Riya|daughter|Kavya;Kavya|son|Priya,granddaughter
direction_sense,"Vikram walks 8km west, then 4km south, then 5km south. How far is Vikram from the starting point?",8km west;4km south;5km south,12.04
coding_decoding,"If FAN is coded as HCP, how is BOX coded?",FAN->HCP;BOX->?,DQZ
syllogism,Statement 1: Some foods are dogs. Statement 2: All dogs are mammals. Conclusion: Some foods are mammals. Is the conclusion valid?,Some foods are dogs|All dogs are mammals|Some foods are mammals,valid
blood_relation,Kavya is Arjun's father. Arjun is Divya's father. How is Kavya related to Divya?,Kavya|father|Arjun;Arjun|father|Divya,grandfather
direction_sense,"Rohit walks 5km east, then 10km south, then 5km west. How far is Rohit from the starting point?",5km east;10km south;5km west,10.0
coding_decoding,"If BAT is coded as EDW, how is JAM coded?",BAT->EDW;JAM->?,MDP
syllogism,Statement 1: All animals are fruits. Statement 2: All fruits are plants. Conclusion: All animals are plants. Is the conclusion valid?,All animals are fruits|All fruits are plants|All animals are plants,valid
blood_relation,Rohit is Meera's daughter. Meera is Pooja's daughter. How is Rohit related to Pooja?,Rohit|daughter|Meera;Meera|daughter|Pooja,granddaughter
direction_sense,"Sneha walks 3km north, then 2km east. How far is Sneha from the starting point?",3km north;2km east,3.61
coding_decoding,"If CUP is coded as DVQ, how is TOP coded?",CUP->DVQ;TOP->?,UPQ
syllogism,Statement 1: All vehicles are plants. Statement 2: No plants are mammals. Conclusion: No vehicles are mammals. Is the conclusion valid?,All vehicles are plants|No plants are mammals|No vehicles are mammals,valid
blood_relation,Kavya is Divya's father. Divya is Suresh's father. How is Kavya related to Suresh?,Kavya|father|Divya;Divya|father|Suresh,grandfather
direction_sense,"Karan walks 6km north, then 5km east. How far is Karan from the starting point?",6km north;5km east,7.81
coding_decoding,"If CUP is coded as FXS, how is RUN coded?",CUP->FXS;RUN->?,UXQ
syllogism,Statement 1: Some pets are foods. Statement 2: All foods are fruits. Conclusion: Some pets are fruits. Is the conclusion valid?,Some pets are foods|All foods are fruits|Some pets are fruits,valid
blood_relation,Amit is Pooja's son. Pooja is Priya's daughter. How is Amit related to Priya?,Amit|son|Pooja;Pooja|daughter|Priya,grandson
direction_sense,"Rohit walks 9km east, then 7km east, then 10km north. How far is Rohit from the starting point?",9km east;7km east;10km north,18.87
coding_decoding,"If BAT is coded as EDW, how is BAT coded?",BAT->EDW;BAT->?,EDW
syllogism,Statement 1: No cars are birds. Statement 2: Some birds are animals. Conclusion: Some animals are not cars. Is the conclusion valid?,No cars are birds|Some birds are animals|Some animals are not cars,valid
blood_relation,Manoj is Rohit's son. Rohit is Priya's daughter. How is Manoj related to Priya?,Manoj|son|Rohit;Rohit|daughter|Priya,grandson
direction_sense,"Sneha walks 5km north, then 8km north, then 6km south. How far is Sneha from the starting point?",5km north;8km north;6km south,7.0
coding_decoding,"If CAT is coded as HFY, how is COW coded?",CAT->HFY;COW->?,HTB
syllogism,Statement 1: No cars are foods. Statement 2: Some foods are pets. Conclusion: Some pets are not cars. Is the conclusion valid?,No cars are foods|Some foods are pets|Some pets are not cars,valid
blood_relation,Manoj is Arjun's daughter. Arjun is Sneha's daughter. How is Manoj related to Sneha?,Manoj|daughter|Arjun;Arjun|daughter|Sneha,granddaughter
direction_sense,"Divya walks 5km west, then 8km south, then 5km east. How far is Divya from the starting point?",5km west;8km south;5km east,8.0
coding_decoding,"If PEN is coded as TIR, how is LOG coded?",PEN->TIR;LOG->?,PSK
syllogism,Statement 1: No cars are pets. Statement 2: Some pets are birds. Conclusion: Some birds are not cars. Is the conclusion valid?,No cars are pets|Some pets are birds|Some birds are not cars,valid
blood_relation,Vikram is Divya's mother. Divya is Manoj's father. How is Vikram related to Manoj?,Vikram|mother|Divya;Divya|father|Manoj,grandmother
direction_sense,"Amit walks 9km west, then 10km north. How far is Amit from the starting point?",9km west;10km north,13.45
coding_decoding,"If CAT is coded as DBU, how is LOG coded?",CAT->DBU;LOG->?,MPH
syllogism,Statement 1: No fruits are cats. Statement 2: Some cats are pets. Conclusion: Some pets are not fruits. Is the conclusion valid?,No fruits are cats|Some cats are pets|Some pets are not fruits,valid
blood_relation,Anjali is Pooja's daughter. Pooja is Nikhil's son. How is Anjali related to Nikhil?,Anjali|daughter|Pooja;Pooja|son|Nikhil,granddaughter
direction_sense,"Kavya walks 8km south, then 3km east. How far is Kavya from the starting point?",8km south;3km east,8.54
coding_decoding,"If SUN is coded as XZS, how is LOG coded?",SUN->XZS;LOG->?,QTL
syllogism,Statement 1: All cars are plants. Statement 2: All plants are vehicles. Conclusion: All cars are vehicles. Is the conclusion valid?,All cars are plants|All plants are vehicles|All cars are vehicles,valid
blood_relation,Kavya is Manoj's daughter. Manoj is Suresh's son. How is Kavya related to Suresh?,Kavya|daughter|Manoj;Manoj|son|Suresh,granddaughter
direction_sense,"Nikhil walks 5km east, then 10km west, then 10km south. How far is Nikhil from the starting point?",5km east;10km west;10km south,11.18
coding_decoding,"If SUN is coded as UWP, how is JAM coded?",SUN->UWP;JAM->?,LCO
syllogism,Statement 1: All fruits are flowers. Statement 2: All flowers are dogs. Conclusion: All fruits are dogs. Is the conclusion valid?,All fruits are flowers|All flowers are dogs|All fruits are dogs,valid
blood_relation,Priya is Anjali's father. Anjali is Suresh's mother. How is Priya related to Suresh?,Priya|father|Anjali;Anjali|mother|Suresh,grandfather
direction_sense,"Divya walks 10km east, then 3km west. How far is Divya from the starting point?",10km east;3km west,7.0
coding_decoding,"If BAT is coded as CBU, how is RUN coded?",BAT->CBU;RUN->?,SVO
syllogism,Statement 1: Some foods are birds. Statement 2: Some birds are pets. Conclusion: Some foods are pets. Is the conclusion valid?,Some foods are birds|Some birds are pets|Some foods are pets,invalid
blood_relation,Kavya is Karan's father. Karan is Nikhil's father. How is Kavya related to Nikhil?,Kavya|father|Karan;Karan|father|Nikhil,grandfather
direction_sense,"Riya walks 10km north, then 7km east. How far is Riya from the starting point?",10km north;7km east,12.21
coding_decoding,"If SUN is coded as UWP, how is RUN coded?",SUN->UWP;RUN->?,TWP
syllogism,Statement 1: No foods are mammals. Statement 2: Some mammals are animals. Conclusion: Some animals are not foods. Is the conclusion valid?,No foods are mammals|Some mammals are animals|Some animals are not foods,valid
blood_relation,Nikhil is Rohit's mother. Rohit is Vikram's mother. How is Nikhil related to Vikram?,Nikhil|mother|Rohit;Rohit|mother|Vikram,grandmother
direction_sense,"Amit walks 6km west, then 3km west. How far is Amit from the starting point?",6km west;3km west,9.0
coding_decoding,"If FAN is coded as HCP, how is COW coded?",FAN->HCP;COW->?,EQY
syllogism,Statement 1: No cats are animals. Statement 2: Some animals are birds. Conclusion: Some birds are not cats. Is the conclusion valid?,No cats are animals|Some animals are birds|Some birds are not cats,valid
blood_relation,Meera is Manoj's mother. Manoj is Karan's mother. How is Meera related to Karan?,Meera|mother|Manoj;Manoj|mother|Karan,grandmother
direction_sense,"Priya walks 8km east, then 6km south, then 2km west. How far is Priya from the starting point?",8km east;6km south;2km west,8.49
coding_decoding,"If BAT is coded as GFY, how is KEY coded?",BAT->GFY;KEY->?,PJD
syllogism,Statement 1: All fruits are pets. Statement 2: No pets are cars. Conclusion: No fruits are cars. Is the conclusion valid?,All fruits are pets|No pets are cars|No fruits are cars,valid
blood_relation,Meera is Pooja's mother. Pooja is Arjun's father. How is Meera related to Arjun?,Meera|mother|Pooja;Pooja|father|Arjun,grandmother
direction_sense,"Priya walks 9km east, then 6km west. How far is Priya from the starting point?",9km east;6km west,3.0
coding_decoding,"If BAT is coded as CBU, how is LOG coded?",BAT->CBU;LOG->?,MPH
syllogism,Statement 1: All pets are fruits. Statement 2: All fruits are mammals. Conclusion: All pets are mammals. Is the conclusion valid?,All pets are fruits|All fruits are mammals|All pets are mammals,valid
blood_relation,Pooja is Kavya's son. Kavya is Vikram's daughter. How is Pooja related to Vikram?,Pooja|son|Kavya;Kavya|daughter|Vikram,grandson
direction_sense,"Anjali walks 6km west, then 6km north. How far is Anjali from the starting point?",6km west;6km north,8.49
coding_decoding,"If DOG is coded as EPH, how is COW coded?",DOG->EPH;COW->?,DPX
syllogism,Statement 1: No vehicles are pets. Statement 2: Some pets are mammals. Conclusion: Some mammals are not vehicles. Is the conclusion valid?,No vehicles are pets|Some pets are mammals|Some mammals are not vehicles,valid
blood_relation,Karan is Rohit's mother. Rohit is Kavya's father. How is Karan related to Kavya?,Karan|mother|Rohit;Rohit|father|Kavya,grandmother
direction_sense,"Nikhil walks 8km east, then 2km west. How far is Nikhil from the starting point?",8km east;2km west,6.0
coding_decoding,"If MAP is coded as OCR, how is BOX coded?",MAP->OCR;BOX->?,DQZ
syllogism,Statement 1: All mammals are dogs. Statement 2: All dogs are cats. Conclusion: All mammals are cats. Is the conclusion valid?,All mammals are dogs|All dogs are cats|All mammals are cats,valid
blood_relation,Divya is Kavya's daughter. Kavya is Priya's daughter. How is Divya related to Priya?,Divya|daughter|Kavya;Kavya|daughter|Priya,granddaughter
direction_sense,"Meera walks 8km west, then 4km south. How far is Meera from the starting point?",8km west;4km south,8.94
coding_decoding,"If CUP is coded as HZU, how is JAM coded?",CUP->HZU;JAM->?,OFR
syllogism,Statement 1: No cats are foods. Statement 2: Some foods are vehicles. Conclusion: Some vehicles are not cats. Is the conclusion valid?,No cats are foods|Some foods are vehicles|Some vehicles are not cats,valid
blood_relation,Sneha is Anjali's daughter. Anjali is Amit's son. How is Sneha related to Amit?,Sneha|daughter|Anjali;Anjali|son|Amit,granddaughter
direction_sense,"Nikhil walks 2km west, then 3km north. How far is Nikhil from the starting point?",2km west;3km north,3.61
coding_decoding,"If MAP is coded as OCR, how is RUN coded?",MAP->OCR;RUN->?,TWP
syllogism,Statement 1: All birds are flowers. Statement 2: All flowers are vehicles. Conclusion: All birds are vehicles. Is the conclusion valid?,All birds are flowers|All flowers are vehicles|All birds are vehicles,valid
blood_relation,Manoj is Riya's daughter. Riya is Divya's daughter. How is Manoj related to Divya?,Manoj|daughter|Riya;Riya|daughter|Divya,granddaughter
direction_sense,"Karan walks 10km west, then 7km south, then 4km west. How far is Karan from the starting point?",10km west;7km south;4km west,15.65
coding_decoding,"If BAT is coded as GFY, how is TOP coded?",BAT->GFY;TOP->?,YTU
syllogism,Statement 1: No plants are fruits. Statement 2: Some fruits are cats. Conclusion: Some cats are not plants. Is the conclusion valid?,No plants are fruits|Some fruits are cats|Some cats are not plants,valid
blood_relation,Arjun is Karan's son. Karan is Nikhil's daughter. How is Arjun related to Nikhil?,Arjun|son|Karan;Karan|daughter|Nikhil,grandson
direction_sense,"Pooja walks 4km west, then 4km south. How far is Pooja from the starting point?",4km west;4km south,5.66
coding_decoding,"If SUN is coded as TVO, how is BAT coded?",SUN->TVO;BAT->?,CBU
syllogism,Statement 1: No flowers are cats. Statement 2: Some cats are cars. Conclusion: Some cars are not flowers. Is the conclusion valid?,No flowers are cats|Some cats are cars|Some cars are not flowers,valid
blood_relation,Nikhil is Riya's mother. Riya is Divya's mother. How is Nikhil related to Divya?,Nikhil|mother|Riya;Riya|mother|Divya,grandmother
direction_sense,"Divya walks 7km north, then 8km north. How far is Divya from the starting point?",7km north;8km north,15.0
coding_decoding,"If CAT is coded as GEX, how is BOX coded?",CAT->GEX;BOX->?,FSB
syllogism,Statement 1: Some birds are mammals. Statement 2: Some mammals are animals. Conclusion: Some birds are animals. Is the conclusion valid?,Some birds are mammals|Some mammals are animals|Some birds are animals,invalid
blood_relation,Vikram is Arjun's father. Arjun is Meera's mother. How is Vikram related to Meera?,Vikram|father|Arjun;Arjun|mother|Meera,grandfather
direction_sense,"Pooja walks 8km south, then 2km east, then 3km east. How far is Pooja from the starting point?",8km south;2km east;3km east,9.43
coding_decoding,"If CUP is coded as GYT, how is RUN coded?",CUP->GYT;RUN->?,VYR
syllogism,Statement 1: Some fruits are birds. Statement 2: Some birds are animals. Conclusion: Some fruits are animals. Is the conclusion valid?,Some fruits are birds|Some birds are animals|Some fruits are animals,invalid
blood_relation,Arjun is Karan's son. Karan is Divya's son. How is Arjun related to Divya?,Arjun|son|Karan;Karan|son|Divya,grandson
direction_sense,"Riya walks 8km north, then 4km north, then 8km west. How far is Riya from the starting point?",8km north;4km north;8km west,14.42
coding_decoding,"If SUN is coded as XZS, how is RUN coded?",SUN->XZS;RUN->?,WZS
syllogism,Statement 1: All cats are cars. Statement 2: All cars are flowers. Conclusion: All cats are flowers. Is the conclusion valid?,All cats are cars|All cars are flowers|All cats are flowers,valid
blood_relation,Sneha is Manoj's daughter. Manoj is Pooja's daughter. How is Sneha related to Pooja?,Sneha|daughter|Manoj;Manoj|daughter|Pooja,granddaughter
direction_sense,"Pooja walks 7km west, then 3km east, then 8km south. How far is Pooja from the starting point?",7km west;3km east;8km south,8.94
coding_decoding,"If PEN is coded as UJS, how is COW coded?",PEN->UJS;COW->?,HTB
syllogism,Statement 1: Some animals are plants. Statement 2: Some plants are cars. Conclusion: Some animals are cars. Is the conclusion valid?,Some animals are plants|Some plants are cars|Some animals are cars,invalid
blood_relation,Kavya is Riya's daughter. Riya is Manoj's daughter. How is Kavya related to Manoj?,Kavya|daughter|Riya;Riya|daughter|Manoj,granddaughter
direction_sense,"Suresh walks 4km west, then 3km north. How far is Suresh from the starting point?",4km west;3km north,5.0
coding_decoding,"If PEN is coded as SHQ, how is JAM coded?",PEN->SHQ;JAM->?,MDP
syllogism,Statement 1: Some cats are vehicles. Statement 2: Some vehicles are plants. Conclusion: Some cats are plants. Is the conclusion valid?,Some cats are vehicles|Some vehicles are plants|Some cats are plants,invalid
blood_relation,Rohit is Priya's father. Priya is Nikhil's father. How is Rohit related to Nikhil?,Rohit|father|Priya;Priya|father|Nikhil,grandfather
direction_sense,"Vikram walks 8km south, then 8km east, then 7km west. How far is Vikram from the starting point?",8km south;8km east;7km west,8.06
coding_decoding,"If FAN is coded as JER, how is BAT coded?",FAN->JER;BAT->?,FEX
syllogism,Statement 1: Some pets are flowers. Statement 2: Some flowers are dogs. Conclusion: Some pets are dogs. Is the conclusion valid?,Some pets are flowers|Some flowers are dogs|Some pets are dogs,invalid
blood_relation,Anjali is Riya's son. Riya is Manoj's son. How is Anjali related to Manoj?,Anjali|son|Riya;Riya|son|Manoj,grandson
direction_sense,"Pooja walks 5km north, then 10km east. How far is Pooja from the starting point?",5km north;10km east,11.18
coding_decoding,"If PEN is coded as TIR, how is BAT coded?",PEN->TIR;BAT->?,FEX
syllogism,Statement 1: Some flowers are fruits. Statement 2: Some fruits are foods. Conclusion: Some flowers are foods. Is the conclusion valid?,Some flowers are fruits|Some fruits are foods|Some flowers are foods,invalid
blood_relation,Divya is Priya's father. Priya is Kavya's father. How is Divya related to Kavya?,Divya|father|Priya;Priya|father|Kavya,grandfather
direction_sense,"Meera walks 5km north, then 3km north, then 4km north. How far is Meera from the starting point?",5km north;3km north;4km north,12.0
coding_decoding,"If CAT is coded as ECV, how is COW coded?",CAT->ECV;COW->?,EQY
syllogism,Statement 1: Some animals are pets. Statement 2: All pets are cats. Conclusion: Some animals are cats. Is the conclusion valid?,Some animals are pets|All pets are cats|Some animals are cats,valid
blood_relation,Pooja is Karan's father. Karan is Meera's mother. How is Pooja related to Meera?,Pooja|father|Karan;Karan|mother|Meera,grandfather
direction_sense,"Amit walks 7km east, then 5km south. How far is Amit from the starting point?",7km east;5km south,8.6
coding_decoding,"If CUP is coded as HZU, how is KEY coded?",CUP->HZU;KEY->?,PJD
syllogism,Statement 1: Some fruits are plants. Statement 2: All plants are mammals. Conclusion: Some fruits are mammals. Is the conclusion valid?,Some fruits are plants|All plants are mammals|Some fruits are mammals,valid
blood_relation,Vikram is Divya's father. Divya is Meera's mother. How is Vikram related to Meera?,Vikram|father|Divya;Divya|mother|Meera,grandfather
direction_sense,"Nikhil walks 10km north, then 3km west. How far is Nikhil from the starting point?",10km north;3km west,10.44
coding_decoding,"If PEN is coded as SHQ, how is RUN coded?",PEN->SHQ;RUN->?,UXQ
syllogism,Statement 1: All cats are cars. Statement 2: All cars are birds. Conclusion: All cats are birds. Is the conclusion valid?,All cats are cars|All cars are birds|All cats are birds,valid
blood_relation,Divya is Meera's son. Meera is Kavya's son. How is Divya related to Kavya?,Divya|son|Meera;Meera|son|Kavya,grandson
direction_sense,"Riya walks 3km south, then 9km east. How far is Riya from the starting point?",3km south;9km east,9.49
coding_decoding,"If FAN is coded as GBO, how is JAM coded?",FAN->GBO;JAM->?,KBN
syllogism,Statement 1: All birds are cats. Statement 2: No cats are foods. Conclusion: No birds are foods. Is the conclusion valid?,All birds are cats|No cats are foods|No birds are foods,valid
blood_relation,Priya is Meera's mother. Meera is Pooja's father. How is Priya related to Pooja?,Priya|mother|Meera;Meera|father|Pooja,grandmother
direction_sense,"Manoj walks 10km south, then 2km north. How far is Manoj from the starting point?",10km south;2km north,8.0
coding_decoding,"If FAN is coded as KFS, how is BAT coded?",FAN->KFS;BAT->?,GFY
syllogism,Statement 1: No flowers are cats. Statement 2: Some cats are pets. Conclusion: Some pets are not flowers. Is the conclusion valid?,No flowers are cats|Some cats are pets|Some pets are not flowers,valid
blood_relation,Pooja is Divya's son. Divya is Sneha's daughter. How is Pooja related to Sneha?,Pooja|son|Divya;Divya|daughter|Sneha,grandson
direction_sense,"Manoj walks 8km west, then 3km west, then 8km north. How far is Manoj from the starting point?",8km west;3km west;8km north,13.6
coding_decoding,"If MAP is coded as QET, how is BAT coded?",MAP->QET;BAT->?,FEX
syllogism,Statement 1: No mammals are flowers. Statement 2: Some flowers are cars. Conclusion: Some cars are not mammals. Is the conclusion valid?,No mammals are flowers|Some flowers are cars|Some cars are not mammals,valid
blood_relation,Sneha is Pooja's daughter. Pooja is Karan's son. How is Sneha related to Karan?,Sneha|daughter|Pooja;Pooja|son|Karan,granddaughter
direction_sense,"Riya walks 3km south, then 8km east, then 10km south. How far is Riya from the starting point?",3km south;8km east;10km south,15.26
coding_decoding,"If CUP is coded as HZU, how is BOX coded?",CUP->HZU;BOX->?,GTC
syllogism,Statement 1: Some cars are pets. Statement 2: All pets are mammals. Conclusion: Some cars are mammals. Is the conclusion valid?,Some cars are pets|All pets are mammals|Some cars are mammals,valid
blood_relation,Arjun is Priya's mother. Priya is Divya's mother. How is Arjun related to Divya?,Arjun|mother|Priya;Priya|mother|Divya,grandmother
direction_sense,"Nikhil walks 9km south, then 4km east, then 8km east. How far is Nikhil from the starting point?",9km south;4km east;8km east,15.0
coding_decoding,"If FAN is coded as GBO, how is BAT coded?",FAN->GBO;BAT->?,CBU
syllogism,Statement 1: No birds are cats. Statement 2: Some cats are pets. Conclusion: Some pets are not birds. Is the conclusion valid?,No birds are cats|Some cats are pets|Some pets are not birds,valid
blood_relation,Anjali is Rohit's mother. Rohit is Priya's mother. How is Anjali related to Priya?,Anjali|mother|Rohit;Rohit|mother|Priya,grandmother
direction_sense,"Riya walks 6km south, then 9km west. How far is Riya from the starting point?",6km south;9km west,10.82
coding_decoding,"If BAT is coded as CBU, how is BOX coded?",BAT->CBU;BOX->?,CPY
syllogism,Statement 1: All vehicles are mammals. Statement 2: All mammals are flowers. Conclusion: All vehicles are flowers. Is the conclusion valid?,All vehicles are mammals|All mammals are flowers|All vehicles are flowers,valid
blood_relation,Riya is Vikram's mother. Vikram is Rohit's mother. How is Riya related to Rohit?,Riya|mother|Vikram;Vikram|mother|Rohit,grandmother
direction_sense,"Sneha walks 5km west, then 6km west, then 2km west. How far is Sneha from the starting point?",5km west;6km west;2km west,13.0
coding_decoding,"If CAT is coded as GEX, how is KEY coded?",CAT->GEX;KEY->?,OIC
syllogism,Statement 1: Some birds are vehicles. Statement 2: All vehicles are pets. Conclusion: Some birds are pets. Is the conclusion valid?,Some birds are vehicles|All vehicles are pets|Some birds are pets,valid
blood_relation,Sneha is Arjun's mother. Arjun is Amit's father. How is Sneha related to Amit?,Sneha|mother|Arjun;Arjun|father|Amit,grandmother
direction_sense,"Karan walks 7km north, then 9km north. How far is Karan from the starting point?",7km north;9km north,16.0
coding_decoding,"If FAN is coded as IDQ, how is TOP coded?",FAN->IDQ;TOP->?,WRS
syllogism,Statement 1: No vehicles are birds. Statement 2: Some birds are animals. Conclusion: Some animals are not vehicles. Is the conclusion valid?,No vehicles are birds|Some birds are animals|Some animals are not vehicles,valid
blood_relation,Rohit is Priya's son. Priya is Anjali's daughter. How is Rohit related to Anjali?,Rohit|son|Priya;Priya|daughter|Anjali,grandson
direction_sense,"Anjali walks 10km west, then 6km north. How far is Anjali from the starting point?",10km west;6km north,11.66
coding_decoding,"If CUP is coded as DVQ, how is KEY coded?",CUP->DVQ;KEY->?,LFZ
syllogism,Statement 1: Some dogs are foods. Statement 2: Some foods are fruits. Conclusion: Some dogs are fruits. Is the conclusion valid?,Some dogs are foods|Some foods are fruits|Some dogs are fruits,invalid
blood_relation,Arjun is Vikram's son. Vikram is Pooja's son. How is Arjun related to Pooja?,Arjun|son|Vikram;Vikram|son|Pooja,grandson
direction_sense,"Suresh walks 2km west, then 3km north, then 5km north. How far is Suresh from the starting point?",2km west;3km north;5km north,8.25
coding_decoding,"If PEN is coded as QFO, how is TOP coded?",PEN->QFO;TOP->?,UPQ
syllogism,Statement 1: All plants are mammals. Statement 2: No mammals are cars. Conclusion: No plants are cars. Is the conclusion valid?,All plants are mammals|No mammals are cars|No plants are cars,valid
blood_relation,Suresh is Vikram's father. Vikram is Manoj's mother. How is Suresh related to Manoj?,Suresh|father|Vikram;Vikram|mother|Manoj,grandfather
direction_sense,"Anjali walks 5km south, then 2km east. How far is Anjali from the starting point?",5km south;2km east,5.39
coding_decoding,"If MAP is coded as QET, how is BAT coded?",MAP->QET;BAT->?,FEX
syllogism,Statement 1: Some foods are animals. Statement 2: Some animals are cats. Conclusion: Some foods are cats. Is the conclusion valid?,Some foods are animals|Some animals are cats|Some foods are cats,invalid
blood_relation,Pooja is Karan's mother. Karan is Vikram's father. How is Pooja related to Vikram?,Pooja|mother|Karan;Karan|father|Vikram,grandmother
direction_sense,"Meera walks 8km south, then 9km east. How far is Meera from the starting point?",8km south;9km east,12.04
coding_decoding,"If FAN is coded as JER, how is RUN coded?",FAN->JER;RUN->?,VYR
syllogism,Statement 1: Some fruits are dogs. Statement 2: Some dogs are cars. Conclusion: Some fruits are cars. Is the conclusion valid?,Some fruits are dogs|Some dogs are cars|Some fruits are cars,invalid
blood_relation,Riya is Nikhil's mother. Nikhil is Pooja's mother. How is Riya related to Pooja?,Riya|mother|Nikhil;Nikhil|mother|Pooja,grandmother
direction_sense,"Vikram walks 4km south, then 7km north. How far is Vikram from the starting point?",4km south;7km north,3.0
coding_decoding,"If CAT is coded as ECV, how is COW coded?",CAT->ECV;COW->?,EQY
syllogism,Statement 1: Some mammals are flowers. Statement 2: All flowers are dogs. Conclusion: Some mammals are dogs. Is the conclusion valid?,Some mammals are flowers|All flowers are dogs|Some mammals are dogs,valid
blood_relation,Vikram is Priya's father. Priya is Amit's mother. How is Vikram related to Amit?,Vikram|father|Priya;Priya|mother|Amit,grandfather
direction_sense,"Anjali walks 2km south, then 8km west, then 7km west. How far is Anjali from the starting point?",2km south;8km west;7km west,15.13
coding_decoding,"If BAT is coded as CBU, how is COW coded?",BAT->CBU;COW->?,DPX
syllogism,Statement 1: Some fruits are birds. Statement 2: All birds are dogs. Conclusion: Some fruits are dogs. Is the conclusion valid?,Some fruits are birds|All birds are dogs|Some fruits are dogs,valid
blood_relation,Sneha is Amit's father. Amit is Arjun's father. How is Sneha related to Arjun?,Sneha|father|Amit;Amit|father|Arjun,grandfather
direction_sense,"Divya walks 6km east, then 3km west. How far is Divya from the starting point?",6km east;3km west,3.0
coding_decoding,"If MAP is coded as QET, how is BAT coded?",MAP->QET;BAT->?,FEX
syllogism,Statement 1: Some pets are dogs. Statement 2: Some dogs are mammals. Conclusion: Some pets are mammals. Is the conclusion valid?,Some pets are dogs|Some dogs are mammals|Some pets are mammals,invalid
blood_relation,Manoj is Sneha's daughter. Sneha is Arjun's daughter. How is Manoj related to Arjun?,Manoj|daughter|Sneha;Sneha|daughter|Arjun,granddaughter
direction_sense,"Suresh walks 2km west, then 2km west, then 7km north. How far is Suresh from the starting point?",2km west;2km west;7km north,8.06
coding_decoding,"If MAP is coded as OCR, how is BAT coded?",MAP->OCR;BAT->?,DCV
syllogism,Statement 1: Some plants are cats. Statement 2: All cats are flowers. Conclusion: Some plants are flowers. Is the conclusion valid?,Some plants are cats|All cats are flowers|Some plants are flowers,valid
blood_relation,Divya is Rohit's daughter. Rohit is Manoj's son. How is Divya related to Manoj?,Divya|daughter|Rohit;Rohit|son|Manoj,granddaughter
direction_sense,"Kavya walks 10km west, then 6km north, then 2km north. How far is Kavya from the starting point?",10km west;6km north;2km north,12.81
coding_decoding,"If CAT is coded as DBU, how is KEY coded?",CAT->DBU;KEY->?,LFZ
syllogism,Statement 1: All birds are foods. Statement 2: No foods are plants. Conclusion: No birds are plants. Is the conclusion valid?,All birds are foods|No foods are plants|No birds are plants,valid
blood_relation,Arjun is Riya's son. Riya is Sneha's daughter. How is Arjun related to Sneha?,Arjun|son|Riya;Riya|daughter|Sneha,grandson
direction_sense,"Riya walks 8km south, then 6km north, then 7km west. How far is Riya from the starting point?",8km south;6km north;7km west,7.28
coding_decoding,"If MAP is coded as NBQ, how is TOP coded?",MAP->NBQ;TOP->?,UPQ
syllogism,Statement 1: Some fruits are vehicles. Statement 2: All vehicles are flowers. Conclusion: Some fruits are flowers. Is the conclusion valid?,Some fruits are vehicles|All vehicles are flowers|Some fruits are flowers,valid
blood_relation,Sneha is Riya's mother. Riya is Pooja's father. How is Sneha related to Pooja?,Sneha|mother|Riya;Riya|father|Pooja,grandmother
direction_sense,"Priya walks 7km north, then 4km south, then 3km east. How far is Priya from the starting point?",7km north;4km south;3km east,4.24
coding_decoding,"If DOG is coded as HSK, how is JAM coded?",DOG->HSK;JAM->?,NEQ
syllogism,Statement 1: Some flowers are cats. Statement 2: All cats are animals. Conclusion: Some flowers are animals. Is the conclusion valid?,Some flowers are cats|All cats are animals|Some flowers are animals,valid
blood_relation,Riya is Sneha's daughter. Sneha is Divya's daughter. How is Riya related to Divya?,Riya|daughter|Sneha;Sneha|daughter|Divya,granddaughter
direction_sense,"Priya walks 6km east, then 7km south. How far is Priya from the starting point?",6km east;7km south,9.22
coding_decoding,"If BAT is coded as GFY, how is BOX coded?",BAT->GFY;BOX->?,GTC
syllogism,Statement 1: All plants are flowers. Statement 2: No flowers are cars. Conclusion: No plants are cars. Is the conclusion valid?,All plants are flowers|No flowers are cars|No plants are cars,valid
blood_relation,Kavya is Riya's daughter. Riya is Vikram's son. How is Kavya related to Vikram?,Kavya|daughter|Riya;Riya|son|Vikram,granddaughter
direction_sense,"Suresh walks 8km west, then 3km west, then 8km east. How far is Suresh from the starting point?",8km west;3km west;8km east,3.0
coding_decoding,"If BAT is coded as FEX, how is BAT coded?",BAT->FEX;BAT->?,FEX
syllogism,Statement 1: Some foods are cats. Statement 2: All cats are fruits. Conclusion: Some foods are fruits. Is the conclusion valid?,Some foods are cats|All cats are fruits|Some foods are fruits,valid
blood_relation,Karan is Divya's son. Divya is Anjali's daughter. How is Karan related to Anjali?,Karan|son|Divya;Divya|daughter|Anjali,grandson
direction_sense,"Nikhil walks 8km east, then 3km west, then 3km south. How far is Nikhil from the starting point?",8km east;3km west;3km south,5.83
coding_decoding,"If FAN is coded as JER, how is BOX coded?",FAN->JER;BOX->?,FSB
syllogism,Statement 1: Some pets are vehicles. Statement 2: All vehicles are birds. Conclusion: Some pets are birds. Is the conclusion valid?,Some pets are vehicles|All vehicles are birds|Some pets are birds,valid
blood_relation,Pooja is Vikram's father. Vikram is Suresh's mother. How is Pooja related to Suresh?,Pooja|father|Vikram;Vikram|mother|Suresh,grandfather
direction_sense,"Meera walks 9km west, then 10km south, then 10km south. How far is Meera from the starting point?",9km west;10km south;10km south,21.93
coding_decoding,"If DOG is coded as ITL, how is TOP coded?",DOG->ITL;TOP->?,YTU
syllogism,Statement 1: Some foods are vehicles. Statement 2: Some vehicles are plants. Conclusion: Some foods are plants. Is the conclusion valid?,Some foods are vehicles|Some vehicles are plants|Some foods are plants,invalid
blood_relation,Divya is Pooja's son. Pooja is Priya's daughter. How is Divya related to Priya?,Divya|son|Pooja;Pooja|daughter|Priya,grandson
direction_sense,"Kavya walks 8km north, then 10km east, then 2km north. How far is Kavya from the starting point?",8km north;10km east;2km north,14.14
coding_decoding,"If CAT is coded as ECV, how is KEY coded?",CAT->ECV;KEY->?,MGA
syllogism,Statement 1: Some birds are cars. Statement 2: All cars are flowers. Conclusion: Some birds are flowers. Is the conclusion valid?,Some birds are cars|All cars are flowers|Some birds are flowers,valid
blood_relation,Karan is Amit's son. Amit is Rohit's son. How is Karan related to Rohit?,Karan|son|Amit;Amit|son|Rohit,grandson
direction_sense,"Priya walks 6km south, then 7km north, then 9km south. How far is Priya from the starting point?",6km south;7km north;9km south,8.0
coding_decoding,"If SUN is coded as UWP, how is BAT coded?",SUN->UWP;BAT->?,DCV
syllogism,Statement 1: Some flowers are vehicles. Statement 2: All vehicles are plants. Conclusion: Some flowers are plants. Is the conclusion valid?,Some flowers are vehicles|All vehicles are plants|Some flowers are plants,valid
blood_relation,Pooja is Divya's son. Divya is Sneha's son. How is Pooja related to Sneha?,Pooja|son|Divya;Divya|son|Sneha,grandson
direction_sense,"Anjali walks 2km west, then 10km south. How far is Anjali from the starting point?",2km west;10km south,10.2
coding_decoding,"If MAP is coded as PDS, how is KEY coded?",MAP->PDS;KEY->?,NHB
syllogism,Statement 1: Some birds are fruits. Statement 2: All fruits are plants. Conclusion: Some birds are plants. Is the conclusion valid?,Some birds are fruits|All fruits are plants|Some birds are plants,valid
blood_relation,Rohit is Priya's son. Priya is Meera's daughter. How is Rohit related to Meera?,Rohit|son|Priya;Priya|daughter|Meera,grandson
direction_sense,"Rohit walks 8km east, then 8km north, then 4km west. How far is Rohit from the starting point?",8km east;8km north;4km west,8.94
coding_decoding,"If CAT is coded as GEX, how is RUN coded?",CAT->GEX;RUN->?,VYR
syllogism,Statement 1: Some vehicles are flowers. Statement 2: All flowers are dogs. Conclusion: Some vehicles are dogs. Is the conclusion valid?,Some vehicles are flowers|All flowers are dogs|Some vehicles are dogs,valid
blood_relation,Amit is Arjun's mother. Arjun is Nikhil's father. How is Amit related to Nikhil?,Amit|mother|Arjun;Arjun|father|Nikhil,grandmother
direction_sense,"Sneha walks 2km south, then 2km north, then 3km south. How far is Sneha from the starting point?",2km south;2km north;3km south,3.0
coding_decoding,"If BAT is coded as GFY, how is BAT coded?",BAT->GFY;BAT->?,GFY
syllogism,Statement 1: No animals are birds. Statement 2: Some birds are flowers. Conclusion: Some flowers are not animals. Is the conclusion valid?,No animals are birds|Some birds are flowers|Some flowers are not animals,valid
blood_relation,Suresh is Nikhil's mother. Nikhil is Manoj's father. How is Suresh related to Manoj?,Suresh|mother|Nikhil;Nikhil|father|Manoj,grandmother
direction_sense,"Sneha walks 9km west, then 8km west, then 3km north. How far is Sneha from the starting point?",9km west;8km west;3km north,17.26
coding_decoding,"If SUN is coded as TVO, how is JAM coded?",SUN->TVO;JAM->?,KBN
syllogism,Statement 1: Some fruits are cats. Statement 2: All cats are animals. Conclusion: Some fruits are animals. Is the conclusion valid?,Some fruits are cats|All cats are animals|Some fruits are animals,valid
blood_relation,Sneha is Divya's son. Divya is Suresh's daughter. How is Sneha related to Suresh?,Sneha|son|Divya;Divya|daughter|Suresh,grandson
direction_sense,"Rohit walks 4km south, then 4km north, then 3km west. How far is Rohit from the starting point?",4km south;4km north;3km west,3.0
coding_decoding,"If CAT is coded as FDW, how is LOG coded?",CAT->FDW;LOG->?,ORJ
syllogism,Statement 1: Some pets are dogs. Statement 2: Some dogs are cats. Conclusion: Some pets are cats. Is the conclusion valid?,Some pets are dogs|Some dogs are cats|Some pets are cats,invalid
blood_relation,Divya is Nikhil's daughter. Nikhil is Manoj's son. How is Divya related to Manoj?,Divya|daughter|Nikhil;Nikhil|son|Manoj,granddaughter
direction_sense,"Vikram walks 7km west, then 10km west, then 4km south. How far is Vikram from the starting point?",7km west;10km west;4km south,17.46
coding_decoding,"If FAN is coded as IDQ, how is RUN coded?",FAN->IDQ;RUN->?,UXQ
syllogism,Statement 1: No pets are plants. Statement 2: Some plants are cars. Conclusion: Some cars are not pets. Is the conclusion valid?,No pets are plants|Some plants are cars|Some cars are not pets,valid
blood_relation,Nikhil is Suresh's daughter. Suresh is Priya's daughter. How is Nikhil related to Priya?,Nikhil|daughter|Suresh;Suresh|daughter|Priya,granddaughter
direction_sense,"Meera walks 4km south, then 5km west, then 10km south. How far is Meera from the starting point?",4km south;5km west;10km south,14.87
coding_decoding,"If MAP is coded as PDS, how is KEY coded?",MAP->PDS;KEY->?,NHB
syllogism,Statement 1: No vehicles are plants. Statement 2: Some plants are flowers. Conclusion: Some flowers are not vehicles. Is the conclusion valid?,No vehicles are plants|Some plants are flowers|Some flowers are not vehicles,valid
blood_relation,Kavya is Arjun's son. Arjun is Sneha's son. How is Kavya related to Sneha?,Kavya|son|Arjun;Arjun|son|Sneha,grandson
direction_sense,"Anjali walks 8km south, then 2km north, then 5km west. How far is Anjali from the starting point?",8km south;2km north;5km west,7.81
coding_decoding,"If BAT is coded as EDW, how is BOX coded?",BAT->EDW;BOX->?,ERA
syllogism,Statement 1: No fruits are cats. Statement 2: Some cats are cars. Conclusion: Some cars are not fruits. Is the conclusion valid?,No fruits are cats|Some cats are cars|Some cars are not fruits,valid
blood_relation,Arjun is Kavya's son. Kavya is Priya's son. How is Arjun related to Priya?,Arjun|son|Kavya;Kavya|son|Priya,grandson
direction_sense,"Anjali walks 9km east, then 7km west. How far is Anjali from the starting point?",9km east;7km west,2.0
coding_decoding,"If FAN is coded as GBO, how is BOX coded?",FAN->GBO;BOX->?,CPY
syllogism,Statement 1: All cars are dogs. Statement 2: All dogs are foods. Conclusion: All cars are foods. Is the conclusion valid?,All cars are dogs|All dogs are foods|All cars are foods,valid
blood_relation,Vikram is Riya's mother. Riya is Suresh's mother. How is Vikram related to Suresh?,Vikram|mother|Riya;Riya|mother|Suresh,grandmother
direction_sense,"Rohit walks 8km west, then 4km east, then 4km north. How far is Rohit from the starting point?",8km west;4km east;4km north,5.66
coding_decoding,"If DOG is coded as HSK, how is RUN coded?",DOG->HSK;RUN->?,VYR
syllogism,Statement 1: Some dogs are cats. Statement 2: All cats are flowers. Conclusion: Some dogs are flowers. Is the conclusion valid?,Some dogs are cats|All cats are flowers|Some dogs are flowers,valid
blood_relation,Anjali is Manoj's father. Manoj is Rohit's mother. How is Anjali related to Rohit?,Anjali|father|Manoj;Manoj|mother|Rohit,grandfather
direction_sense,"Divya walks 10km south, then 5km west. How far is Divya from the starting point?",10km south;5km west,11.18
coding_decoding,"If SUN is coded as VXQ, how is BOX coded?",SUN->VXQ;BOX->?,ERA
syllogism,Statement 1: Some plants are fruits. Statement 2: Some fruits are animals. Conclusion: Some plants are animals. Is the conclusion valid?,Some plants are fruits|Some fruits are animals|Some plants are animals,invalid
blood_relation,Kavya is Priya's son. Priya is Riya's son. How is Kavya related to Riya?,Kavya|son|Priya;Priya|son|Riya,grandson
direction_sense,"Pooja walks 10km west, then 5km south, then 6km north. How far is Pooja from the starting point?",10km west;5km south;6km north,10.05
coding_decoding,"If DOG is coded as EPH, how is RUN coded?",DOG->EPH;RUN->?,SVO
syllogism,Statement 1: All animals are mammals. Statement 2: No mammals are vehicles. Conclusion: No animals are vehicles. Is the conclusion valid?,All animals are mammals|No mammals are vehicles|No animals are vehicles,valid
blood_relation,Manoj is Meera's son. Meera is Divya's son. How is Manoj related to Divya?,Manoj|son|Meera;Meera|son|Divya,grandson
direction_sense,"Anjali walks 7km south, then 6km south, then 7km west. How far is Anjali from the starting point?",7km south;6km south;7km west,14.76
coding_decoding,"If CUP is coded as FXS, how is TOP coded?",CUP->FXS;TOP->?,WRS
syllogism,Statement 1: Some cats are flowers. Statement 2: Some flowers are foods. Conclusion: Some cats are foods. Is the conclusion valid?,Some cats are flowers|Some flowers are foods|Some cats are foods,invalid
blood_relation,Divya is Riya's mother. Riya is Vikram's father. How is Divya related to Vikram?,Divya|mother|Riya;Riya|father|Vikram,grandmother
direction_sense,"Sneha walks 2km west, then 5km east, then 3km west. How far is Sneha from the starting point?",2km west;5km east;3km west,0.0
coding_decoding,"If PEN is coded as QFO, how is LOG coded?",PEN->QFO;LOG->?,MPH
syllogism,Statement 1: No animals are pets. Statement 2: Some pets are cars. Conclusion: Some cars are not animals. Is the conclusion valid?,No animals are pets|Some pets are cars|Some cars are not animals,valid
blood_relation,Karan is Suresh's mother. Suresh is Manoj's mother. How is Karan related to Manoj?,Karan|mother|Suresh;Suresh|mother|Manoj,grandmother
direction_sense,"Meera walks 10km north, then 3km south. How far is Meera from the starting point?",10km north;3km south,7.0
coding_decoding,"If CUP is coded as FXS, how is KEY coded?",CUP->FXS;KEY->?,NHB
syllogism,Statement 1: All cars are fruits. Statement 2: All fruits are animals. Conclusion: All cars are animals. Is the conclusion valid?,All cars are fruits|All fruits are animals|All cars are animals,valid
blood_relation,Manoj is Nikhil's daughter. Nikhil is Kavya's daughter. How is Manoj related to Kavya?,Manoj|daughter|Nikhil;Nikhil|daughter|Kavya,granddaughter
direction_sense,"Amit walks 3km east, then 8km west. How far is Amit from the starting point?",3km east;8km west,5.0
coding_decoding,"If BAT is coded as FEX, how is RUN coded?",BAT->FEX;RUN->?,VYR
syllogism,Statement 1: All flowers are dogs. Statement 2: All dogs are cars. Conclusion: All flowers are cars. Is the conclusion valid?,All flowers are dogs|All dogs are cars|All flowers are cars,valid
blood_relation,Karan is Meera's father. Meera is Manoj's mother. How is Karan related to Manoj?,Karan|father|Meera;Meera|mother|Manoj,grandfather
direction_sense,"Kavya walks 10km east, then 5km east. How far is Kavya from the starting point?",10km east;5km east,15.0
coding_decoding,"If CAT is coded as DBU, how is LOG coded?",CAT->DBU;LOG->?,MPH
syllogism,Statement 1: Some foods are vehicles. Statement 2: Some vehicles are mammals. Conclusion: Some foods are mammals. Is the conclusion valid?,Some foods are vehicles|Some vehicles are mammals|Some foods are mammals,invalid
blood_relation,Kavya is Vikram's daughter. Vikram is Manoj's daughter. How is Kavya related to Manoj?,Kavya|daughter|Vikram;Vikram|daughter|Manoj,granddaughter
direction_sense,"Amit walks 9km south, then 9km south. How far is Amit from the starting point?",9km south;9km south,18.0
coding_decoding,"If PEN is coded as RGP, how is BOX coded?",PEN->RGP;BOX->?,DQZ
syllogism,Statement 1: All fruits are pets. Statement 2: All pets are mammals. Conclusion: All fruits are mammals. Is the conclusion valid?,All fruits are pets|All pets are mammals|All fruits are mammals,valid
blood_relation,Divya is Arjun's son. Arjun is Pooja's daughter. How is Divya related to Pooja?,Divya|son|Arjun;Arjun|daughter|Pooja,grandson
direction_sense,"Suresh walks 3km north, then 7km north. How far is Suresh from the starting point?",3km north;7km north,10.0
coding_decoding,"If PEN is coded as SHQ, how is BOX coded?",PEN->SHQ;BOX->?,ERA
syllogism,Statement 1: No cats are birds. Statement 2: Some birds are plants. Conclusion: Some plants are not cats. Is the conclusion valid?,No cats are birds|Some birds are plants|Some plants are not cats,valid
blood_relation,Riya is Kavya's father. Kavya is Priya's father. How is Riya related to Priya?,Riya|father|Kavya;Kavya|father|Priya,grandfather
direction_sense,"Riya walks 4km south, then 2km north, then 6km west. How far is Riya from the starting point?",4km south;2km north;6km west,6.32
coding_decoding,"If BAT is coded as FEX, how is RUN coded?",BAT->FEX;RUN->?,VYR
syllogism,Statement 1: All fruits are plants. Statement 2: All plants are flowers. Conclusion: All fruits are flowers. Is the conclusion valid?,All fruits are plants|All plants are flowers|All fruits are flowers,valid
blood_relation,Rohit is Meera's daughter. Meera is Pooja's daughter. How is Rohit related to Pooja?,Rohit|daughter|Meera;Meera|daughter|Pooja,granddaughter
direction_sense,"Anjali walks 3km south, then 5km west, then 3km west. How far is Anjali from the starting point?",3km south;5km west;3km west,8.54
coding_decoding,"If FAN is coded as HCP, how is KEY coded?",FAN->HCP;KEY->?,MGA
syllogism,Statement 1: All dogs are flowers. Statement 2: No flowers are plants. Conclusion: No dogs are plants. Is the conclusion valid?,All dogs are flowers|No flowers are plants|No dogs are plants,valid
blood_relation,Rohit is Anjali's daughter. Anjali is Meera's daughter. How is Rohit related to Meera?,Rohit|daughter|Anjali;Anjali|daughter|Meera,granddaughter
direction_sense,"Meera walks 3km south, then 7km west. How far is Meera from the starting point?",3km south;7km west,7.62
coding_decoding,"If DOG is coded as HSK, how is LOG coded?",DOG->HSK;LOG->?,PSK
syllogism,Statement 1: Some dogs are fruits. Statement 2: Some fruits are flowers. Conclusion: Some dogs are flowers. Is the conclusion valid?,Some dogs are fruits|Some fruits are flowers|Some dogs are flowers,invalid
blood_relation,Meera is Riya's daughter. Riya is Priya's daughter. How is Meera related to Priya?,Meera|daughter|Riya;Riya|daughter|Priya,granddaughter
direction_sense,"Meera walks 4km south, then 7km east, then 9km south. How far is Meera from the starting point?",4km south;7km east;9km south,14.76
coding_decoding,"If CUP is coded as FXS, how is BAT coded?",CUP->FXS;BAT->?,EDW
syllogism,Statement 1: All cats are flowers. Statement 2: No flowers are fruits. Conclusion: No cats are fruits. Is the conclusion valid?,All cats are flowers|No flowers are fruits|No cats are fruits,valid
blood_relation,Priya is Manoj's father. Manoj is Nikhil's father. How is Priya related to Nikhil?,Priya|father|Manoj;Manoj|father|Nikhil,grandfather
direction_sense,"Rohit walks 8km east, then 8km north. How far is Rohit from the starting point?",8km east;8km north,11.31
coding_decoding,"If PEN is coded as UJS, how is KEY coded?",PEN->UJS;KEY->?,PJD
syllogism,Statement 1: Some pets are dogs. Statement 2: Some dogs are fruits. Conclusion: Some pets are fruits. Is the conclusion valid?,Some pets are dogs|Some dogs are fruits|Some pets are fruits,invalid
blood_relation,Divya is Riya's mother. Riya is Suresh's mother. How is Divya related to Suresh?,Divya|mother|Riya;Riya|mother|Suresh,grandmother
direction_sense,"Divya walks 8km north, then 7km north, then 9km north. How far is Divya from the starting point?",8km north;7km north;9km north,24.0
coding_decoding,"If DOG is coded as ITL, how is COW coded?",DOG->ITL;COW->?,HTB
syllogism,Statement 1: No mammals are plants. Statement 2: Some plants are cats. Conclusion: Some cats are not mammals. Is the conclusion valid?,No mammals are plants|Some plants are cats|Some cats are not mammals,valid
blood_relation,Amit is Priya's daughter. Priya is Arjun's daughter. How is Amit related to Arjun?,Amit|daughter|Priya;Priya|daughter|Arjun,granddaughter
direction_sense,"Divya walks 3km west, then 7km west, then 5km north. How far is Divya from the starting point?",3km west;7km west;5km north,11.18
coding_decoding,"If SUN is coded as VXQ, how is RUN coded?",SUN->VXQ;RUN->?,UXQ
syllogism,Statement 1: Some foods are mammals. Statement 2: Some mammals are birds. Conclusion: Some foods are birds. Is the conclusion valid?,Some foods are mammals|Some mammals are birds|Some foods are birds,invalid
blood_relation,Priya is Riya's mother. Riya is Nikhil's mother. How is Priya related to Nikhil?,Priya|mother|Riya;Riya|mother|Nikhil,grandmother
direction_sense,"Nikhil walks 4km south, then 8km west, then 5km east. How far is Nikhil from the starting point?",4km south;8km west;5km east,5.0
coding_decoding,"If FAN is coded as KFS, how is LOG coded?",FAN->KFS;LOG->?,QTL
syllogism,Statement 1: No plants are cars. Statement 2: Some cars are animals. Conclusion: Some animals are not plants. Is the conclusion valid?,No plants are cars|Some cars are animals|Some animals are not plants,valid
blood_relation,Sneha is Vikram's son. Vikram is Anjali's son. How is Sneha related to Anjali?,Sneha|son|Vikram;Vikram|son|Anjali,grandson
direction_sense,"Kavya walks 10km west, then 2km west. How far is Kavya from the starting point?",10km west;2km west,12.0
coding_decoding,"If SUN is coded as VXQ, how is RUN coded?",SUN->VXQ;RUN->?,UXQ
syllogism,Statement 1: No foods are animals. Statement 2: Some animals are mammals. Conclusion: Some mammals are not foods. Is the conclusion valid?,No foods are animals|Some animals are mammals|Some mammals are not foods,valid
blood_relation,Sneha is Riya's son. Riya is Amit's daughter. How is Sneha related to Amit?,Sneha|son|Riya;Riya|daughter|Amit,grandson
direction_sense,"Nikhil walks 7km east, then 10km north. How far is Nikhil from the starting point?",7km east;10km north,12.21
coding_decoding,"If DOG is coded as HSK, how is RUN coded?",DOG->HSK;RUN->?,VYR
syllogism,Statement 1: Some flowers are birds. Statement 2: All birds are fruits. Conclusion: Some flowers are fruits. Is the conclusion valid?,Some flowers are birds|All birds are fruits|Some flowers are fruits,valid
blood_relation,Karan is Divya's father. Divya is Anjali's father. How is Karan related to Anjali?,Karan|father|Divya;Divya|father|Anjali,grandfather
direction_sense,"Rohit walks 8km south, then 4km east, then 5km east. How far is Rohit from the starting point?",8km south;4km east;5km east,12.04
coding_decoding,"If DOG is coded as HSK, how is TOP coded?",DOG->HSK;TOP->?,XST
syllogism,Statement 1: Some pets are plants. Statement 2: Some plants are flowers. Conclusion: Some pets are flowers. Is the conclusion valid?,Some pets are plants|Some plants are flowers|Some pets are flowers,invalid
blood_relation,Meera is Nikhil's son. Nikhil is Anjali's son. How is Meera related to Anjali?,Meera|son|Nikhil;Nikhil|son|Anjali,grandson
direction_sense,"Manoj walks 6km north, then 2km west. How far is Manoj from the starting point?",6km north;2km west,6.32
coding_decoding,"If DOG is coded as FQI, how is JAM coded?",DOG->FQI;JAM->?,LCO
syllogism,Statement 1: Some mammals are cats. Statement 2: Some cats are cars. Conclusion: Some mammals are cars. Is the conclusion valid?,Some mammals are cats|Some cats are cars|Some mammals are cars,invalid
blood_relation,Vikram is Amit's daughter. Amit is Arjun's son. How is Vikram related to Arjun?,Vikram|daughter|Amit;Amit|son|Arjun,granddaughter
direction_sense,"Karan walks 10km east, then 5km west, then 7km east. How far is Karan from the starting point?",10km east;5km west;7km east,12.0
coding_decoding,"If PEN is coded as RGP, how is BOX coded?",PEN->RGP;BOX->?,DQZ
syllogism,Statement 1: All flowers are birds. Statement 2: No birds are cars. Conclusion: No flowers are cars. Is the conclusion valid?,All flowers are birds|No birds are cars|No flowers are cars,valid
blood_relation,Meera is Vikram's father. Vikram is Amit's father. How is Meera related to Amit?,Meera|father|Vikram;Vikram|father|Amit,grandfather
direction_sense,"Riya walks 7km west, then 9km south. How far is Riya from the starting point?",7km west;9km south,11.4
coding_decoding,"If SUN is coded as XZS, how is BAT coded?",SUN->XZS;BAT->?,GFY
syllogism,Statement 1: Some cars are animals. Statement 2: All animals are foods. Conclusion: Some cars are foods. Is the conclusion valid?,Some cars are animals|All animals are foods|Some cars are foods,valid
blood_relation,Meera is Divya's mother. Divya is Karan's mother. How is Meera related to Karan?,Meera|mother|Divya;Divya|mother|Karan,grandmother
direction_sense,"Meera walks 7km west, then 5km south. How far is Meera from the starting point?",7km west;5km south,8.6
coding_decoding,"If DOG is coded as GRJ, how is LOG coded?",DOG->GRJ;LOG->?,ORJ
syllogism,Statement 1: Some fruits are flowers. Statement 2: Some flowers are dogs. Conclusion: Some fruits are dogs. Is the conclusion valid?,Some fruits are flowers|Some flowers are dogs|Some fruits are dogs,invalid
blood_relation,Arjun is Amit's mother. Amit is Vikram's mother. How is Arjun related to Vikram?,Arjun|mother|Amit;Amit|mother|Vikram,grandmother
direction_sense,"Rohit walks 5km east, then 10km south. How far is Rohit from the starting point?",5km east;10km south,11.18
coding_decoding,"If CUP is coded as FXS, how is RUN coded?",CUP->FXS;RUN->?,UXQ
syllogism,Statement 1: All flowers are cats. Statement 2: No cats are birds. Conclusion: No flowers are birds. Is the conclusion valid?,All flowers are cats|No cats are birds|No flowers are birds,valid
blood_relation,Riya is Anjali's son. Anjali is Pooja's son. How is Riya related to Pooja?,Riya|son|Anjali;Anjali|son|Pooja,grandson
direction_sense,"Karan walks 9km north, then 10km west, then 7km south. How far is Karan from the starting point?",9km north;10km west;7km south,10.2
coding_decoding,"If CUP is coded as DVQ, how is KEY coded?",CUP->DVQ;KEY->?,LFZ
syllogism,Statement 1: No vehicles are birds. Statement 2: Some birds are cars. Conclusion: Some cars are not vehicles. Is the conclusion valid?,No vehicles are birds|Some birds are cars|Some cars are not vehicles,valid
blood_relation,Vikram is Divya's mother. Divya is Anjali's mother. How is Vikram related to Anjali?,Vikram|mother|Divya;Divya|mother|Anjali,grandmother
direction_sense,"Karan walks 7km north, then 8km south, then 6km south. How far is Karan from the starting point?",7km north;8km south;6km south,7.0
coding_decoding,"If DOG is coded as EPH, how is BAT coded?",DOG->EPH;BAT->?,CBU
syllogism,Statement 1: Some pets are fruits. Statement 2: All fruits are animals. Conclusion: Some pets are animals. Is the conclusion valid?,Some pets are fruits|All fruits are animals|Some pets are animals,valid
blood_relation,Pooja is Anjali's daughter. Anjali is Divya's son. How is Pooja related to Divya?,Pooja|daughter|Anjali;Anjali|son|Divya,granddaughter
direction_sense,"Arjun walks 8km west, then 10km east. How far is Arjun from the starting point?",8km west;10km east,2.0
coding_decoding,"If BAT is coded as FEX, how is COW coded?",BAT->FEX;COW->?,GSA
syllogism,Statement 1: Some animals are flowers. Statement 2: Some flowers are vehicles. Conclusion: Some animals are vehicles. Is the conclusion valid?,Some animals are flowers|Some flowers are vehicles|Some animals are vehicles,invalid
blood_relation,Amit is Sneha's mother. Sneha is Priya's mother. How is Amit related to Priya?,Amit|mother|Sneha;Sneha|mother|Priya,grandmother
direction_sense,"Arjun walks 10km east, then 5km south. How far is Arjun from the starting point?",10km east;5km south,11.18
coding_decoding,"If CUP is coded as GYT, how is JAM coded?",CUP->GYT;JAM->?,NEQ
syllogism,Statement 1: All flowers are birds. Statement 2: All birds are pets. Conclusion: All flowers are pets. Is the conclusion valid?,All flowers are birds|All birds are pets|All flowers are pets,valid
blood_relation,Suresh is Manoj's son. Manoj is Kavya's daughter. How is Suresh related to Kavya?,Suresh|son|Manoj;Manoj|daughter|Kavya,grandson
direction_sense,"Riya walks 5km east, then 6km east, then 8km north. How far is Riya from the starting point?",5km east;6km east;8km north,13.6
coding_decoding,"If BAT is coded as FEX, how is BAT coded?",BAT->FEX;BAT->?,FEX
syllogism,Statement 1: No birds are plants. Statement 2: Some plants are vehicles. Conclusion: Some vehicles are not birds. Is the conclusion valid?,No birds are plants|Some plants are vehicles|Some vehicles are not birds,valid
blood_relation,Vikram is Amit's mother. Amit is Rohit's father. How is Vikram related to Rohit?,Vikram|mother|Amit;Amit|father|Rohit,grandmother
direction_sense,"Vikram walks 5km east, then 2km east. How far is Vikram from the starting point?",5km east;2km east,7.0
coding_decoding,"If FAN is coded as IDQ, how is KEY coded?",FAN->IDQ;KEY->?,NHB
syllogism,Statement 1: All vehicles are pets. Statement 2: All pets are flowers. Conclusion: All vehicles are flowers. Is the conclusion valid?,All vehicles are pets|All pets are flowers|All vehicles are flowers,valid
blood_relation,Pooja is Meera's mother. Meera is Priya's mother. How is Pooja related to Priya?,Pooja|mother|Meera;Meera|mother|Priya,grandmother
direction_sense,"Nikhil walks 5km south, then 2km south. How far is Nikhil from the starting point?",5km south;2km south,7.0
coding_decoding,"If DOG is coded as EPH, how is COW coded?",DOG->EPH;COW->?,DPX
syllogism,Statement 1: No cars are pets. Statement 2: Some pets are foods. Conclusion: Some foods are not cars. Is the conclusion valid?,No cars are pets|Some pets are foods|Some foods are not cars,valid
blood_relation,Pooja is Meera's daughter. Meera is Rohit's son. How is Pooja related to Rohit?,Pooja|daughter|Meera;Meera|son|Rohit,granddaughter
direction_sense,"Kavya walks 5km north, then 4km south. How far is Kavya from the starting point?",5km north;4km south,1.0
coding_decoding,"If CUP is coded as GYT, how is COW coded?",CUP->GYT;COW->?,GSA
syllogism,Statement 1: No animals are fruits. Statement 2: Some fruits are foods. Conclusion: Some foods are not animals. Is the conclusion valid?,No animals are fruits|Some fruits are foods|Some foods are not animals,valid
blood_relation,Suresh is Amit's son. Amit is Manoj's son. How is Suresh related to Manoj?,Suresh|son|Amit;Amit|son|Manoj,grandson
direction_sense,"Nikhil walks 2km north, then 10km west. How far is Nikhil from the starting point?",2km north;10km west,10.2
coding_decoding,"If CUP is coded as GYT, how is BOX coded?",CUP->GYT;BOX->?,FSB
syllogism,Statement 1: All cats are vehicles. Statement 2: No vehicles are cars. Conclusion: No cats are cars. Is the conclusion valid?,All cats are vehicles|No vehicles are cars|No cats are cars,valid
blood_relation,Rohit is Riya's mother. Riya is Pooja's mother. How is Rohit related to Pooja?,Rohit|mother|Riya;Riya|mother|Pooja,grandmother
direction_sense,"Meera walks 5km east, then 9km north, then 8km south. How far is Meera from the starting point?",5km east;9km north;8km south,5.1
coding_decoding,"If CUP is coded as EWR, how is LOG coded?",CUP->EWR;LOG->?,NQI
syllogism,Statement 1: All plants are flowers. Statement 2: All flowers are birds. Conclusion: All plants are birds. Is the conclusion valid?,All plants are flowers|All flowers are birds|All plants are birds,valid
blood_relation,Suresh is Anjali's son. Anjali is Kavya's son. How is Suresh related to Kavya?,Suresh|son|Anjali;Anjali|son|Kavya,grandson
direction_sense,"Meera walks 6km west, then 5km west, then 9km north. How far is Meera from the starting point?",6km west;5km west;9km north,14.21
coding_decoding,"If CUP is coded as HZU, how is RUN coded?",CUP->HZU;RUN->?,WZS
syllogism,Statement 1: Some animals are plants. Statement 2: All plants are mammals. Conclusion: Some animals are mammals. Is the conclusion valid?,Some animals are plants|All plants are mammals|Some animals are mammals,valid
blood_relation,Meera is Vikram's mother. Vikram is Pooja's mother. How is Meera related to Pooja?,Meera|mother|Vikram;Vikram|mother|Pooja,grandmother
direction_sense,"Suresh walks 9km east, then 7km west. How far is Suresh from the starting point?",9km east;7km west,2.0
coding_decoding,"If DOG is coded as HSK, how is LOG coded?",DOG->HSK;LOG->?,PSK
syllogism,Statement 1: All flowers are vehicles. Statement 2: No vehicles are foods. Conclusion: No flowers are foods. Is the conclusion valid?,All flowers are vehicles|No vehicles are foods|No flowers are foods,valid
blood_relation,Karan is Kavya's father. Kavya is Riya's mother. How is Karan related to Riya?,Karan|father|Kavya;Kavya|mother|Riya,grandfather
direction_sense,"Manoj walks 2km south, then 2km south, then 2km south. How far is Manoj from the starting point?",2km south;2km south;2km south,6.0
coding_decoding,"If BAT is coded as FEX, how is BAT coded?",BAT->FEX;BAT->?,FEX
syllogism,Statement 1: No plants are cars. Statement 2: Some cars are vehicles. Conclusion: Some vehicles are not plants. Is the conclusion valid?,No plants are cars|Some cars are vehicles|Some vehicles are not plants,valid
blood_relation,Meera is Karan's son. Karan is Kavya's daughter. How is Meera related to Kavya?,Meera|son|Karan;Karan|daughter|Kavya,grandson
direction_sense,"Amit walks 8km north, then 5km south, then 2km south. How far is Amit from the starting point?",8km north;5km south;2km south,1.0
coding_decoding,"If CAT is coded as HFY, how is JAM coded?",CAT->HFY;JAM->?,OFR
syllogism,Statement 1: Some cars are flowers. Statement 2: All flowers are animals. Conclusion: Some cars are animals. Is the conclusion valid?,Some cars are flowers|All flowers are animals|Some cars are animals,valid
blood_relation,Suresh is Riya's mother. Riya is Kavya's mother. How is Suresh related to Kavya?,Suresh|mother|Riya;Riya|mother|Kavya,grandmother
direction_sense,"Pooja walks 7km south, then 3km north, then 4km south. How far is Pooja from the starting point?",7km south;3km north;4km south,8.0
coding_decoding,"If CAT is coded as HFY, how is BAT coded?",CAT->HFY;BAT->?,GFY
syllogism,Statement 1: All foods are dogs. Statement 2: All dogs are flowers. Conclusion: All foods are flowers. Is the conclusion valid?,All foods are dogs|All dogs are flowers|All foods are flowers,valid
blood_relation,Nikhil is Vikram's son. Vikram is Rohit's son. How is Nikhil related to Rohit?,Nikhil|son|Vikram;Vikram|son|Rohit,grandson
direction_sense,"Priya walks 6km east, then 7km south. How far is Priya from the starting point?",6km east;7km south,9.22
coding_decoding,"If MAP is coded as QET, how is KEY coded?",MAP->QET;KEY->?,OIC
syllogism,Statement 1: All cats are birds. Statement 2: No birds are plants. Conclusion: No cats are plants. Is the conclusion valid?,All cats are birds|No birds are plants|No cats are plants,valid
blood_relation,Amit is Vikram's son. Vikram is Sneha's daughter. How is Amit related to Sneha?,Amit|son|Vikram;Vikram|daughter|Sneha,grandson
direction_sense,"Meera walks 8km east, then 8km west. How far is Meera from the starting point?",8km east;8km west,0.0
coding_decoding,"If MAP is coded as PDS, how is COW coded?",MAP->PDS;COW->?,FRZ
syllogism,Statement 1: Some vehicles are mammals. Statement 2: Some mammals are animals. Conclusion: Some vehicles are animals. Is the conclusion valid?,Some vehicles are mammals|Some mammals are animals|Some vehicles are animals,invalid
blood_relation,Suresh is Priya's father. Priya is Karan's mother. How is Suresh related to Karan?,Suresh|father|Priya;Priya|mother|Karan,grandfather
direction_sense,"Divya walks 3km south, then 6km east, then 9km west. How far is Divya from the starting point?",3km south;6km east;9km west,4.24
coding_decoding,"If SUN is coded as TVO, how is BOX coded?",SUN->TVO;BOX->?,CPY
syllogism,Statement 1: Some fruits are birds. Statement 2: All birds are pets. Conclusion: Some fruits are pets. Is the conclusion valid?,Some fruits are birds|All birds are pets|Some fruits are pets,valid
blood_relation,Vikram is Amit's mother. Amit is Arjun's father. How is Vikram related to Arjun?,Vikram|mother|Amit;Amit|father|Arjun,grandmother
direction_sense,"Amit walks 10km north, then 8km south, then 10km east. How far is Amit from the starting point?",10km north;8km south;10km east,10.2
coding_decoding,"If DOG is coded as GRJ, how is BOX coded?",DOG->GRJ;BOX->?,ERA
syllogism,Statement 1: No birds are vehicles. Statement 2: Some vehicles are cats. Conclusion: Some cats are not birds. Is the conclusion valid?,No birds are vehicles|Some vehicles are cats|Some cats are not birds,valid
blood_relation,Karan is Vikram's father. Vikram is Arjun's mother. How is Karan related to Arjun?,Karan|father|Vikram;Vikram|mother|Arjun,grandfather
direction_sense,"Divya walks 6km east, then 4km west. How far is Divya from the starting point?",6km east;4km west,2.0
coding_decoding,"If CAT is coded as HFY, how is RUN coded?",CAT->HFY;RUN->?,WZS
syllogism,Statement 1: Some pets are flowers. Statement 2: Some flowers are fruits. Conclusion: Some pets are fruits. Is the conclusion valid?,Some pets are flowers|Some flowers are fruits|Some pets are fruits,invalid
blood_relation,Suresh is Divya's mother. Divya is Kavya's father. How is Suresh related to Kavya?,Suresh|mother|Divya;Divya|father|Kavya,grandmother
direction_sense,"Kavya walks 8km east, then 2km north. How far is Kavya from the starting point?",8km east;2km north,8.25
coding_decoding,"If MAP is coded as OCR, how is JAM coded?",MAP->OCR;JAM->?,LCO
syllogism,Statement 1: Some animals are vehicles. Statement 2: All vehicles are mammals. Conclusion: Some animals are mammals. Is the conclusion valid?,Some animals are vehicles|All vehicles are mammals|Some animals are mammals,valid
blood_relation,Amit is Manoj's father. Manoj is Sneha's father. How is Amit related to Sneha?,Amit|father|Manoj;Manoj|father|Sneha,grandfather
direction_sense,"Meera walks 3km south, then 10km west, then 4km south. How far is Meera from the starting point?",3km south;10km west;4km south,12.21
coding_decoding,"If CAT is coded as ECV, how is KEY coded?",CAT->ECV;KEY->?,MGA
syllogism,Statement 1: All foods are cats. Statement 2: No cats are plants. Conclusion: No foods are plants. Is the conclusion valid?,All foods are cats|No cats are plants|No foods are plants,valid
blood_relation,Meera is Pooja's father. Pooja is Suresh's father. How is Meera related to Suresh?,Meera|father|Pooja;Pooja|father|Suresh,grandfather
direction_sense,"Amit walks 6km north, then 6km west. How far is Amit from the starting point?",6km north;6km west,8.49
coding_decoding,"If BAT is coded as FEX, how is COW coded?",BAT->FEX;COW->?,GSA
syllogism,Statement 1: All animals are dogs. Statement 2: All dogs are plants. Conclusion: All animals are plants. Is the conclusion valid?,All animals are dogs|All dogs are plants|All animals are plants,valid
blood_relation,Rohit is Manoj's father. Manoj is Pooja's father. How is Rohit related to Pooja?,Rohit|father|Manoj;Manoj|father|Pooja,grandfather
direction_sense,"Karan walks 9km north, then 4km west. How far is Karan from the starting point?",9km north;4km west,9.85
coding_decoding,"If BAT is coded as FEX, how is COW coded?",BAT->FEX;COW->?,GSA
syllogism,Statement 1: No cars are fruits. Statement 2: Some fruits are mammals. Conclusion: Some mammals are not cars. Is the conclusion valid?,No cars are fruits|Some fruits are mammals|Some mammals are not cars,valid
blood_relation,Pooja is Sneha's son. Sneha is Kavya's daughter. How is Pooja related to Kavya?,Pooja|son|Sneha;Sneha|daughter|Kavya,grandson
direction_sense,"Nikhil walks 8km south, then 10km west. How far is Nikhil from the starting point?",8km south;10km west,12.81
coding_decoding,"If DOG is coded as GRJ, how is JAM coded?",DOG->GRJ;JAM->?,MDP
syllogism,Statement 1: All vehicles are foods. Statement 2: No foods are mammals. Conclusion: No vehicles are mammals. Is the conclusion valid?,All vehicles are foods|No foods are mammals|No vehicles are mammals,valid
blood_relation,Manoj is Amit's daughter. Amit is Riya's daughter. How is Manoj related to Riya?,Manoj|daughter|Amit;Amit|daughter|Riya,granddaughter
direction_sense,"Riya walks 4km south, then 4km east, then 4km east. How far is Riya from the starting point?",4km south;4km east;4km east,8.94
coding_decoding,"If PEN is coded as SHQ, how is RUN coded?",PEN->SHQ;RUN->?,UXQ
syllogism,Statement 1: Some foods are cars. Statement 2: All cars are pets. Conclusion: Some foods are pets. Is the conclusion valid?,Some foods are cars|All cars are pets|Some foods are pets,valid
blood_relation,Nikhil is Meera's mother. Meera is Amit's father. How is Nikhil related to Amit?,Nikhil|mother|Meera;Meera|father|Amit,grandmother
direction_sense,"Nikhil walks 6km east, then 10km south. How far is Nikhil from the starting point?",6km east;10km south,11.66
coding_decoding,"If SUN is coded as VXQ, how is KEY coded?",SUN->VXQ;KEY->?,NHB
syllogism,Statement 1: Some dogs are fruits. Statement 2: All fruits are foods. Conclusion: Some dogs are foods. Is the conclusion valid?,Some dogs are fruits|All fruits are foods|Some dogs are foods,valid
blood_relation,Sneha is Vikram's father. Vikram is Kavya's mother. How is Sneha related to Kavya?,Sneha|father|Vikram;Vikram|mother|Kavya,grandfather
direction_sense,"Riya walks 3km north, then 3km south. How far is Riya from the starting point?",3km north;3km south,0.0
coding_decoding,"If PEN is coded as SHQ, how is JAM coded?",PEN->SHQ;JAM->?,MDP
syllogism,Statement 1: Some vehicles are cats. Statement 2: Some cats are mammals. Conclusion: Some vehicles are mammals. Is the conclusion valid?,Some vehicles are cats|Some cats are mammals|Some vehicles are mammals,invalid
blood_relation,Rohit is Priya's daughter. Priya is Vikram's daughter. How is Rohit related to Vikram?,Rohit|daughter|Priya;Priya|daughter|Vikram,granddaughter
direction_sense,"Meera walks 7km south, then 3km south, then 6km north. How far is Meera from the starting point?",7km south;3km south;6km north,4.0
coding_decoding,"If SUN is coded as UWP, how is RUN coded?",SUN->UWP;RUN->?,TWP
syllogism,Statement 1: All dogs are cars. Statement 2: No cars are birds. Conclusion: No dogs are birds. Is the conclusion valid?,All dogs are cars|No cars are birds|No dogs are birds,valid
blood_relation,Priya is Nikhil's father. Nikhil is Suresh's father. How is Priya related to Suresh?,Priya|father|Nikhil;Nikhil|father|Suresh,grandfather
direction_sense,"Divya walks 3km west, then 4km north, then 7km south. How far is Divya from the starting point?",3km west;4km north;7km south,4.24
coding_decoding,"If FAN is coded as IDQ, how is KEY coded?",FAN->IDQ;KEY->?,NHB
syllogism,Statement 1: No vehicles are cars. Statement 2: Some cars are cats. Conclusion: Some cats are not vehicles. Is the conclusion valid?,No vehicles are cars|Some cars are cats|Some cats are not vehicles,valid
blood_relation,Kavya is Anjali's father. Anjali is Amit's father. How is Kavya related to Amit?,Kavya|father|Anjali;Anjali|father|Amit,grandfather
direction_sense,"Manoj walks 2km east, then 9km west, then 2km south. How far is Manoj from the starting point?",2km east;9km west;2km south,7.28
coding_decoding,"If CAT is coded as FDW, how is KEY coded?",CAT->FDW;KEY->?,NHB
syllogism,Statement 1: Some pets are birds. Statement 2: Some birds are foods. Conclusion: Some pets are foods. Is the conclusion valid?,Some pets are birds|Some birds are foods|Some pets are foods,invalid
blood_relation,Anjali is Manoj's father. Manoj is Sneha's father. How is Anjali related to Sneha?,Anjali|father|Manoj;Manoj|father|Sneha,grandfather
direction_sense,"Anjali walks 2km east, then 10km east, then 7km west. How far is Anjali from the starting point?",2km east;10km east;7km west,5.0
coding_decoding,"If PEN is coded as UJS, how is BOX coded?",PEN->UJS;BOX->?,GTC
syllogism,Statement 1: All dogs are vehicles. Statement 2: All vehicles are fruits. Conclusion: All dogs are fruits. Is the conclusion valid?,All dogs are vehicles|All vehicles are fruits|All dogs are fruits,valid
blood_relation,Kavya is Amit's father. Amit is Vikram's mother. How is Kavya related to Vikram?,Kavya|father|Amit;Amit|mother|Vikram,grandfather
direction_sense,"Riya walks 8km south, then 4km west. How far is Riya from the starting point?",8km south;4km west,8.94
coding_decoding,"If CAT is coded as GEX, how is KEY coded?",CAT->GEX;KEY->?,OIC
syllogism,Statement 1: All plants are vehicles. Statement 2: All vehicles are cars. Conclusion: All plants are cars. Is the conclusion valid?,All plants are vehicles|All vehicles are cars|All plants are cars,valid
blood_relation,Suresh is Riya's daughter. Riya is Arjun's son. How is Suresh related to Arjun?,Suresh|daughter|Riya;Riya|son|Arjun,granddaughter
direction_sense,"Rohit walks 7km south, then 2km east. How far is Rohit from the starting point?",7km south;2km east,7.28
coding_decoding,"If CUP is coded as DVQ, how is BOX coded?",CUP->DVQ;BOX->?,CPY
syllogism,Statement 1: Some cars are cats. Statement 2: Some cats are pets. Conclusion: Some cars are pets. Is the conclusion valid?,Some cars are cats|Some cats are pets|Some cars are pets,invalid
blood_relation,Sneha is Suresh's son. Suresh is Arjun's son. How is Sneha related to Arjun?,Sneha|son|Suresh;Suresh|son|Arjun,grandson
direction_sense,"Rohit walks 3km east, then 2km west, then 5km west. How far is Rohit from the starting point?",3km east;2km west;5km west,4.0
coding_decoding,"If SUN is coded as TVO, how is BAT coded?",SUN->TVO;BAT->?,CBU
syllogism,Statement 1: No birds are dogs. Statement 2: Some dogs are foods. Conclusion: Some foods are not birds. Is the conclusion valid?,No birds are dogs|Some dogs are foods|Some foods are not birds,valid
blood_relation,Nikhil is Divya's father. Divya is Pooja's father. How is Nikhil related to Pooja?,Nikhil|father|Divya;Divya|father|Pooja,grandfather
direction_sense,"Karan walks 8km north, then 9km west. How far is Karan from the starting point?",8km north;9km west,12.04
coding_decoding,"If SUN is coded as VXQ, how is KEY coded?",SUN->VXQ;KEY->?,NHB
syllogism,Statement 1: Some vehicles are pets. Statement 2: All pets are mammals. Conclusion: Some vehicles are mammals. Is the conclusion valid?,Some vehicles are pets|All pets are mammals|Some vehicles are mammals,valid
blood_relation,Pooja is Nikhil's mother. Nikhil is Riya's mother. How is Pooja related to Riya?,Pooja|mother|Nikhil;Nikhil|mother|Riya,grandmother
direction_sense,"Sneha walks 9km north, then 7km north, then 5km east. How far is Sneha from the starting point?",9km north;7km north;5km east,16.76
coding_decoding,"If DOG is coded as HSK, how is TOP coded?",DOG->HSK;TOP->?,XST
syllogism,Statement 1: All animals are mammals. Statement 2: All mammals are vehicles. Conclusion: All animals are vehicles. Is the conclusion valid?,All animals are mammals|All mammals are vehicles|All animals are vehicles,valid
blood_relation,Suresh is Riya's mother. Riya is Priya's mother. How is Suresh related to Priya?,Suresh|mother|Riya;Riya|mother|Priya,grandmother
direction_sense,"Amit walks 5km west, then 3km south. How far is Amit from the starting point?",5km west;3km south,5.83
coding_decoding,"If DOG is coded as HSK, how is KEY coded?",DOG->HSK;KEY->?,OIC
syllogism,Statement 1: Some birds are fruits. Statement 2: All fruits are mammals. Conclusion: Some birds are mammals. Is the conclusion valid?,Some birds are fruits|All fruits are mammals|Some birds are mammals,valid
blood_relation,Amit is Pooja's daughter. Pooja is Rohit's daughter. How is Amit related to Rohit?,Amit|daughter|Pooja;Pooja|daughter|Rohit,granddaughter
direction_sense,"Divya walks 5km north, then 5km east. How far is Divya from the starting point?",5km north;5km east,7.07
coding_decoding,"If SUN is coded as UWP, how is COW coded?",SUN->UWP;COW->?,EQY
syllogism,Statement 1: Some fruits are dogs. Statement 2: All dogs are foods. Conclusion: Some fruits are foods. Is the conclusion valid?,Some fruits are dogs|All dogs are foods|Some fruits are foods,valid
blood_relation,Suresh is Meera's father. Meera is Amit's father. How is Suresh related to Amit?,Suresh|father|Meera;Meera|father|Amit,grandfather
direction_sense,"Arjun walks 10km north, then 7km south, then 10km north. How far is Arjun from the starting point?",10km north;7km south;10km north,13.0
coding_decoding,"If FAN is coded as KFS, how is JAM coded?",FAN->KFS;JAM->?,OFR
syllogism,Statement 1: Some cars are pets. Statement 2: Some pets are plants. Conclusion: Some cars are plants. Is the conclusion valid?,Some cars are pets|Some pets are plants|Some cars are plants,invalid
blood_relation,Priya is Sneha's mother. Sneha is Rohit's mother. How is Priya related to Rohit?,Priya|mother|Sneha;Sneha|mother|Rohit,grandmother
direction_sense,"Divya walks 10km east, then 4km south. How far is Divya from the starting point?",10km east;4km south,10.77
coding_decoding,"If DOG is coded as ITL, how is LOG coded?",DOG->ITL;LOG->?,QTL
syllogism,Statement 1: All cars are cats. Statement 2: No cats are fruits. Conclusion: No cars are fruits. Is the conclusion valid?,All cars are cats|No cats are fruits|No cars are fruits,valid
blood_relation,Manoj is Sneha's mother. Sneha is Karan's father. How is Manoj related to Karan?,Manoj|mother|Sneha;Sneha|father|Karan,grandmother
direction_sense,"Karan walks 6km west, then 6km south, then 6km east. How far is Karan from the starting point?",6km west;6km south;6km east,6.0
coding_decoding,"If MAP is coded as PDS, how is RUN coded?",MAP->PDS;RUN->?,UXQ
syllogism,Statement 1: Some vehicles are cats. Statement 2: Some cats are dogs. Conclusion: Some vehicles are dogs. Is the conclusion valid?,Some vehicles are cats|Some cats are dogs|Some vehicles are dogs,invalid
blood_relation,Sneha is Amit's son. Amit is Rohit's son. How is Sneha related to Rohit?,Sneha|son|Amit;Amit|son|Rohit,grandson
direction_sense,"Priya walks 3km west, then 7km east, then 7km west. How far is Priya from the starting point?",3km west;7km east;7km west,3.0
coding_decoding,"If CUP is coded as GYT, how is JAM coded?",CUP->GYT;JAM->?,NEQ
syllogism,Statement 1: No dogs are birds. Statement 2: Some birds are foods. Conclusion: Some foods are not dogs. Is the conclusion valid?,No dogs are birds|Some birds are foods|Some foods are not dogs,valid
blood_relation,Suresh is Rohit's father. Rohit is Meera's mother. How is Suresh related to Meera?,Suresh|father|Rohit;Rohit|mother|Meera,grandfather
direction_sense,"Nikhil walks 9km east, then 3km north. How far is Nikhil from the starting point?",9km east;3km north,9.49
coding_decoding,"If CUP is coded as DVQ, how is LOG coded?",CUP->DVQ;LOG->?,MPH
syllogism,Statement 1: All vehicles are cats. Statement 2: All cats are fruits. Conclusion: All vehicles are fruits. Is the conclusion valid?,All vehicles are cats|All cats are fruits|All vehicles are fruits,valid
blood_relation,Priya is Pooja's mother. Pooja is Manoj's father. How is Priya related to Manoj?,Priya|mother|Pooja;Pooja|father|Manoj,grandmother
direction_sense,"Sneha walks 7km south, then 2km south, then 3km north. How far is Sneha from the starting point?",7km south;2km south;3km north,6.0
coding_decoding,"If BAT is coded as FEX, how is BAT coded?",BAT->FEX;BAT->?,FEX
syllogism,Statement 1: Some flowers are foods. Statement 2: Some foods are mammals. Conclusion: Some flowers are mammals. Is the conclusion valid?,Some flowers are foods|Some foods are mammals|Some flowers are mammals,invalid
blood_relation,Pooja is Rohit's daughter. Rohit is Sneha's daughter. How is Pooja related to Sneha?,Pooja|daughter|Rohit;Rohit|daughter|Sneha,granddaughter
direction_sense,"Kavya walks 10km south, then 2km east. How far is Kavya from the starting point?",10km south;2km east,10.2
coding_decoding,"If MAP is coded as NBQ, how is BAT coded?",MAP->NBQ;BAT->?,CBU
syllogism,Statement 1: Some foods are pets. Statement 2: Some pets are dogs. Conclusion: Some foods are dogs. Is the conclusion valid?,Some foods are pets|Some pets are dogs|Some foods are dogs,invalid
blood_relation,Rohit is Sneha's mother. Sneha is Suresh's mother. How is Rohit related to Suresh?,Rohit|mother|Sneha;Sneha|mother|Suresh,grandmother
direction_sense,"Amit walks 6km south, then 6km south. How far is Amit from the starting point?",6km south;6km south,12.0
coding_decoding,"If FAN is coded as HCP, how is LOG coded?",FAN->HCP;LOG->?,NQI
syllogism,Statement 1: Some foods are animals. Statement 2: Some animals are flowers. Conclusion: Some foods are flowers. Is the conclusion valid?,Some foods are animals|Some animals are flowers|Some foods are flowers,invalid
blood_relation,Riya is Kavya's daughter. Kavya is Anjali's daughter. How is Riya related to Anjali?,Riya|daughter|Kavya;Kavya|daughter|Anjali,granddaughter
direction_sense,"Rohit walks 4km east, then 6km north. How far is Rohit from the starting point?",4km east;6km north,7.21
coding_decoding,"If CAT is coded as FDW, how is RUN coded?",CAT->FDW;RUN->?,UXQ
syllogism,Statement 1: Some fruits are mammals. Statement 2: All mammals are cats. Conclusion: Some fruits are cats. Is the conclusion valid?,Some fruits are mammals|All mammals are cats|Some fruits are cats,valid
blood_relation,Arjun is Nikhil's son. Nikhil is Suresh's daughter. How is Arjun related to Suresh?,Arjun|son|Nikhil;Nikhil|daughter|Suresh,grandson
direction_sense,"Kavya walks 6km west, then 6km east, then 8km west. How far is Kavya from the starting point?",6km west;6km east;8km west,8.0
coding_decoding,"If FAN is coded as JER, how is JAM coded?",FAN->JER;JAM->?,NEQ
syllogism,Statement 1: Some birds are dogs. Statement 2: Some dogs are cars. Conclusion: Some birds are cars. Is the conclusion valid?,Some birds are dogs|Some dogs are cars|Some birds are cars,invalid
blood_relation,Manoj is Karan's son. Karan is Anjali's daughter. How is Manoj related to Anjali?,Manoj|son|Karan;Karan|daughter|Anjali,grandson
direction_sense,"Sneha walks 5km north, then 8km east, then 8km west. How far is Sneha from the starting point?",5km north;8km east;8km west,5.0
coding_decoding,"If CUP is coded as GYT, how is BOX coded?",CUP->GYT;BOX->?,FSB
syllogism,Statement 1: All fruits are pets. Statement 2: All pets are birds. Conclusion: All fruits are birds. Is the conclusion valid?,All fruits are pets|All pets are birds|All fruits are birds,valid
blood_relation,Arjun is Kavya's mother. Kavya is Vikram's mother. How is Arjun related to Vikram?,Arjun|mother|Kavya;Kavya|mother|Vikram,grandmother
direction_sense,"Vikram walks 4km west, then 7km east. How far is Vikram from the starting point?",4km west;7km east,3.0
coding_decoding,"If CUP is coded as DVQ, how is TOP coded?",CUP->DVQ;TOP->?,UPQ
syllogism,Statement 1: No cats are fruits. Statement 2: Some fruits are foods. Conclusion: Some foods are not cats. Is the conclusion valid?,No cats are fruits|Some fruits are foods|Some foods are not cats,valid
blood_relation,Arjun is Sneha's father. Sneha is Priya's father. How is Arjun related to Priya?,Arjun|father|Sneha;Sneha|father|Priya,grandfather
direction_sense,"Kavya walks 2km south, then 9km west. How far is Kavya from the starting point?",2km south;9km west,9.22
coding_decoding,"If FAN is coded as GBO, how is KEY coded?",FAN->GBO;KEY->?,LFZ
syllogism,Statement 1: Some animals are dogs. Statement 2: Some dogs are mammals. Conclusion: Some animals are mammals. Is the conclusion valid?,Some animals are dogs|Some dogs are mammals|Some animals are mammals,invalid
blood_relation,Anjali is Riya's father. Riya is Suresh's mother. How is Anjali related to Suresh?,Anjali|father|Riya;Riya|mother|Suresh,grandfather
direction_sense,"Priya walks 4km north, then 5km south. How far is Priya from the starting point?",4km north;5km south,1.0
coding_decoding,"If MAP is coded as OCR, how is COW coded?",MAP->OCR;COW->?,EQY
syllogism,Statement 1: Some cars are birds. Statement 2: All birds are cats. Conclusion: Some cars are cats. Is the conclusion valid?,Some cars are birds|All birds are cats|Some cars are cats,valid
blood_relation,Anjali is Suresh's son. Suresh is Karan's daughter. How is Anjali related to Karan?,Anjali|son|Suresh;Suresh|daughter|Karan,grandson
direction_sense,"Suresh walks 6km south, then 4km east, then 7km south. How far is Suresh from the starting point?",6km south;4km east;7km south,13.6
coding_decoding,"If PEN is coded as TIR, how is RUN coded?",PEN->TIR;RUN->?,VYR
syllogism,Statement 1: Some vehicles are pets. Statement 2: Some pets are mammals. Conclusion: Some vehicles are mammals. Is the conclusion valid?,Some vehicles are pets|Some pets are mammals|Some vehicles are mammals,invalid
blood_relation,Riya is Nikhil's mother. Nikhil is Pooja's father. How is Riya related to Pooja?,Riya|mother|Nikhil;Nikhil|father|Pooja,grandmother
direction_sense,"Arjun walks 6km east, then 5km west, then 5km east. How far is Arjun from the starting point?",6km east;5km west;5km east,6.0
coding_decoding,"If FAN is coded as IDQ, how is BOX coded?",FAN->IDQ;BOX->?,ERA
syllogism,Statement 1: Some animals are vehicles. Statement 2: All vehicles are flowers. Conclusion: Some animals are flowers. Is the conclusion valid?,Some animals are vehicles|All vehicles are flowers|Some animals are flowers,valid
blood_relation,Suresh is Sneha's son. Sneha is Pooja's daughter. How is Suresh related to Pooja?,Suresh|son|Sneha;Sneha|daughter|Pooja,grandson
direction_sense,"Riya walks 8km west, then 6km south. How far is Riya from the starting point?",8km west;6km south,10.0
coding_decoding,"If MAP is coded as NBQ, how is COW coded?",MAP->NBQ;COW->?,DPX
syllogism,Statement 1: No dogs are vehicles. Statement 2: Some vehicles are mammals. Conclusion: Some mammals are not dogs. Is the conclusion valid?,No dogs are vehicles|Some vehicles are mammals|Some mammals are not dogs,valid
blood_relation,Amit is Pooja's mother. Pooja is Arjun's mother. How is Amit related to Arjun?,Amit|mother|Pooja;Pooja|mother|Arjun,grandmother
direction_sense,"Sneha walks 5km north, then 3km west, then 2km east. How far is Sneha from the starting point?",5km north;3km west;2km east,5.1
coding_decoding,"If CAT is coded as DBU, how is BAT coded?",CAT->DBU;BAT->?,CBU
syllogism,Statement 1: All pets are flowers. Statement 2: All flowers are dogs. Conclusion: All pets are dogs. Is the conclusion valid?,All pets are flowers|All flowers are dogs|All pets are dogs,valid
blood_relation,Pooja is Rohit's son. Rohit is Priya's son. How is Pooja related to Priya?,Pooja|son|Rohit;Rohit|son|Priya,grandson
direction_sense,"Kavya walks 9km north, then 4km east. How far is Kavya from the starting point?",9km north;4km east,9.85
coding_decoding,"If BAT is coded as DCV, how is BAT coded?",BAT->DCV;BAT->?,DCV
syllogism,Statement 1: All plants are dogs. Statement 2: No dogs are cars. Conclusion: No plants are cars. Is the conclusion valid?,All plants are dogs|No dogs are cars|No plants are cars,valid
blood_relation,Manoj is Nikhil's son. Nikhil is Riya's daughter. How is Manoj related to Riya?,Manoj|son|Nikhil;Nikhil|daughter|Riya,grandson
direction_sense,"Manoj walks 2km east, then 3km west, then 3km north. How far is Manoj from the starting point?",2km east;3km west;3km north,3.16
coding_decoding,"If PEN is coded as QFO, how is BOX coded?",PEN->QFO;BOX->?,CPY
syllogism,Statement 1: Some foods are fruits. Statement 2: All fruits are vehicles. Conclusion: Some foods are vehicles. Is the conclusion valid?,Some foods are fruits|All fruits are vehicles|Some foods are vehicles,valid
blood_relation,Vikram is Sneha's mother. Sneha is Rohit's mother. How is Vikram related to Rohit?,Vikram|mother|Sneha;Sneha|mother|Rohit,grandmother
direction_sense,"Meera walks 9km west, then 3km west. How far is Meera from the starting point?",9km west;3km west,12.0
coding_decoding,"If PEN is coded as RGP, how is KEY coded?",PEN->RGP;KEY->?,MGA
syllogism,Statement 1: No dogs are fruits. Statement 2: Some fruits are flowers. Conclusion: Some flowers are not dogs. Is the conclusion valid?,No dogs are fruits|Some fruits are flowers|Some flowers are not dogs,valid
blood_relation,Arjun is Vikram's mother. Vikram is Manoj's father. How is Arjun related to Manoj?,Arjun|mother|Vikram;Vikram|father|Manoj,grandmother
direction_sense,"Anjali walks 4km north, then 8km south, then 8km south. How far is Anjali from the starting point?",4km north;8km south;8km south,12.0
coding_decoding,"If CUP is coded as GYT, how is RUN coded?",CUP->GYT;RUN->?,VYR
syllogism,Statement 1: Some pets are birds. Statement 2: All birds are fruits. Conclusion: Some pets are fruits. Is the conclusion valid?,Some pets are birds|All birds are fruits|Some pets are fruits,valid
blood_relation,Sneha is Anjali's mother. Anjali is Suresh's mother. How is Sneha related to Suresh?,Sneha|mother|Anjali;Anjali|mother|Suresh,grandmother
direction_sense,"Meera walks 4km west, then 7km east, then 10km north. How far is Meera from the starting point?",4km west;7km east;10km north,10.44
coding_decoding,"If BAT is coded as GFY, how is KEY coded?",BAT->GFY;KEY->?,PJD
syllogism,Statement 1: Some mammals are plants. Statement 2: All plants are fruits. Conclusion: Some mammals are fruits. Is the conclusion valid?,Some mammals are plants|All plants are fruits|Some mammals are fruits,valid
blood_relation,Sneha is Amit's son. Amit is Anjali's son. How is Sneha related to Anjali?,Sneha|son|Amit;Amit|son|Anjali,grandson
direction_sense,"Rohit walks 9km south, then 3km north. How far is Rohit from the starting point?",9km south;3km north,6.0
coding_decoding,"If CAT is coded as GEX, how is COW coded?",CAT->GEX;COW->?,GSA
syllogism,Statement 1: Some cats are mammals. Statement 2: Some mammals are cars. Conclusion: Some cats are cars. Is the conclusion valid?,Some cats are mammals|Some mammals are cars|Some cats are cars,invalid
blood_relation,Anjali is Meera's father. Meera is Sneha's mother. How is Anjali related to Sneha?,Anjali|father|Meera;Meera|mother|Sneha,grandfather
direction_sense,"Priya walks 2km east, then 2km north, then 8km north. How far is Priya from the starting point?",2km east;2km north;8km north,10.2
coding_decoding,"If FAN is coded as JER, how is BOX coded?",FAN->JER;BOX->?,FSB
syllogism,Statement 1: All cats are mammals. Statement 2: All mammals are vehicles. Conclusion: All cats are vehicles. Is the conclusion valid?,All cats are mammals|All mammals are vehicles|All cats are vehicles,valid
blood_relation,Suresh is Sneha's son. Sneha is Vikram's son. How is Suresh related to Vikram?,Suresh|son|Sneha;Sneha|son|Vikram,grandson
direction_sense,"Manoj walks 2km north, then 3km east, then 6km west. How far is Manoj from the starting point?",2km north;3km east;6km west,3.61
coding_decoding,"If DOG is coded as GRJ, how is COW coded?",DOG->GRJ;COW->?,FRZ
syllogism,Statement 1: Some foods are fruits. Statement 2: Some fruits are animals. Conclusion: Some foods are animals. Is the conclusion valid?,Some foods are fruits|Some fruits are animals|Some foods are animals,invalid
blood_relation,Priya is Manoj's father. Manoj is Meera's mother. How is Priya related to Meera?,Priya|father|Manoj;Manoj|mother|Meera,grandfather
direction_sense,"Meera walks 6km east, then 7km east, then 5km north. How far is Meera from the starting point?",6km east;7km east;5km north,13.93
coding_decoding,"If BAT is coded as DCV, how is BAT coded?",BAT->DCV;BAT->?,DCV
syllogism,Statement 1: Some foods are flowers. Statement 2: All flowers are animals. Conclusion: Some foods are animals. Is the conclusion valid?,Some foods are flowers|All flowers are animals|Some foods are animals,valid
blood_relation,Amit is Divya's mother. Divya is Anjali's mother. How is Amit related to Anjali?,Amit|mother|Divya;Divya|mother|Anjali,grandmother
direction_sense,"Nikhil walks 9km east, then 4km north. How far is Nikhil from the starting point?",9km east;4km north,9.85
coding_decoding,"If PEN is coded as QFO, how is TOP coded?",PEN->QFO;TOP->?,UPQ
syllogism,Statement 1: Some fruits are flowers. Statement 2: Some flowers are cars. Conclusion: Some fruits are cars. Is the conclusion valid?,Some fruits are flowers|Some flowers are cars|Some fruits are cars,invalid
blood_relation,Riya is Pooja's father. Pooja is Nikhil's mother. How is Riya related to Nikhil?,Riya|father|Pooja;Pooja|mother|Nikhil,grandfather
direction_sense,"Riya walks 8km west, then 10km north, then 2km west. How far is Riya from the starting point?",8km west;10km north;2km west,14.14
coding_decoding,"If PEN is coded as QFO, how is BOX coded?",PEN->QFO;BOX->?,CPY
syllogism,Statement 1: All dogs are animals. Statement 2: No animals are cars. Conclusion: No dogs are cars. Is the conclusion valid?,All dogs are animals|No animals are cars|No dogs are cars,valid
blood_relation,Divya is Rohit's mother. Rohit is Pooja's father. How is Divya related to Pooja?,Divya|mother|Rohit;Rohit|father|Pooja,grandmother
direction_sense,"Priya walks 3km west, then 3km east. How far is Priya from the starting point?",3km west;3km east,0.0
coding_decoding,"If PEN is coded as SHQ, how is LOG coded?",PEN->SHQ;LOG->?,ORJ
syllogism,Statement 1: No animals are fruits. Statement 2: Some fruits are plants. Conclusion: Some plants are not animals. Is the conclusion valid?,No animals are fruits|Some fruits are plants|Some plants are not animals,valid
blood_relation,Pooja is Divya's mother. Divya is Amit's father. How is Pooja related to Amit?,Pooja|mother|Divya;Divya|father|Amit,grandmother
direction_sense,"Amit walks 3km west, then 8km south. How far is Amit from the starting point?",3km west;8km south,8.54
coding_decoding,"If CAT is coded as ECV, how is BOX coded?",CAT->ECV;BOX->?,DQZ
syllogism,Statement 1: All pets are animals. Statement 2: No animals are birds. Conclusion: No pets are birds. Is the conclusion valid?,All pets are animals|No animals are birds|No pets are birds,valid
blood_relation,Arjun is Riya's daughter. Riya is Sneha's son. How is Arjun related to Sneha?,Arjun|daughter|Riya;Riya|son|Sneha,granddaughter
direction_sense,"Suresh walks 10km east, then 6km west. How far is Suresh from the starting point?",10km east;6km west,4.0
coding_decoding,"If CUP is coded as EWR, how is LOG coded?",CUP->EWR;LOG->?,NQI
syllogism,Statement 1: All fruits are animals. Statement 2: All animals are dogs. Conclusion: All fruits are dogs. Is the conclusion valid?,All fruits are animals|All animals are dogs|All fruits are dogs,valid
blood_relation,Sneha is Amit's son. Amit is Pooja's son. How is Sneha related to Pooja?,Sneha|son|Amit;Amit|son|Pooja,grandson
direction_sense,"Rohit walks 9km east, then 8km north, then 10km south. How far is Rohit from the starting point?",9km east;8km north;10km south,9.22
coding_decoding,"If PEN is coded as UJS, how is BAT coded?",PEN->UJS;BAT->?,GFY
syllogism,Statement 1: No cats are animals. Statement 2: Some animals are foods. Conclusion: Some foods are not cats. Is the conclusion valid?,No cats are animals|Some animals are foods|Some foods are not cats,valid
blood_relation,Kavya is Riya's daughter. Riya is Vikram's son. How is Kavya related to Vikram?,Kavya|daughter|Riya;Riya|son|Vikram,granddaughter
direction_sense,"Kavya walks 3km south, then 8km north, then 7km south. How far is Kavya from the starting point?",3km south;8km north;7km south,2.0
coding_decoding,"If CUP is coded as FXS, how is RUN coded?",CUP->FXS;RUN->?,UXQ
syllogism,Statement 1: No plants are cats. Statement 2: Some cats are cars. Conclusion: Some cars are not plants. Is the conclusion valid?,No plants are cats|Some cats are cars|Some cars are not plants,valid
blood_relation,Nikhil is Karan's son. Karan is Amit's son. How is Nikhil related to Amit?,Nikhil|son|Karan;Karan|son|Amit,grandson
direction_sense,"Kavya walks 4km west, then 9km west, then 7km west. How far is Kavya from the starting point?",4km west;9km west;7km west,20.0
coding_decoding,"If DOG is coded as HSK, how is LOG coded?",DOG->HSK;LOG->?,PSK
syllogism,Statement 1: All animals are cars. Statement 2: No cars are vehicles. Conclusion: No animals are vehicles. Is the conclusion valid?,All animals are cars|No cars are vehicles|No animals are vehicles,valid
blood_relation,Pooja is Karan's mother. Karan is Vikram's mother. How is Pooja related to Vikram?,Pooja|mother|Karan;Karan|mother|Vikram,grandmother
direction_sense,"Amit walks 2km west, then 6km east. How far is Amit from the starting point?",2km west;6km east,4.0
coding_decoding,"If PEN is coded as UJS, how is LOG coded?",PEN->UJS;LOG->?,QTL
syllogism,Statement 1: Some foods are animals. Statement 2: All animals are pets. Conclusion: Some foods are pets. Is the conclusion valid?,Some foods are animals|All animals are pets|Some foods are pets,valid
blood_relation,Manoj is Karan's mother. Karan is Anjali's father. How is Manoj related to Anjali?,Manoj|mother|Karan;Karan|father|Anjali,grandmother
direction_sense,"Sneha walks 6km north, then 8km south. How far is Sneha from the starting point?",6km north;8km south,2.0
coding_decoding,"If CAT is coded as DBU, how is RUN coded?",CAT->DBU;RUN->?,SVO
syllogism,Statement 1: Some dogs are foods. Statement 2: All foods are cats. Conclusion: Some dogs are cats. Is the conclusion valid?,Some dogs are foods|All foods are cats|Some dogs are cats,valid
blood_relation,Karan is Meera's father. Meera is Nikhil's mother. How is Karan related to Nikhil?,Karan|father|Meera;Meera|mother|Nikhil,grandfather
direction_sense,"Karan walks 2km west, then 9km east, then 10km east. How far is Karan from the starting point?",2km west;9km east;10km east,17.0
coding_decoding,"If CUP is coded as EWR, how is BAT coded?",CUP->EWR;BAT->?,DCV
syllogism,Statement 1: Some birds are vehicles. Statement 2: Some vehicles are cars. Conclusion: Some birds are cars. Is the conclusion valid?,Some birds are vehicles|Some vehicles are cars|Some birds are cars,invalid
blood_relation,Anjali is Kavya's son. Kavya is Vikram's son. How is Anjali related to Vikram?,Anjali|son|Kavya;Kavya|son|Vikram,grandson
direction_sense,"Meera walks 2km south, then 10km west. How far is Meera from the starting point?",2km south;10km west,10.2
coding_decoding,"If FAN is coded as KFS, how is JAM coded?",FAN->KFS;JAM->?,OFR
syllogism,Statement 1: Some plants are flowers. Statement 2: Some flowers are cars. Conclusion: Some plants are cars. Is the conclusion valid?,Some plants are flowers|Some flowers are cars|Some plants are cars,invalid
blood_relation,Rohit is Anjali's son. Anjali is Karan's son. How is Rohit related to Karan?,Rohit|son|Anjali;Anjali|son|Karan,grandson
direction_sense,"Amit walks 3km north, then 4km east. How far is Amit from the starting point?",3km north;4km east,5.0
coding_decoding,"If CAT is coded as DBU, how is KEY coded?",CAT->DBU;KEY->?,LFZ
syllogism,Statement 1: No fruits are pets. Statement 2: Some pets are cats. Conclusion: Some cats are not fruits. Is the conclusion valid?,No fruits are pets|Some pets are cats|Some cats are not fruits,valid
blood_relation,Nikhil is Anjali's son. Anjali is Arjun's son. How is Nikhil related to Arjun?,Nikhil|son|Anjali;Anjali|son|Arjun,grandson
direction_sense,"Divya walks 2km south, then 2km east, then 3km north. How far is Divya from the starting point?",2km south;2km east;3km north,2.24
coding_decoding,"If FAN is coded as JER, how is COW coded?",FAN->JER;COW->?,GSA
syllogism,Statement 1: Some cars are foods. Statement 2: Some foods are plants. Conclusion: Some cars are plants. Is the conclusion valid?,Some cars are foods|Some foods are plants|Some cars are plants,invalid
blood_relation,Meera is Manoj's mother. Manoj is Amit's mother. How is Meera related to Amit?,Meera|mother|Manoj;Manoj|mother|Amit,grandmother
direction_sense,"Anjali walks 4km east, then 9km east. How far is Anjali from the starting point?",4km east;9km east,13.0
coding_decoding,"If FAN is coded as JER, how is TOP coded?",FAN->JER;TOP->?,XST
syllogism,Statement 1: All animals are flowers. Statement 2: No flowers are cars. Conclusion: No animals are cars. Is the conclusion valid?,All animals are flowers|No flowers are cars|No animals are cars,valid
blood_relation,Riya is Priya's daughter. Priya is Kavya's daughter. How is Riya related to Kavya?,Riya|daughter|Priya;Priya|daughter|Kavya,granddaughter
direction_sense,"Anjali walks 3km south, then 7km north, then 7km west. How far is Anjali from the starting point?",3km south;7km north;7km west,8.06
coding_decoding,"If FAN is coded as HCP, how is COW coded?",FAN->HCP;COW->?,EQY
syllogism,Statement 1: Some pets are birds. Statement 2: Some birds are fruits. Conclusion: Some pets are fruits. Is the conclusion valid?,Some pets are birds|Some birds are fruits|Some pets are fruits,invalid
blood_relation,Pooja is Anjali's mother. Anjali is Priya's father. How is Pooja related to Priya?,Pooja|mother|Anjali;Anjali|father|Priya,grandmother
direction_sense,"Meera walks 8km north, then 5km west. How far is Meera from the starting point?",8km north;5km west,9.43
coding_decoding,"If CAT is coded as DBU, how is BOX coded?",CAT->DBU;BOX->?,CPY
syllogism,Statement 1: All foods are pets. Statement 2: All pets are dogs. Conclusion: All foods are dogs. Is the conclusion valid?,All foods are pets|All pets are dogs|All foods are dogs,valid
blood_relation,Divya is Kavya's father. Kavya is Vikram's mother. How is Divya related to Vikram?,Divya|father|Kavya;Kavya|mother|Vikram,grandfather
direction_sense,"Riya walks 3km south, then 3km west. How far is Riya from the starting point?",3km south;3km west,4.24
coding_decoding,"If DOG is coded as GRJ, how is BOX coded?",DOG->GRJ;BOX->?,ERA
syllogism,Statement 1: No birds are cars. Statement 2: Some cars are pets. Conclusion: Some pets are not birds. Is the conclusion valid?,No birds are cars|Some cars are pets|Some pets are not birds,valid
blood_relation,Arjun is Priya's son. Priya is Meera's son. How is Arjun related to Meera?,Arjun|son|Priya;Priya|son|Meera,grandson
direction_sense,"Manoj walks 4km east, then 5km west. How far is Manoj from the starting point?",4km east;5km west,1.0
coding_decoding,"If MAP is coded as QET, how is JAM coded?",MAP->QET;JAM->?,NEQ
syllogism,Statement 1: Some fruits are birds. Statement 2: Some birds are pets. Conclusion: Some fruits are pets. Is the conclusion valid?,Some fruits are birds|Some birds are pets|Some fruits are pets,invalid
blood_relation,Riya is Rohit's father. Rohit is Anjali's mother. How is Riya related to Anjali?,Riya|father|Rohit;Rohit|mother|Anjali,grandfather
direction_sense,"Arjun walks 4km north, then 6km north. How far is Arjun from the starting point?",4km north;6km north,10.0
coding_decoding,"If CAT is coded as HFY, how is BOX coded?",CAT->HFY;BOX->?,GTC
syllogism,Statement 1: Some mammals are plants. Statement 2: All plants are vehicles. Conclusion: Some mammals are vehicles. Is the conclusion valid?,Some mammals are plants|All plants are vehicles|Some mammals are vehicles,valid
blood_relation,Meera is Nikhil's daughter. Nikhil is Anjali's son. How is Meera related to Anjali?,Meera|daughter|Nikhil;Nikhil|son|Anjali,granddaughter
direction_sense,"Manoj walks 9km north, then 10km west. How far is Manoj from the starting point?",9km north;10km west,13.45
coding_decoding,"If FAN is coded as GBO, how is RUN coded?",FAN->GBO;RUN->?,SVO
syllogism,Statement 1: Some fruits are birds. Statement 2: Some birds are flowers. Conclusion: Some fruits are flowers. Is the conclusion valid?,Some fruits are birds|Some birds are flowers|Some fruits are flowers,invalid
blood_relation,Amit is Manoj's mother. Manoj is Arjun's father. How is Amit related to Arjun?,Amit|mother|Manoj;Manoj|father|Arjun,grandmother
direction_sense,"Vikram walks 7km west, then 2km west. How far is Vikram from the starting point?",7km west;2km west,9.0
coding_decoding,"If MAP is coded as PDS, how is RUN coded?",MAP->PDS;RUN->?,UXQ
syllogism,Statement 1: All foods are mammals. Statement 2: All mammals are animals. Conclusion: All foods are animals. Is the conclusion valid?,All foods are mammals|All mammals are animals|All foods are animals,valid
blood_relation,Vikram is Amit's daughter. Amit is Kavya's daughter. How is Vikram related to Kavya?,Vikram|daughter|Amit;Amit|daughter|Kavya,granddaughter
direction_sense,"Meera walks 7km north, then 4km south, then 6km north. How far is Meera from the starting point?",7km north;4km south;6km north,9.0
coding_decoding,"If CUP is coded as FXS, how is TOP coded?",CUP->FXS;TOP->?,WRS
syllogism,Statement 1: All plants are animals. Statement 2: No animals are birds. Conclusion: No plants are birds. Is the conclusion valid?,All plants are animals|No animals are birds|No plants are birds,valid
blood_relation,Kavya is Amit's father. Amit is Priya's mother. How is Kavya related to Priya?,Kavya|father|Amit;Amit|mother|Priya,grandfather
direction_sense,"Nikhil walks 4km south, then 4km south. How far is Nikhil from the starting point?",4km south;4km south,8.0
coding_decoding,"If BAT is coded as GFY, how is LOG coded?",BAT->GFY;LOG->?,QTL
syllogism,Statement 1: All foods are animals. Statement 2: No animals are plants. Conclusion: No foods are plants. Is the conclusion valid?,All foods are animals|No animals are plants|No foods are plants,valid
blood_relation,Divya is Pooja's daughter. Pooja is Suresh's daughter. How is Divya related to Suresh?,Divya|daughter|Pooja;Pooja|daughter|Suresh,granddaughter
direction_sense,"Nikhil walks 8km south, then 4km east. How far is Nikhil from the starting point?",8km south;4km east,8.94
coding_decoding,"If FAN is coded as KFS, how is RUN coded?",FAN->KFS;RUN->?,WZS
syllogism,Statement 1: All mammals are cats. Statement 2: No cats are pets. Conclusion: No mammals are pets. Is the conclusion valid?,All mammals are cats|No cats are pets|No mammals are pets,valid
blood_relation,Divya is Karan's father. Karan is Vikram's father. How is Divya related to Vikram?,Divya|father|Karan;Karan|father|Vikram,grandfather
direction_sense,"Manoj walks 10km west, then 6km north, then 10km east. How far is Manoj from the starting point?",10km west;6km north;10km east,6.0
coding_decoding,"If DOG is coded as FQI, how is TOP coded?",DOG->FQI;TOP->?,VQR
syllogism,Statement 1: No cars are foods. Statement 2: Some foods are plants. Conclusion: Some plants are not cars. Is the conclusion valid?,No cars are foods|Some foods are plants|Some plants are not cars,valid
blood_relation,Karan is Amit's mother. Amit is Rohit's mother. How is Karan related to Rohit?,Karan|mother|Amit;Amit|mother|Rohit,grandmother
direction_sense,"Rohit walks 10km south, then 10km north, then 7km south. How far is Rohit from the starting point?",10km south;10km north;7km south,7.0
coding_decoding,"If CAT is coded as DBU, how is BOX coded?",CAT->DBU;BOX->?,CPY
syllogism,Statement 1: Some foods are birds. Statement 2: All birds are flowers. Conclusion: Some foods are flowers. Is the conclusion valid?,Some foods are birds|All birds are flowers|Some foods are flowers,valid
blood_relation,Pooja is Sneha's father. Sneha is Amit's father. How is Pooja related to Amit?,Pooja|father|Sneha;Sneha|father|Amit,grandfather
direction_sense,"Riya walks 4km south, then 5km south. How far is Riya from the starting point?",4km south;5km south,9.0
coding_decoding,"If DOG is coded as ITL, how is KEY coded?",DOG->ITL;KEY->?,PJD
syllogism,Statement 1: No cars are vehicles. Statement 2: Some vehicles are pets. Conclusion: Some pets are not cars. Is the conclusion valid?,No cars are vehicles|Some vehicles are pets|Some pets are not cars,valid
blood_relation,Kavya is Divya's father. Divya is Vikram's mother. How is Kavya related to Vikram?,Kavya|father|Divya;Divya|mother|Vikram,grandfather
direction_sense,"Karan walks 2km south, then 7km west. How far is Karan from the starting point?",2km south;7km west,7.28
coding_decoding,"If BAT is coded as EDW, how is JAM coded?",BAT->EDW;JAM->?,MDP
syllogism,Statement 1: No flowers are vehicles. Statement 2: Some vehicles are cars. Conclusion: Some cars are not flowers. Is the conclusion valid?,No flowers are vehicles|Some vehicles are cars|Some cars are not flowers,valid
blood_relation,Suresh is Amit's son. Amit is Priya's daughter. How is Suresh related to Priya?,Suresh|son|Amit;Amit|daughter|Priya,grandson
direction_sense,"Pooja walks 3km north, then 9km west. How far is Pooja from the starting point?",3km north;9km west,9.49
coding_decoding,"If FAN is coded as IDQ, how is JAM coded?",FAN->IDQ;JAM->?,MDP
syllogism,Statement 1: All animals are mammals. Statement 2: All mammals are plants. Conclusion: All animals are plants. Is the conclusion valid?,All animals are mammals|All mammals are plants|All animals are plants,valid
blood_relation,Amit is Priya's son. Priya is Sneha's daughter. How is Amit related to Sneha?,Amit|son|Priya;Priya|daughter|Sneha,grandson
direction_sense,"Anjali walks 9km west, then 5km west. How far is Anjali from the starting point?",9km west;5km west,14.0
coding_decoding,"If FAN is coded as HCP, how is BAT coded?",FAN->HCP;BAT->?,DCV
syllogism,Statement 1: Some animals are pets. Statement 2: All pets are vehicles. Conclusion: Some animals are vehicles. Is the conclusion valid?,Some animals are pets|All pets are vehicles|Some animals are vehicles,valid
blood_relation,Nikhil is Arjun's son. Arjun is Pooja's daughter. How is Nikhil related to Pooja?,Nikhil|son|Arjun;Arjun|daughter|Pooja,grandson
direction_sense,"Sneha walks 10km north, then 3km north, then 5km north. How far is Sneha from the starting point?",10km north;3km north;5km north,18.0
coding_decoding,"If SUN is coded as UWP, how is KEY coded?",SUN->UWP;KEY->?,MGA
syllogism,Statement 1: All flowers are foods. Statement 2: No foods are mammals. Conclusion: No flowers are mammals. Is the conclusion valid?,All flowers are foods|No foods are mammals|No flowers are mammals,valid
blood_relation,Riya is Amit's son. Amit is Meera's son. How is Riya related to Meera?,Riya|son|Amit;Amit|son|Meera,grandson
direction_sense,"Karan walks 4km west, then 4km east, then 2km south. How far is Karan from the starting point?",4km west;4km east;2km south,2.0
coding_decoding,"If BAT is coded as EDW, how is COW coded?",BAT->EDW;COW->?,FRZ
syllogism,Statement 1: All animals are flowers. Statement 2: No flowers are pets. Conclusion: No animals are pets. Is the conclusion valid?,All animals are flowers|No flowers are pets|No animals are pets,valid
blood_relation,Divya is Nikhil's daughter. Nikhil is Suresh's daughter. How is Divya related to Suresh?,Divya|daughter|Nikhil;Nikhil|daughter|Suresh,granddaughter
direction_sense,"Kavya walks 9km south, then 7km south. How far is Kavya from the starting point?",9km south;7km south,16.0
coding_decoding,"If SUN is coded as VXQ, how is TOP coded?",SUN->VXQ;TOP->?,WRS
syllogism,Statement 1: No cars are flowers. Statement 2: Some flowers are cats. Conclusion: Some cats are not cars. Is the conclusion valid?,No cars are flowers|Some flowers are cats|Some cats are not cars,valid
blood_relation,Pooja is Priya's daughter. Priya is Anjali's son. How is Pooja related to Anjali?,Pooja|daughter|Priya;Priya|son|Anjali,granddaughter
direction_sense,"Rohit walks 7km north, then 7km east. How far is Rohit from the starting point?",7km north;7km east,9.9
coding_decoding,"If MAP is coded as QET, how is RUN coded?",MAP->QET;RUN->?,VYR
syllogism,Statement 1: Some mammals are flowers. Statement 2: All flowers are vehicles. Conclusion: Some mammals are vehicles. Is the conclusion valid?,Some mammals are flowers|All flowers are vehicles|Some mammals are vehicles,valid
blood_relation,Vikram is Suresh's daughter. Suresh is Kavya's daughter. How is Vikram related to Kavya?,Vikram|daughter|Suresh;Suresh|daughter|Kavya,granddaughter
direction_sense,"Manoj walks 10km south, then 5km east. How far is Manoj from the starting point?",10km south;5km east,11.18
coding_decoding,"If SUN is coded as UWP, how is KEY coded?",SUN->UWP;KEY->?,MGA
syllogism,Statement 1: Some foods are pets. Statement 2: Some pets are vehicles. Conclusion: Some foods are vehicles. Is the conclusion valid?,Some foods are pets|Some pets are vehicles|Some foods are vehicles,invalid
blood_relation,Riya is Pooja's mother. Pooja is Anjali's mother. How is Riya related to Anjali?,Riya|mother|Pooja;Pooja|mother|Anjali,grandmother
direction_sense,"Rohit walks 2km east, then 4km south, then 8km south. How far is Rohit from the starting point?",2km east;4km south;8km south,12.17
coding_decoding,"If PEN is coded as TIR, how is BOX coded?",PEN->TIR;BOX->?,FSB
syllogism,Statement 1: Some fruits are animals. Statement 2: All animals are flowers. Conclusion: Some fruits are flowers. Is the conclusion valid?,Some fruits are animals|All animals are flowers|Some fruits are flowers,valid
blood_relation,Suresh is Anjali's son. Anjali is Divya's son. How is Suresh related to Divya?,Suresh|son|Anjali;Anjali|son|Divya,grandson
direction_sense,"Karan walks 6km west, then 6km south, then 5km west. How far is Karan from the starting point?",6km west;6km south;5km west,12.53
coding_decoding,"If CUP is coded as EWR, how is BOX coded?",CUP->EWR;BOX->?,DQZ
syllogism,Statement 1: All birds are foods. Statement 2: No foods are cats. Conclusion: No birds are cats. Is the conclusion valid?,All birds are foods|No foods are cats|No birds are cats,valid
blood_relation,Rohit is Divya's daughter. Divya is Priya's son. How is Rohit related to Priya?,Rohit|daughter|Divya;Divya|son|Priya,granddaughter
direction_sense,"Anjali walks 3km south, then 5km east, then 4km north. How far is Anjali from the starting point?",3km south;5km east;4km north,5.1
coding_decoding,"If BAT is coded as GFY, how is BAT coded?",BAT->GFY;BAT->?,GFY
syllogism,Statement 1: Some animals are vehicles. Statement 2: All vehicles are fruits. Conclusion: Some animals are fruits. Is the conclusion valid?,Some animals are vehicles|All vehicles are fruits|Some animals are fruits,valid
blood_relation,Suresh is Pooja's father. Pooja is Riya's mother. How is Suresh related to Riya?,Suresh|father|Pooja;Pooja|mother|Riya,grandfather
direction_sense,"Pooja walks 3km west, then 8km south, then 3km east. How far is Pooja from the starting point?",3km west;8km south;3km east,8.0
coding_decoding,"If MAP is coded as RFU, how is BOX coded?",MAP->RFU;BOX->?,GTC
syllogism,Statement 1: Some foods are fruits. Statement 2: Some fruits are animals. Conclusion: Some foods are animals. Is the conclusion valid?,Some foods are fruits|Some fruits are animals|Some foods are animals,invalid
blood_relation,Divya is Anjali's daughter. Anjali is Riya's son. How is Divya related to Riya?,Divya|daughter|Anjali;Anjali|son|Riya,granddaughter
direction_sense,"Sneha walks 5km east, then 7km west, then 3km north. How far is Sneha from the starting point?",5km east;7km west;3km north,3.61
coding_decoding,"If CUP is coded as HZU, how is RUN coded?",CUP->HZU;RUN->?,WZS
syllogism,Statement 1: No vehicles are dogs. Statement 2: Some dogs are fruits. Conclusion: Some fruits are not vehicles. Is the conclusion valid?,No vehicles are dogs|Some dogs are fruits|Some fruits are not vehicles,valid
blood_relation,Pooja is Anjali's mother. Anjali is Sneha's mother. How is Pooja related to Sneha?,Pooja|mother|Anjali;Anjali|mother|Sneha,grandmother
direction_sense,"Rohit walks 8km south, then 3km west, then 9km west. How far is Rohit from the starting point?",8km south;3km west;9km west,14.42
coding_decoding,"If MAP is coded as QET, how is BOX coded?",MAP->QET;BOX->?,FSB
syllogism,Statement 1: Some foods are animals. Statement 2: Some animals are plants. Conclusion: Some foods are plants. Is the conclusion valid?,Some foods are animals|Some animals are plants|Some foods are plants,invalid
blood_relation,Anjali is Kavya's son. Kavya is Arjun's son. How is Anjali related to Arjun?,Anjali|son|Kavya;Kavya|son|Arjun,grandson
direction_sense,"Meera walks 7km east, then 8km west, then 10km south. How far is Meera from the starting point?",7km east;8km west;10km south,10.05
coding_decoding,"If BAT is coded as GFY, how is KEY coded?",BAT->GFY;KEY->?,PJD
syllogism,Statement 1: All animals are cars. Statement 2: No cars are dogs. Conclusion: No animals are dogs. Is the conclusion valid?,All animals are cars|No cars are dogs|No animals are dogs,valid
blood_relation,Arjun is Rohit's father. Rohit is Meera's father. How is Arjun related to Meera?,Arjun|father|Rohit;Rohit|father|Meera,grandfather
direction_sense,"Manoj walks 2km east, then 8km north. How far is Manoj from the starting point?",2km east;8km north,8.25
coding_decoding,"If CUP is coded as DVQ, how is KEY coded?",CUP->DVQ;KEY->?,LFZ
syllogism,Statement 1: All dogs are plants. Statement 2: All plants are mammals. Conclusion: All dogs are mammals. Is the conclusion valid?,All dogs are plants|All plants are mammals|All dogs are mammals,valid
blood_relation,Arjun is Suresh's mother. Suresh is Riya's mother. How is Arjun related to Riya?,Arjun|mother|Suresh;Suresh|mother|Riya,grandmother
direction_sense,"Amit walks 9km west, then 3km south, then 4km south. How far is Amit from the starting point?",9km west;3km south;4km south,11.4
coding_decoding,"If BAT is coded as CBU, how is TOP coded?",BAT->CBU;TOP->?,UPQ
syllogism,Statement 1: All plants are birds. Statement 2: No birds are foods. Conclusion: No plants are foods. Is the conclusion valid?,All plants are birds|No birds are foods|No plants are foods,valid
blood_relation,Karan is Manoj's father. Manoj is Kavya's mother. How is Karan related to Kavya?,Karan|father|Manoj;Manoj|mother|Kavya,grandfather
direction_sense,"Rohit walks 9km north, then 8km north, then 2km west. How far is Rohit from the starting point?",9km north;8km north;2km west,17.12
coding_decoding,"If PEN is coded as QFO, how is LOG coded?",PEN->QFO;LOG->?,MPH
syllogism,Statement 1: All mammals are fruits. Statement 2: All fruits are flowers. Conclusion: All mammals are flowers. Is the conclusion valid?,All mammals are fruits|All fruits are flowers|All mammals are flowers,valid
blood_relation,Priya is Karan's mother. Karan is Vikram's father. How is Priya related to Vikram?,Priya|mother|Karan;Karan|father|Vikram,grandmother
direction_sense,"Manoj walks 2km west, then 5km south. How far is Manoj from the starting point?",2km west;5km south,5.39
coding_decoding,"If CAT is coded as GEX, how is RUN coded?",CAT->GEX;RUN->?,VYR
syllogism,Statement 1: Some vehicles are flowers. Statement 2: Some flowers are birds. Conclusion: Some vehicles are birds. Is the conclusion valid?,Some vehicles are flowers|Some flowers are birds|Some vehicles are birds,invalid
blood_relation,Vikram is Kavya's son. Kavya is Divya's son. How is Vikram related to Divya?,Vikram|son|Kavya;Kavya|son|Divya,grandson
direction_sense,"Pooja walks 10km south, then 3km east. How far is Pooja from the starting point?",10km south;3km east,10.44
coding_decoding,"If DOG is coded as GRJ, how is LOG coded?",DOG->GRJ;LOG->?,ORJ
syllogism,Statement 1: All cats are foods. Statement 2: All foods are vehicles. Conclusion: All cats are vehicles. Is the conclusion valid?,All cats are foods|All foods are vehicles|All cats are vehicles,valid
blood_relation,Arjun is Vikram's son. Vikram is Pooja's son. How is Arjun related to Pooja?,Arjun|son|Vikram;Vikram|son|Pooja,grandson
direction_sense,"Priya walks 3km south, then 6km south. How far is Priya from the starting point?",3km south;6km south,9.0
coding_decoding,"If PEN is coded as UJS, how is TOP coded?",PEN->UJS;TOP->?,YTU
syllogism,Statement 1: All animals are mammals. Statement 2: All mammals are vehicles. Conclusion: All animals are vehicles. Is the conclusion valid?,All animals are mammals|All mammals are vehicles|All animals are vehicles,valid
blood_relation,Priya is Manoj's daughter. Manoj is Meera's daughter. How is Priya related to Meera?,Priya|daughter|Manoj;Manoj|daughter|Meera,granddaughter
direction_sense,"Kavya walks 9km north, then 10km east. How far is Kavya from the starting point?",9km north;10km east,13.45
coding_decoding,"If DOG is coded as GRJ, how is JAM coded?",DOG->GRJ;JAM->?,MDP
syllogism,Statement 1: All foods are fruits. Statement 2: All fruits are mammals. Conclusion: All foods are mammals. Is the conclusion valid?,All foods are fruits|All fruits are mammals|All foods are mammals,valid
blood_relation,Nikhil is Rohit's daughter. Rohit is Sneha's son. How is Nikhil related to Sneha?,Nikhil|daughter|Rohit;Rohit|son|Sneha,granddaughter
direction_sense,"Suresh walks 4km west, then 5km south, then 6km west. How far is Suresh from the starting point?",4km west;5km south;6km west,11.18
coding_decoding,"If PEN is coded as TIR, how is TOP coded?",PEN->TIR;TOP->?,XST
syllogism,Statement 1: Some vehicles are foods. Statement 2: Some foods are mammals. Conclusion: Some vehicles are mammals. Is the conclusion valid?,Some vehicles are foods|Some foods are mammals|Some vehicles are mammals,invalid
blood_relation,Vikram is Rohit's father. Rohit is Pooja's mother. How is Vikram related to Pooja?,Vikram|father|Rohit;Rohit|mother|Pooja,grandfather
direction_sense,"Sneha walks 3km east, then 3km south, then 4km north. How far is Sneha from the starting point?",3km east;3km south;4km north,3.16
coding_decoding,"If DOG is coded as EPH, how is LOG coded?",DOG->EPH;LOG->?,MPH
syllogism,Statement 1: Some plants are foods. Statement 2: All foods are birds. Conclusion: Some plants are birds. Is the conclusion valid?,Some plants are foods|All foods are birds|Some plants are birds,valid
blood_relation,Divya is Priya's son. Priya is Rohit's son. How is Divya related to Rohit?,Divya|son|Priya;Priya|son|Rohit,grandson
direction_sense,"Divya walks 7km north, then 9km north, then 2km west. How far is Divya from the starting point?",7km north;9km north;2km west,16.12
coding_decoding,"If BAT is coded as FEX, how is COW coded?",BAT->FEX;COW->?,GSA
syllogism,Statement 1: All cats are fruits. Statement 2: All fruits are plants. Conclusion: All cats are plants. Is the conclusion valid?,All cats are fruits|All fruits are plants|All cats are plants,valid
blood_relation,Manoj is Meera's son. Meera is Anjali's son. How is Manoj related to Anjali?,Manoj|son|Meera;Meera|son|Anjali,grandson
direction_sense,"Suresh walks 5km east, then 2km south, then 9km south. How far is Suresh from the starting point?",5km east;2km south;9km south,12.08
coding_decoding,"If CAT is coded as HFY, how is LOG coded?",CAT->HFY;LOG->?,QTL
syllogism,Statement 1: All birds are fruits. Statement 2: No fruits are vehicles. Conclusion: No birds are vehicles. Is the conclusion valid?,All birds are fruits|No fruits are vehicles|No birds are vehicles,valid
blood_relation,Nikhil is Arjun's mother. Arjun is Riya's father. How is Nikhil related to Riya?,Nikhil|mother|Arjun;Arjun|father|Riya,grandmother
direction_sense,"Manoj walks 3km east, then 10km east, then 10km east. How far is Manoj from the starting point?",3km east;10km east;10km east,23.0
coding_decoding,"If FAN is coded as GBO, how is BAT coded?",FAN->GBO;BAT->?,CBU
syllogism,Statement 1: Some dogs are flowers. Statement 2: All flowers are birds. Conclusion: Some dogs are birds. Is the conclusion valid?,Some dogs are flowers|All flowers are birds|Some dogs are birds,valid
blood_relation,Arjun is Vikram's father. Vikram is Riya's mother. How is Arjun related to Riya?,Arjun|father|Vikram;Vikram|mother|Riya,grandfather
direction_sense,"Divya walks 9km north, then 6km east. How far is Divya from the starting point?",9km north;6km east,10.82
coding_decoding,"If PEN is coded as QFO, how is TOP coded?",PEN->QFO;TOP->?,UPQ
syllogism,Statement 1: All plants are fruits. Statement 2: No fruits are animals. Conclusion: No plants are animals. Is the conclusion valid?,All plants are fruits|No fruits are animals|No plants are animals,valid
blood_relation,Riya is Vikram's son. Vikram is Anjali's daughter. How is Riya related to Anjali?,Riya|son|Vikram;Vikram|daughter|Anjali,grandson
direction_sense,"Manoj walks 7km south, then 7km north. How far is Manoj from the starting point?",7km south;7km north,0.0
coding_decoding,"If CAT is coded as DBU, how is RUN coded?",CAT->DBU;RUN->?,SVO
syllogism,Statement 1: All animals are plants. Statement 2: No plants are cars. Conclusion: No animals are cars. Is the conclusion valid?,All animals are plants|No plants are cars|No animals are cars,valid
blood_relation,Pooja is Nikhil's father. Nikhil is Rohit's mother. How is Pooja related to Rohit?,Pooja|father|Nikhil;Nikhil|mother|Rohit,grandfather
direction_sense,"Arjun walks 7km east, then 5km south, then 6km west. How far is Arjun from the starting point?",7km east;5km south;6km west,5.1
coding_decoding,"If CAT is coded as DBU, how is JAM coded?",CAT->DBU;JAM->?,KBN
syllogism,Statement 1: Some plants are cats. Statement 2: Some cats are birds. Conclusion: Some plants are birds. Is the conclusion valid?,Some plants are cats|Some cats are birds|Some plants are birds,invalid
blood_relation,Suresh is Divya's daughter. Divya is Kavya's son. How is Suresh related to Kavya?,Suresh|daughter|Divya;Divya|son|Kavya,granddaughter
direction_sense,"Meera walks 10km east, then 4km west. How far is Meera from the starting point?",10km east;4km west,6.0
coding_decoding,"If BAT is coded as EDW, how is JAM coded?",BAT->EDW;JAM->?,MDP
syllogism,Statement 1: All flowers are pets. Statement 2: No pets are animals. Conclusion: No flowers are animals. Is the conclusion valid?,All flowers are pets|No pets are animals|No flowers are animals,valid
blood_relation,Suresh is Rohit's father. Rohit is Nikhil's father. How is Suresh related to Nikhil?,Suresh|father|Rohit;Rohit|father|Nikhil,grandfather
direction_sense,"Arjun walks 4km north, then 3km north. How far is Arjun from the starting point?",4km north;3km north,7.0
coding_decoding,"If SUN is coded as WYR, how is BOX coded?",SUN->WYR;BOX->?,FSB
syllogism,Statement 1: Some flowers are cats. Statement 2: Some cats are fruits. Conclusion: Some flowers are fruits. Is the conclusion valid?,Some flowers are cats|Some cats are fruits|Some flowers are fruits,invalid
blood_relation,Anjali is Kavya's mother. Kavya is Rohit's mother. How is Anjali related to Rohit?,Anjali|mother|Kavya;Kavya|mother|Rohit,grandmother
direction_sense,"Anjali walks 8km north, then 2km east, then 4km west. How far is Anjali from the starting point?",8km north;2km east;4km west,8.25
coding_decoding,"If DOG is coded as GRJ, how is BOX coded?",DOG->GRJ;BOX->?,ERA
syllogism,Statement 1: Some vehicles are cars. Statement 2: Some cars are mammals. Conclusion: Some vehicles are mammals. Is the conclusion valid?,Some vehicles are cars|Some cars are mammals|Some vehicles are mammals,invalid
blood_relation,Suresh is Amit's daughter. Amit is Divya's daughter. How is Suresh related to Divya?,Suresh|daughter|Amit;Amit|daughter|Divya,granddaughter
direction_sense,"Amit walks 8km east, then 5km south, then 7km north. How far is Amit from the starting point?",8km east;5km south;7km north,8.25
coding_decoding,"If BAT is coded as FEX, how is RUN coded?",BAT->FEX;RUN->?,VYR
syllogism,Statement 1: All mammals are cars. Statement 2: All cars are birds. Conclusion: All mammals are birds. Is the conclusion valid?,All mammals are cars|All cars are birds|All mammals are birds,valid
blood_relation,Manoj is Suresh's daughter. Suresh is Nikhil's son. How is Manoj related to Nikhil?,Manoj|daughter|Suresh;Suresh|son|Nikhil,granddaughter
direction_sense,"Anjali walks 2km north, then 5km west, then 7km north. How far is Anjali from the starting point?",2km north;5km west;7km north,10.3
coding_decoding,"If CUP is coded as EWR, how is BOX coded?",CUP->EWR;BOX->?,DQZ
syllogism,Statement 1: All mammals are cats. Statement 2: No cats are fruits. Conclusion: No mammals are fruits. Is the conclusion valid?,All mammals are cats|No cats are fruits|No mammals are fruits,valid
blood_relation,Pooja is Rohit's father. Rohit is Meera's father. How is Pooja related to Meera?,Pooja|father|Rohit;Rohit|father|Meera,grandfather
direction_sense,"Nikhil walks 3km east, then 4km east. How far is Nikhil from the starting point?",3km east;4km east,7.0
coding_decoding,"If CAT is coded as GEX, how is TOP coded?",CAT->GEX;TOP->?,XST
syllogism,Statement 1: Some cars are vehicles. Statement 2: Some vehicles are cats. Conclusion: Some cars are cats. Is the conclusion valid?,Some cars are vehicles|Some vehicles are cats|Some cars are cats,invalid
blood_relation,Rohit is Anjali's daughter. Anjali is Riya's daughter. How is Rohit related to Riya?,Rohit|daughter|Anjali;Anjali|daughter|Riya,granddaughter
direction_sense,"Kavya walks 4km west, then 2km west, then 7km north. How far is Kavya from the starting point?",4km west;2km west;7km north,9.22
coding_decoding,"If CUP is coded as DVQ, how is KEY coded?",CUP->DVQ;KEY->?,LFZ
syllogism,Statement 1: All cars are cats. Statement 2: No cats are mammals. Conclusion: No cars are mammals. Is the conclusion valid?,All cars are cats|No cats are mammals|No cars are mammals,valid
blood_relation,Priya is Meera's son. Meera is Nikhil's son. How is Priya related to Nikhil?,Priya|son|Meera;Meera|son|Nikhil,grandson
direction_sense,"Divya walks 2km north, then 8km east, then 10km north. How far is Divya from the starting point?",2km north;8km east;10km north,14.42
coding_decoding,"If CUP is coded as DVQ, how is JAM coded?",CUP->DVQ;JAM->?,KBN
syllogism,Statement 1: Some birds are plants. Statement 2: All plants are cats. Conclusion: Some birds are cats. Is the conclusion valid?,Some birds are plants|All plants are cats|Some birds are cats,valid
blood_relation,Divya is Sneha's daughter. Sneha is Kavya's daughter. How is Divya related to Kavya?,Divya|daughter|Sneha;Sneha|daughter|Kavya,granddaughter
direction_sense,"Suresh walks 3km north, then 7km north, then 10km south. How far is Suresh from the starting point?",3km north;7km north;10km south,0.0
coding_decoding,"If FAN is coded as GBO, how is LOG coded?",FAN->GBO;LOG->?,MPH
syllogism,Statement 1: All animals are flowers. Statement 2: No flowers are foods. Conclusion: No animals are foods. Is the conclusion valid?,All animals are flowers|No flowers are foods|No animals are foods,valid
blood_relation,Vikram is Pooja's daughter. Pooja is Rohit's son. How is Vikram related to Rohit?,Vikram|daughter|Pooja;Pooja|son|Rohit,granddaughter
direction_sense,"Karan walks 10km south, then 6km south, then 10km north. How far is Karan from the starting point?",10km south;6km south;10km north,6.0
coding_decoding,"If CUP is coded as EWR, how is KEY coded?",CUP->EWR;KEY->?,MGA
syllogism,Statement 1: Some cats are fruits. Statement 2: All fruits are animals. Conclusion: Some cats are animals. Is the conclusion valid?,Some cats are fruits|All fruits are animals|Some cats are animals,valid
blood_relation,Meera is Kavya's father. Kavya is Manoj's father. How is Meera related to Manoj?,Meera|father|Kavya;Kavya|father|Manoj,grandfather
direction_sense,"Karan walks 10km west, then 9km east, then 9km west. How far is Karan from the starting point?",10km west;9km east;9km west,10.0
coding_decoding,"If MAP is coded as PDS, how is LOG coded?",MAP->PDS;LOG->?,ORJ
syllogism,Statement 1: All birds are plants. Statement 2: No plants are cats. Conclusion: No birds are cats. Is the conclusion valid?,All birds are plants|No plants are cats|No birds are cats,valid
blood_relation,Sneha is Suresh's mother. Suresh is Rohit's mother. How is Sneha related to Rohit?,Sneha|mother|Suresh;Suresh|mother|Rohit,grandmother
direction_sense,"Rohit walks 9km south, then 3km east. How far is Rohit from the starting point?",9km south;3km east,9.49
coding_decoding,"If CAT is coded as FDW, how is KEY coded?",CAT->FDW;KEY->?,NHB
syllogism,Statement 1: All vehicles are pets. Statement 2: All pets are fruits. Conclusion: All vehicles are fruits. Is the conclusion valid?,All vehicles are pets|All pets are fruits|All vehicles are fruits,valid
blood_relation,Amit is Rohit's daughter. Rohit is Suresh's daughter. How is Amit related to Suresh?,Amit|daughter|Rohit;Rohit|daughter|Suresh,granddaughter
direction_sense,"Priya walks 6km west, then 3km south, then 5km east. How far is Priya from the starting point?",6km west;3km south;5km east,3.16
coding_decoding,"If PEN is coded as QFO, how is LOG coded?",PEN->QFO;LOG->?,MPH
syllogism,Statement 1: All fruits are plants. Statement 2: All plants are pets. Conclusion: All fruits are pets. Is the conclusion valid?,All fruits are plants|All plants are pets|All fruits are pets,valid
blood_relation,Kavya is Vikram's father. Vikram is Priya's father. How is Kavya related to Priya?,Kavya|father|Vikram;Vikram|father|Priya,grandfather
direction_sense,"Karan walks 7km south, then 3km west. How far is Karan from the starting point?",7km south;3km west,7.62
coding_decoding,"If DOG is coded as ITL, how is BOX coded?",DOG->ITL;BOX->?,GTC
syllogism,Statement 1: Some plants are cars. Statement 2: Some cars are animals. Conclusion: Some plants are animals. Is the conclusion valid?,Some plants are cars|Some cars are animals|Some plants are animals,invalid
blood_relation,Manoj is Pooja's daughter. Pooja is Kavya's daughter. How is Manoj related to Kavya?,Manoj|daughter|Pooja;Pooja|daughter|Kavya,granddaughter
direction_sense,"Riya walks 3km south, then 7km west. How far is Riya from the starting point?",3km south;7km west,7.62
coding_decoding,"If MAP is coded as RFU, how is COW coded?",MAP->RFU;COW->?,HTB
syllogism,Statement 1: Some birds are mammals. Statement 2: All mammals are foods. Conclusion: Some birds are foods. Is the conclusion valid?,Some birds are mammals|All mammals are foods|Some birds are foods,valid
blood_relation,Vikram is Divya's daughter. Divya is Kavya's daughter. How is Vikram related to Kavya?,Vikram|daughter|Divya;Divya|daughter|Kavya,granddaughter
direction_sense,"Rohit walks 5km north, then 5km south, then 8km east. How far is Rohit from the starting point?",5km north;5km south;8km east,8.0
coding_decoding,"If SUN is coded as WYR, how is RUN coded?",SUN->WYR;RUN->?,VYR
syllogism,Statement 1: Some dogs are cars. Statement 2: All cars are cats. Conclusion: Some dogs are cats. Is the conclusion valid?,Some dogs are cars|All cars are cats|Some dogs are cats,valid
blood_relation,Amit is Meera's son. Meera is Rohit's daughter. How is Amit related to Rohit?,Amit|son|Meera;Meera|daughter|Rohit,grandson
direction_sense,"Rohit walks 8km west, then 5km west, then 5km south. How far is Rohit from the starting point?",8km west;5km west;5km south,13.93
coding_decoding,"If BAT is coded as EDW, how is RUN coded?",BAT->EDW;RUN->?,UXQ
syllogism,Statement 1: Some mammals are plants. Statement 2: All plants are cars. Conclusion: Some mammals are cars. Is the conclusion valid?,Some mammals are plants|All plants are cars|Some mammals are cars,valid
blood_relation,Rohit is Riya's daughter. Riya is Amit's daughter. How is Rohit related to Amit?,Rohit|daughter|Riya;Riya|daughter|Amit,granddaughter
direction_sense,"Karan walks 3km west, then 2km west, then 4km west. How far is Karan from the starting point?",3km west;2km west;4km west,9.0
coding_decoding,"If FAN is coded as JER, how is LOG coded?",FAN->JER;LOG->?,PSK
syllogism,Statement 1: All mammals are vehicles. Statement 2: No vehicles are cars. Conclusion: No mammals are cars. Is the conclusion valid?,All mammals are vehicles|No vehicles are cars|No mammals are cars,valid
blood_relation,Priya is Sneha's son. Sneha is Meera's daughter. How is Priya related to Meera?,Priya|son|Sneha;Sneha|daughter|Meera,grandson
direction_sense,"Riya walks 5km east, then 10km north, then 10km south. How far is Riya from the starting point?",5km east;10km north;10km south,5.0
coding_decoding,"If CAT is coded as HFY, how is BOX coded?",CAT->HFY;BOX->?,GTC
syllogism,Statement 1: Some cats are cars. Statement 2: All cars are pets. Conclusion: Some cats are pets. Is the conclusion valid?,Some cats are cars|All cars are pets|Some cats are pets,valid
blood_relation,Suresh is Vikram's daughter. Vikram is Arjun's daughter. How is Suresh related to Arjun?,Suresh|daughter|Vikram;Vikram|daughter|Arjun,granddaughter
direction_sense,"Arjun walks 8km east, then 7km east, then 7km north. How far is Arjun from the starting point?",8km east;7km east;7km north,16.55
coding_decoding,"If CAT is coded as GEX, how is BOX coded?",CAT->GEX;BOX->?,FSB
syllogism,Statement 1: No pets are flowers. Statement 2: Some flowers are plants. Conclusion: Some plants are not pets. Is the conclusion valid?,No pets are flowers|Some flowers are plants|Some plants are not pets,valid
blood_relation,Divya is Kavya's father. Kavya is Riya's father. How is Divya related to Riya?,Divya|father|Kavya;Kavya|father|Riya,grandfather
direction_sense,"Vikram walks 7km west, then 2km east. How far is Vikram from the starting point?",7km west;2km east,5.0
coding_decoding,"If DOG is coded as FQI, how is KEY coded?",DOG->FQI;KEY->?,MGA
syllogism,Statement 1: No cats are birds. Statement 2: Some birds are dogs. Conclusion: Some dogs are not cats. Is the conclusion valid?,No cats are birds|Some birds are dogs|Some dogs are not cats,valid
blood_relation,Pooja is Sneha's daughter. Sneha is Rohit's son. How is Pooja related to Rohit?,Pooja|daughter|Sneha;Sneha|son|Rohit,granddaughter
direction_sense,"Sneha walks 5km south, then 9km north. How far is Sneha from the starting point?",5km south;9km north,4.0
coding_decoding,"If FAN is coded as IDQ, how is KEY coded?",FAN->IDQ;KEY->?,NHB
syllogism,Statement 1: Some cars are dogs. Statement 2: Some dogs are animals. Conclusion: Some cars are animals. Is the conclusion valid?,Some cars are dogs|Some dogs are animals|Some cars are animals,invalid
blood_relation,Anjali is Divya's mother. Divya is Nikhil's father. How is Anjali related to Nikhil?,Anjali|mother|Divya;Divya|father|Nikhil,grandmother
direction_sense,"Arjun walks 10km south, then 4km south, then 9km north. How far is Arjun from the starting point?",10km south;4km south;9km north,5.0
coding_decoding,"If CUP is coded as DVQ, how is JAM coded?",CUP->DVQ;JAM->?,KBN
syllogism,Statement 1: No plants are vehicles. Statement 2: Some vehicles are animals. Conclusion: Some animals are not plants. Is the conclusion valid?,No plants are vehicles|Some vehicles are animals|Some animals are not plants,valid
blood_relation,Rohit is Amit's mother. Amit is Vikram's mother. How is Rohit related to Vikram?,Rohit|mother|Amit;Amit|mother|Vikram,grandmother
direction_sense,"Riya walks 6km south, then 4km west, then 8km south. How far is Riya from the starting point?",6km south;4km west;8km south,14.56
coding_decoding,"If CUP is coded as GYT, how is BOX coded?",CUP->GYT;BOX->?,FSB
syllogism,Statement 1: All cats are animals. Statement 2: All animals are dogs. Conclusion: All cats are dogs. Is the conclusion valid?,All cats are animals|All animals are dogs|All cats are dogs,valid
blood_relation,Kavya is Anjali's mother. Anjali is Rohit's mother. How is Kavya related to Rohit?,Kavya|mother|Anjali;Anjali|mother|Rohit,grandmother
direction_sense,"Manoj walks 5km south, then 4km north. How far is Manoj from the starting point?",5km south;4km north,1.0
coding_decoding,"If BAT is coded as DCV, how is BOX coded?",BAT->DCV;BOX->?,DQZ
syllogism,Statement 1: Some cars are animals. Statement 2: All animals are fruits. Conclusion: Some cars are fruits. Is the conclusion valid?,Some cars are animals|All animals are fruits|Some cars are fruits,valid
blood_relation,Divya is Kavya's mother. Kavya is Pooja's mother. How is Divya related to Pooja?,Divya|mother|Kavya;Kavya|mother|Pooja,grandmother
direction_sense,"Riya walks 3km west, then 9km south. How far is Riya from the starting point?",3km west;9km south,9.49
coding_decoding,"If FAN is coded as KFS, how is BOX coded?",FAN->KFS;BOX->?,GTC
syllogism,Statement 1: Some animals are birds. Statement 2: Some birds are fruits. Conclusion: Some animals are fruits. Is the conclusion valid?,Some animals are birds|Some birds are fruits|Some animals are fruits,invalid
blood_relation,Kavya is Vikram's mother. Vikram is Nikhil's father. How is Kavya related to Nikhil?,Kavya|mother|Vikram;Vikram|father|Nikhil,grandmother
direction_sense,"Amit walks 6km west, then 8km east, then 8km east. How far is Amit from the starting point?",6km west;8km east;8km east,10.0
coding_decoding,"If BAT is coded as CBU, how is KEY coded?",BAT->CBU;KEY->?,LFZ
syllogism,Statement 1: All dogs are cars. Statement 2: All cars are flowers. Conclusion: All dogs are flowers. Is the conclusion valid?,All dogs are cars|All cars are flowers|All dogs are flowers,valid
blood_relation,Meera is Priya's daughter. Priya is Karan's daughter. How is Meera related to Karan?,Meera|daughter|Priya;Priya|daughter|Karan,granddaughter
direction_sense,"Amit walks 10km south, then 6km south. How far is Amit from the starting point?",10km south;6km south,16.0
coding_decoding,"If DOG is coded as ITL, how is JAM coded?",DOG->ITL;JAM->?,OFR
syllogism,Statement 1: All animals are foods. Statement 2: No foods are cats. Conclusion: No animals are cats. Is the conclusion valid?,All animals are foods|No foods are cats|No animals are cats,valid
blood_relation,Arjun is Manoj's mother. Manoj is Divya's mother. How is Arjun related to Divya?,Arjun|mother|Manoj;Manoj|mother|Divya,grandmother
direction_sense,"Suresh walks 6km east, then 4km east, then 6km north. How far is Suresh from the starting point?",6km east;4km east;6km north,11.66
coding_decoding,"If MAP is coded as RFU, how is LOG coded?",MAP->RFU;LOG->?,QTL
syllogism,Statement 1: All plants are dogs. Statement 2: No dogs are foods. Conclusion: No plants are foods. Is the conclusion valid?,All plants are dogs|No dogs are foods|No plants are foods,valid
blood_relation,Vikram is Suresh's father. Suresh is Riya's mother. How is Vikram related to Riya?,Vikram|father|Suresh;Suresh|mother|Riya,grandfather
direction_sense,"Manoj walks 4km east, then 3km west, then 8km north. How far is Manoj from the starting point?",4km east;3km west;8km north,8.06
coding_decoding,"If CUP is coded as HZU, how is RUN coded?",CUP->HZU;RUN->?,WZS
syllogism,Statement 1: All flowers are pets. Statement 2: All pets are cats. Conclusion: All flowers are cats. Is the conclusion valid?,All flowers are pets|All pets are cats|All flowers are cats,valid
blood_relation,Pooja is Nikhil's mother. Nikhil is Sneha's father. How is Pooja related to Sneha?,Pooja|mother|Nikhil;Nikhil|father|Sneha,grandmother
direction_sense,"Rohit walks 3km south, then 9km north. How far is Rohit from the starting point?",3km south;9km north,6.0
coding_decoding,"If CUP is coded as EWR, how is LOG coded?",CUP->EWR;LOG->?,NQI
syllogism,Statement 1: All mammals are foods. Statement 2: No foods are plants. Conclusion: No mammals are plants. Is the conclusion valid?,All mammals are foods|No foods are plants|No mammals are plants,valid
blood_relation,Nikhil is Sneha's daughter. Sneha is Riya's son. How is Nikhil related to Riya?,Nikhil|daughter|Sneha;Sneha|son|Riya,granddaughter
direction_sense,"Kavya walks 7km east, then 6km north. How far is Kavya from the starting point?",7km east;6km north,9.22
coding_decoding,"If SUN is coded as WYR, how is COW coded?",SUN->WYR;COW->?,GSA
syllogism,Statement 1: All flowers are dogs. Statement 2: All dogs are pets. Conclusion: All flowers are pets. Is the conclusion valid?,All flowers are dogs|All dogs are pets|All flowers are pets,valid
blood_relation,Amit is Meera's son. Meera is Anjali's son. How is Amit related to Anjali?,Amit|son|Meera;Meera|son|Anjali,grandson
direction_sense,"Nikhil walks 3km west, then 5km west. How far is Nikhil from the starting point?",3km west;5km west,8.0
coding_decoding,"If FAN is coded as KFS, how is LOG coded?",FAN->KFS;LOG->?,QTL
syllogism,Statement 1: All flowers are vehicles. Statement 2: All vehicles are fruits. Conclusion: All flowers are fruits. Is the conclusion valid?,All flowers are vehicles|All vehicles are fruits|All flowers are fruits,valid
blood_relation,Riya is Priya's father. Priya is Suresh's father. How is Riya related to Suresh?,Riya|father|Priya;Priya|father|Suresh,grandfather
direction_sense,"Manoj walks 8km west, then 9km west, then 9km west. How far is Manoj from the starting point?",8km west;9km west;9km west,26.0
coding_decoding,"If FAN is coded as KFS, how is LOG coded?",FAN->KFS;LOG->?,QTL
syllogism,Statement 1: Some plants are flowers. Statement 2: All flowers are cars. Conclusion: Some plants are cars. Is the conclusion valid?,Some plants are flowers|All flowers are cars|Some plants are cars,valid
blood_relation,Karan is Manoj's daughter. Manoj is Pooja's daughter. How is Karan related to Pooja?,Karan|daughter|Manoj;Manoj|daughter|Pooja,granddaughter
direction_sense,"Riya walks 9km east, then 4km south. How far is Riya from the starting point?",9km east;4km south,9.85
coding_decoding,"If PEN is coded as RGP, how is JAM coded?",PEN->RGP;JAM->?,LCO
syllogism,Statement 1: No plants are fruits. Statement 2: Some fruits are cars. Conclusion: Some cars are not plants. Is the conclusion valid?,No plants are fruits|Some fruits are cars|Some cars are not plants,valid
blood_relation,Amit is Nikhil's son. Nikhil is Manoj's daughter. How is Amit related to Manoj?,Amit|son|Nikhil;Nikhil|daughter|Manoj,grandson
direction_sense,"Meera walks 8km north, then 8km north, then 9km east. How far is Meera from the starting point?",8km north;8km north;9km east,18.36
coding_decoding,"If BAT is coded as FEX, how is BOX coded?",BAT->FEX;BOX->?,FSB
syllogism,Statement 1: Some dogs are animals. Statement 2: All animals are vehicles. Conclusion: Some dogs are vehicles. Is the conclusion valid?,Some dogs are animals|All animals are vehicles|Some dogs are vehicles,valid
blood_relation,Kavya is Divya's mother. Divya is Nikhil's mother. How is Kavya related to Nikhil?,Kavya|mother|Divya;Divya|mother|Nikhil,grandmother
direction_sense,"Riya walks 9km south, then 6km north, then 6km south. How far is Riya from the starting point?",9km south;6km north;6km south,9.0
coding_decoding,"If MAP is coded as OCR, how is JAM coded?",MAP->OCR;JAM->?,LCO
syllogism,Statement 1: All plants are pets. Statement 2: All pets are foods. Conclusion: All plants are foods. Is the conclusion valid?,All plants are pets|All pets are foods|All plants are foods,valid
blood_relation,Nikhil is Sneha's daughter. Sneha is Arjun's son. How is Nikhil related to Arjun?,Nikhil|daughter|Sneha;Sneha|son|Arjun,granddaughter
direction_sense,"Rohit walks 4km north, then 7km north. How far is Rohit from the starting point?",4km north;7km north,11.0
coding_decoding,"If CUP is coded as FXS, how is JAM coded?",CUP->FXS;JAM->?,MDP
syllogism,Statement 1: Some birds are dogs. Statement 2: All dogs are foods. Conclusion: Some birds are foods. Is the conclusion valid?,Some birds are dogs|All dogs are foods|Some birds are foods,valid
blood_relation,Karan is Amit's daughter. Amit is Manoj's daughter. How is Karan related to Manoj?,Karan|daughter|Amit;Amit|daughter|Manoj,granddaughter
direction_sense,"Karan walks 6km east, then 9km south. How far is Karan from the starting point?",6km east;9km south,10.82
coding_decoding,"If PEN is coded as UJS, how is JAM coded?",PEN->UJS;JAM->?,OFR
syllogism,Statement 1: All plants are fruits. Statement 2: No fruits are dogs. Conclusion: No plants are dogs. Is the conclusion valid?,All plants are fruits|No fruits are dogs|No plants are dogs,valid
blood_relation,Sneha is Nikhil's father. Nikhil is Manoj's father. How is Sneha related to Manoj?,Sneha|father|Nikhil;Nikhil|father|Manoj,grandfather
direction_sense,"Riya walks 6km north, then 3km east, then 8km north. How far is Riya from the starting point?",6km north;3km east;8km north,14.32
coding_decoding,"If CUP is coded as EWR, how is JAM coded?",CUP->EWR;JAM->?,LCO
syllogism,Statement 1: Some vehicles are dogs. Statement 2: All dogs are foods. Conclusion: Some vehicles are foods. Is the conclusion valid?,Some vehicles are dogs|All dogs are foods|Some vehicles are foods,valid
blood_relation,Anjali is Meera's father. Meera is Kavya's mother. How is Anjali related to Kavya?,Anjali|father|Meera;Meera|mother|Kavya,grandfather
direction_sense,"Amit walks 7km south, then 3km south, then 5km east. How far is Amit from the starting point?",7km south;3km south;5km east,11.18
coding_decoding,"If CAT is coded as HFY, how is JAM coded?",CAT->HFY;JAM->?,OFR
syllogism,Statement 1: All animals are pets. Statement 2: All pets are mammals. Conclusion: All animals are mammals. Is the conclusion valid?,All animals are pets|All pets are mammals|All animals are mammals,valid
blood_relation,Karan is Divya's father. Divya is Meera's mother. How is Karan related to Meera?,Karan|father|Divya;Divya|mother|Meera,grandfather
direction_sense,"Karan walks 7km east, then 4km east, then 10km north. How far is Karan from the starting point?",7km east;4km east;10km north,14.87
coding_decoding,"If CUP is coded as GYT, how is BOX coded?",CUP->GYT;BOX->?,FSB
syllogism,Statement 1: No birds are animals. Statement 2: Some animals are fruits. Conclusion: Some fruits are not birds. Is the conclusion valid?,No birds are animals|Some animals are fruits|Some fruits are not birds,valid
blood_relation,Manoj is Kavya's daughter. Kavya is Rohit's daughter. How is Manoj related to Rohit?,Manoj|daughter|Kavya;Kavya|daughter|Rohit,granddaughter
direction_sense,"Amit walks 8km north, then 6km west. How far is Amit from the starting point?",8km north;6km west,10.0
coding_decoding,"If SUN is coded as XZS, how is TOP coded?",SUN->XZS;TOP->?,YTU
syllogism,Statement 1: All mammals are fruits. Statement 2: No fruits are cars. Conclusion: No mammals are cars. Is the conclusion valid?,All mammals are fruits|No fruits are cars|No mammals are cars,valid
blood_relation,Kavya is Meera's father. Meera is Vikram's mother. How is Kavya related to Vikram?,Kavya|father|Meera;Meera|mother|Vikram,grandfather
direction_sense,"Meera walks 9km north, then 8km west. How far is Meera from the starting point?",9km north;8km west,12.04
coding_decoding,"If SUN is coded as XZS, how is KEY coded?",SUN->XZS;KEY->?,PJD
syllogism,Statement 1: Some fruits are cats. Statement 2: All cats are animals. Conclusion: Some fruits are animals. Is the conclusion valid?,Some fruits are cats|All cats are animals|Some fruits are animals,valid
blood_relation,Anjali is Pooja's mother. Pooja is Divya's father. How is Anjali related to Divya?,Anjali|mother|Pooja;Pooja|father|Divya,grandmother
direction_sense,"Nikhil walks 2km south, then 6km south, then 4km west. How far is Nikhil from the starting point?",2km south;6km south;4km west,8.94
coding_decoding,"If CUP is coded as EWR, how is RUN coded?",CUP->EWR;RUN->?,TWP
syllogism,Statement 1: No plants are pets. Statement 2: Some pets are animals. Conclusion: Some animals are not plants. Is the conclusion valid?,No plants are pets|Some pets are animals|Some animals are not plants,valid
blood_relation,Rohit is Anjali's daughter. Anjali is Vikram's daughter. How is Rohit related to Vikram?,Rohit|daughter|Anjali;Anjali|daughter|Vikram,granddaughter
direction_sense,"Kavya walks 2km west, then 7km east, then 6km east. How far is Kavya from the starting point?",2km west;7km east;6km east,11.0
coding_decoding,"If CUP is coded as GYT, how is LOG coded?",CUP->GYT;LOG->?,PSK
syllogism,Statement 1: All mammals are plants. Statement 2: No plants are birds. Conclusion: No mammals are birds. Is the conclusion valid?,All mammals are plants|No plants are birds|No mammals are birds,valid
blood_relation,Meera is Kavya's daughter. Kavya is Riya's daughter. How is Meera related to Riya?,Meera|daughter|Kavya;Kavya|daughter|Riya,granddaughter
direction_sense,"Kavya walks 10km north, then 4km west. How far is Kavya from the starting point?",10km north;4km west,10.77
coding_decoding,"If BAT is coded as GFY, how is KEY coded?",BAT->GFY;KEY->?,PJD
syllogism,Statement 1: Some flowers are fruits. Statement 2: All fruits are plants. Conclusion: Some flowers are plants. Is the conclusion valid?,Some flowers are fruits|All fruits are plants|Some flowers are plants,valid
blood_relation,Kavya is Arjun's mother. Arjun is Sneha's mother. How is Kavya related to Sneha?,Kavya|mother|Arjun;Arjun|mother|Sneha,grandmother
direction_sense,"Manoj walks 10km west, then 10km west. How far is Manoj from the starting point?",10km west;10km west,20.0
coding_decoding,"If CAT is coded as DBU, how is COW coded?",CAT->DBU;COW->?,DPX
syllogism,Statement 1: Some cats are vehicles. Statement 2: All vehicles are foods. Conclusion: Some cats are foods. Is the conclusion valid?,Some cats are vehicles|All vehicles are foods|Some cats are foods,valid
blood_relation,Arjun is Sneha's father. Sneha is Priya's mother. How is Arjun related to Priya?,Arjun|father|Sneha;Sneha|mother|Priya,grandfather
direction_sense,"Sneha walks 10km east, then 8km west, then 3km west. How far is Sneha from the starting point?",10km east;8km west;3km west,1.0
coding_decoding,"If SUN is coded as UWP, how is RUN coded?",SUN->UWP;RUN->?,TWP
syllogism,Statement 1: No dogs are animals. Statement 2: Some animals are flowers. Conclusion: Some flowers are not dogs. Is the conclusion valid?,No dogs are animals|Some animals are flowers|Some flowers are not dogs,valid
blood_relation,Divya is Kavya's mother. Kavya is Manoj's mother. How is Divya related to Manoj?,Divya|mother|Kavya;Kavya|mother|Manoj,grandmother
direction_sense,"Vikram walks 2km north, then 9km west, then 9km north. How far is Vikram from the starting point?",2km north;9km west;9km north,14.21
coding_decoding,"If DOG is coded as FQI, how is COW coded?",DOG->FQI;COW->?,EQY
syllogism,Statement 1: No pets are dogs. Statement 2: Some dogs are foods. Conclusion: Some foods are not pets. Is the conclusion valid?,No pets are dogs|Some dogs are foods|Some foods are not pets,valid
blood_relation,Meera is Vikram's daughter. Vikram is Arjun's daughter. How is Meera related to Arjun?,Meera|daughter|Vikram;Vikram|daughter|Arjun,granddaughter
direction_sense,"Sneha walks 7km west, then 9km west, then 10km south. How far is Sneha from the starting point?",7km west;9km west;10km south,18.87
coding_decoding,"If SUN is coded as WYR, how is KEY coded?",SUN->WYR;KEY->?,OIC
syllogism,Statement 1: Some dogs are animals. Statement 2: Some animals are mammals. Conclusion: Some dogs are mammals. Is the conclusion valid?,Some dogs are animals|Some animals are mammals|Some dogs are mammals,invalid
blood_relation,Meera is Divya's mother. Divya is Amit's father. How is Meera related to Amit?,Meera|mother|Divya;Divya|father|Amit,grandmother
direction_sense,"Arjun walks 3km south, then 3km south. How far is Arjun from the starting point?",3km south;3km south,6.0
coding_decoding,"If DOG is coded as FQI, how is COW coded?",DOG->FQI;COW->?,EQY
syllogism,Statement 1: Some birds are animals. Statement 2: All animals are foods. Conclusion: Some birds are foods. Is the conclusion valid?,Some birds are animals|All animals are foods|Some birds are foods,valid
blood_relation,Vikram is Suresh's daughter. Suresh is Amit's daughter. How is Vikram related to Amit?,Vikram|daughter|Suresh;Suresh|daughter|Amit,granddaughter
direction_sense,"Arjun walks 5km west, then 3km south, then 6km east. How far is Arjun from the starting point?",5km west;3km south;6km east,3.16
coding_decoding,"If SUN is coded as UWP, how is TOP coded?",SUN->UWP;TOP->?,VQR
syllogism,Statement 1: Some cars are flowers. Statement 2: All flowers are cats. Conclusion: Some cars are cats. Is the conclusion valid?,Some cars are flowers|All flowers are cats|Some cars are cats,valid
blood_relation,Sneha is Pooja's mother. Pooja is Anjali's father. How is Sneha related to Anjali?,Sneha|mother|Pooja;Pooja|father|Anjali,grandmother
direction_sense,"Priya walks 9km west, then 8km south, then 7km west. How far is Priya from the starting point?",9km west;8km south;7km west,17.89
coding_decoding,"If FAN is coded as IDQ, how is BAT coded?",FAN->IDQ;BAT->?,EDW
syllogism,Statement 1: Some fruits are cars. Statement 2: All cars are plants. Conclusion: Some fruits are plants. Is the conclusion valid?,Some fruits are cars|All cars are plants|Some fruits are plants,valid
blood_relation,Suresh is Nikhil's daughter. Nikhil is Amit's daughter. How is Suresh related to Amit?,Suresh|daughter|Nikhil;Nikhil|daughter|Amit,granddaughter
direction_sense,"Nikhil walks 4km east, then 3km east. How far is Nikhil from the starting point?",4km east;3km east,7.0
coding_decoding,"If FAN is coded as IDQ, how is RUN coded?",FAN->IDQ;RUN->?,UXQ
syllogism,Statement 1: Some foods are pets. Statement 2: All pets are animals. Conclusion: Some foods are animals. Is the conclusion valid?,Some foods are pets|All pets are animals|Some foods are animals,valid
blood_relation,Suresh is Anjali's daughter. Anjali is Vikram's son. How is Suresh related to Vikram?,Suresh|daughter|Anjali;Anjali|son|Vikram,granddaughter
direction_sense,"Anjali walks 2km south, then 5km west. How far is Anjali from the starting point?",2km south;5km west,5.39
coding_decoding,"If DOG is coded as HSK, how is TOP coded?",DOG->HSK;TOP->?,XST
syllogism,Statement 1: Some animals are mammals. Statement 2: Some mammals are birds. Conclusion: Some animals are birds. Is the conclusion valid?,Some animals are mammals|Some mammals are birds|Some animals are birds,invalid
blood_relation,Nikhil is Amit's mother. Amit is Karan's father. How is Nikhil related to Karan?,Nikhil|mother|Amit;Amit|father|Karan,grandmother
direction_sense,"Suresh walks 3km north, then 10km north, then 3km west. How far is Suresh from the starting point?",3km north;10km north;3km west,13.34
coding_decoding,"If MAP is coded as NBQ, how is BAT coded?",MAP->NBQ;BAT->?,CBU
syllogism,Statement 1: No foods are vehicles. Statement 2: Some vehicles are animals. Conclusion: Some animals are not foods. Is the conclusion valid?,No foods are vehicles|Some vehicles are animals|Some animals are not foods,valid
blood_relation,Rohit is Anjali's daughter. Anjali is Amit's daughter. How is Rohit related to Amit?,Rohit|daughter|Anjali;Anjali|daughter|Amit,granddaughter
direction_sense,"Rohit walks 9km east, then 5km east, then 5km south. How far is Rohit from the starting point?",9km east;5km east;5km south,14.87
coding_decoding,"If CUP is coded as GYT, how is KEY coded?",CUP->GYT;KEY->?,OIC
syllogism,Statement 1: Some dogs are animals. Statement 2: Some animals are birds. Conclusion: Some dogs are birds. Is the conclusion valid?,Some dogs are animals|Some animals are birds|Some dogs are birds,invalid
blood_relation,Sneha is Priya's son. Priya is Nikhil's son. How is Sneha related to Nikhil?,Sneha|son|Priya;Priya|son|Nikhil,grandson
direction_sense,"Vikram walks 5km east, then 6km north, then 3km east. How far is Vikram from the starting point?",5km east;6km north;3km east,10.0
coding_decoding,"If CAT is coded as HFY, how is JAM coded?",CAT->HFY;JAM->?,OFR
syllogism,Statement 1: No mammals are plants. Statement 2: Some plants are fruits. Conclusion: Some fruits are not mammals. Is the conclusion valid?,No mammals are plants|Some plants are fruits|Some fruits are not mammals,valid
blood_relation,Manoj is Amit's father. Amit is Rohit's father. How is Manoj related to Rohit?,Manoj|father|Amit;Amit|father|Rohit,grandfather
direction_sense,"Suresh walks 6km east, then 4km north, then 5km south. How far is Suresh from the starting point?",6km east;4km north;5km south,6.08
coding_decoding,"If BAT is coded as CBU, how is BOX coded?",BAT->CBU;BOX->?,CPY
syllogism,Statement 1: No vehicles are foods. Statement 2: Some foods are flowers. Conclusion: Some flowers are not vehicles. Is the conclusion valid?,No vehicles are foods|Some foods are flowers|Some flowers are not vehicles,valid
blood_relation,Pooja is Priya's mother. Priya is Nikhil's mother. How is Pooja related to Nikhil?,Pooja|mother|Priya;Priya|mother|Nikhil,grandmother
direction_sense,"Nikhil walks 5km west, then 3km south, then 9km north. How far is Nikhil from the starting point?",5km west;3km south;9km north,7.81
coding_decoding,"If DOG is coded as GRJ, how is LOG coded?",DOG->GRJ;LOG->?,ORJ
syllogism,Statement 1: Some cars are flowers. Statement 2: All flowers are foods. Conclusion: Some cars are foods. Is the conclusion valid?,Some cars are flowers|All flowers are foods|Some cars are foods,valid
blood_relation,Sneha is Pooja's mother. Pooja is Priya's father. How is Sneha related to Priya?,Sneha|mother|Pooja;Pooja|father|Priya,grandmother
direction_sense,"Rohit walks 8km north, then 6km south, then 8km north. How far is Rohit from the starting point?",8km north;6km south;8km north,10.0
coding_decoding,"If MAP is coded as PDS, how is KEY coded?",MAP->PDS;KEY->?,NHB
syllogism,Statement 1: All vehicles are fruits. Statement 2: All fruits are mammals. Conclusion: All vehicles are mammals. Is the conclusion valid?,All vehicles are fruits|All fruits are mammals|All vehicles are mammals,valid
blood_relation,Rohit is Karan's son. Karan is Nikhil's daughter. How is Rohit related to Nikhil?,Rohit|son|Karan;Karan|daughter|Nikhil,grandson
direction_sense,"Meera walks 6km south, then 8km north. How far is Meera from the starting point?",6km south;8km north,2.0
coding_decoding,"If CAT is coded as GEX, how is BAT coded?",CAT->GEX;BAT->?,FEX
syllogism,Statement 1: All plants are pets. Statement 2: No pets are cars. Conclusion: No plants are cars. Is the conclusion valid?,All plants are pets|No pets are cars|No plants are cars,valid
blood_relation,Rohit is Sneha's son. Sneha is Suresh's daughter. How is Rohit related to Suresh?,Rohit|son|Sneha;Sneha|daughter|Suresh,grandson
direction_sense,"Riya walks 4km north, then 10km north, then 5km east. How far is Riya from the starting point?",4km north;10km north;5km east,14.87
coding_decoding,"If CAT is coded as DBU, how is BAT coded?",CAT->DBU;BAT->?,CBU
syllogism,Statement 1: Some vehicles are flowers. Statement 2: Some flowers are cars. Conclusion: Some vehicles are cars. Is the conclusion valid?,Some vehicles are flowers|Some flowers are cars|Some vehicles are cars,invalid
blood_relation,Sneha is Suresh's father. Suresh is Nikhil's father. How is Sneha related to Nikhil?,Sneha|father|Suresh;Suresh|father|Nikhil,grandfather
direction_sense,"Rohit walks 4km north, then 8km south, then 8km west. How far is Rohit from the starting point?",4km north;8km south;8km west,8.94
coding_decoding,"If MAP is coded as OCR, how is LOG coded?",MAP->OCR;LOG->?,NQI
syllogism,Statement 1: All birds are dogs. Statement 2: All dogs are plants. Conclusion: All birds are plants. Is the conclusion valid?,All birds are dogs|All dogs are plants|All birds are plants,valid
blood_relation,Riya is Meera's daughter. Meera is Amit's son. How is Riya related to Amit?,Riya|daughter|Meera;Meera|son|Amit,granddaughter
direction_sense,"Riya walks 4km north, then 2km west, then 3km south. How far is Riya from the starting point?",4km north;2km west;3km south,2.24
coding_decoding,"If CUP is coded as DVQ, how is KEY coded?",CUP->DVQ;KEY->?,LFZ
syllogism,Statement 1: All pets are cats. Statement 2: No cats are vehicles. Conclusion: No pets are vehicles. Is the conclusion valid?,All pets are cats|No cats are vehicles|No pets are vehicles,valid
blood_relation,Meera is Nikhil's mother. Nikhil is Anjali's father. How is Meera related to Anjali?,Meera|mother|Nikhil;Nikhil|father|Anjali,grandmother
direction_sense,"Pooja walks 8km east, then 7km west, then 2km north. How far is Pooja from the starting point?",8km east;7km west;2km north,2.24
coding_decoding,"If DOG is coded as ITL, how is RUN coded?",DOG->ITL;RUN->?,WZS
syllogism,Statement 1: Some fruits are mammals. Statement 2: All mammals are dogs. Conclusion: Some fruits are dogs. Is the conclusion valid?,Some fruits are mammals|All mammals are dogs|Some fruits are dogs,valid
blood_relation,Pooja is Karan's son. Karan is Anjali's daughter. How is Pooja related to Anjali?,Pooja|son|Karan;Karan|daughter|Anjali,grandson
direction_sense,"Arjun walks 6km east, then 10km south, then 7km south. How far is Arjun from the starting point?",6km east;10km south;7km south,18.03
coding_decoding,"If BAT is coded as CBU, how is JAM coded?",BAT->CBU;JAM->?,KBN
syllogism,Statement 1: Some fruits are vehicles. Statement 2: All vehicles are cars. Conclusion: Some fruits are cars. Is the conclusion valid?,Some fruits are vehicles|All vehicles are cars|Some fruits are cars,valid
blood_relation,Pooja is Manoj's father. Manoj is Divya's mother. How is Pooja related to Divya?,Pooja|father|Manoj;Manoj|mother|Divya,grandfather
direction_sense,"Amit walks 9km west, then 7km north, then 9km east. How far is Amit from the starting point?",9km west;7km north;9km east,7.0
coding_decoding,"If CUP is coded as DVQ, how is KEY coded?",CUP->DVQ;KEY->?,LFZ
syllogism,Statement 1: Some plants are mammals. Statement 2: Some mammals are birds. Conclusion: Some plants are birds. Is the conclusion valid?,Some plants are mammals|Some mammals are birds|Some plants are birds,invalid
blood_relation,Amit is Vikram's daughter. Vikram is Priya's son. How is Amit related to Priya?,Amit|daughter|Vikram;Vikram|son|Priya,granddaughter
direction_sense,"Pooja walks 4km east, then 5km east, then 9km south. How far is Pooja from the starting point?",4km east;5km east;9km south,12.73
coding_decoding,"If PEN is coded as RGP, how is TOP coded?",PEN->RGP;TOP->?,VQR
syllogism,Statement 1: All foods are birds. Statement 2: All birds are pets. Conclusion: All foods are pets. Is the conclusion valid?,All foods are birds|All birds are pets|All foods are pets,valid
blood_relation,Amit is Kavya's father. Kavya is Meera's mother. How is Amit related to Meera?,Amit|father|Kavya;Kavya|mother|Meera,grandfather
direction_sense,"Kavya walks 8km south, then 7km north, then 5km north. How far is Kavya from the starting point?",8km south;7km north;5km north,4.0
coding_decoding,"If PEN is coded as QFO, how is BAT coded?",PEN->QFO;BAT->?,CBU
syllogism,Statement 1: All fruits are cars. Statement 2: All cars are dogs. Conclusion: All fruits are dogs. Is the conclusion valid?,All fruits are cars|All cars are dogs|All fruits are dogs,valid
blood_relation,Meera is Karan's father. Karan is Sneha's mother. How is Meera related to Sneha?,Meera|father|Karan;Karan|mother|Sneha,grandfather
direction_sense,"Nikhil walks 9km north, then 10km east, then 2km north. How far is Nikhil from the starting point?",9km north;10km east;2km north,14.87
coding_decoding,"If SUN is coded as TVO, how is BOX coded?",SUN->TVO;BOX->?,CPY
syllogism,Statement 1: All animals are cats. Statement 2: No cats are foods. Conclusion: No animals are foods. Is the conclusion valid?,All animals are cats|No cats are foods|No animals are foods,valid
blood_relation,Karan is Vikram's mother. Vikram is Meera's mother. How is Karan related to Meera?,Karan|mother|Vikram;Vikram|mother|Meera,grandmother
direction_sense,"Meera walks 9km north, then 10km north, then 5km east. How far is Meera from the starting point?",9km north;10km north;5km east,19.65
coding_decoding,"If MAP is coded as QET, how is RUN coded?",MAP->QET;RUN->?,VYR
syllogism,Statement 1: All pets are foods. Statement 2: No foods are birds. Conclusion: No pets are birds. Is the conclusion valid?,All pets are foods|No foods are birds|No pets are birds,valid
blood_relation,Sneha is Nikhil's mother. Nikhil is Anjali's father. How is Sneha related to Anjali?,Sneha|mother|Nikhil;Nikhil|father|Anjali,grandmother
direction_sense,"Rohit walks 2km south, then 3km north. How far is Rohit from the starting point?",2km south;3km north,1.0
coding_decoding,"If SUN is coded as XZS, how is RUN coded?",SUN->XZS;RUN->?,WZS
syllogism,Statement 1: All flowers are pets. Statement 2: No pets are foods. Conclusion: No flowers are foods. Is the conclusion valid?,All flowers are pets|No pets are foods|No flowers are foods,valid
blood_relation,Manoj is Suresh's father. Suresh is Meera's mother. How is Manoj related to Meera?,Manoj|father|Suresh;Suresh|mother|Meera,grandfather
direction_sense,"Manoj walks 9km north, then 8km west, then 4km west. How far is Manoj from the starting point?",9km north;8km west;4km west,15.0
coding_decoding,"If FAN is coded as IDQ, how is RUN coded?",FAN->IDQ;RUN->?,UXQ
syllogism,Statement 1: Some vehicles are plants. Statement 2: All plants are dogs. Conclusion: Some vehicles are dogs. Is the conclusion valid?,Some vehicles are plants|All plants are dogs|Some vehicles are dogs,valid
blood_relation,Kavya is Nikhil's daughter. Nikhil is Manoj's son. How is Kavya related to Manoj?,Kavya|daughter|Nikhil;Nikhil|son|Manoj,granddaughter
direction_sense,"Karan walks 7km west, then 10km east, then 3km north. How far is Karan from the starting point?",7km west;10km east;3km north,4.24
coding_decoding,"If CAT is coded as GEX, how is BOX coded?",CAT->GEX;BOX->?,FSB
syllogism,Statement 1: No vehicles are fruits. Statement 2: Some fruits are animals. Conclusion: Some animals are not vehicles. Is the conclusion valid?,No vehicles are fruits|Some fruits are animals|Some animals are not vehicles,valid
blood_relation,Priya is Nikhil's father. Nikhil is Sneha's mother. How is Priya related to Sneha?,Priya|father|Nikhil;Nikhil|mother|Sneha,grandfather
direction_sense,"Sneha walks 5km east, then 3km north. How far is Sneha from the starting point?",5km east;3km north,5.83
coding_decoding,"If BAT is coded as CBU, how is RUN coded?",BAT->CBU;RUN->?,SVO
syllogism,Statement 1: All pets are plants. Statement 2: No plants are dogs. Conclusion: No pets are dogs. Is the conclusion valid?,All pets are plants|No plants are dogs|No pets are dogs,valid
blood_relation,Suresh is Priya's father. Priya is Vikram's father. How is Suresh related to Vikram?,Suresh|father|Priya;Priya|father|Vikram,grandfather
direction_sense,"Riya walks 5km west, then 4km west. How far is Riya from the starting point?",5km west;4km west,9.0
coding_decoding,"If FAN is coded as JER, how is RUN coded?",FAN->JER;RUN->?,VYR
syllogism,Statement 1: Some foods are flowers. Statement 2: Some flowers are dogs. Conclusion: Some foods are dogs. Is the conclusion valid?,Some foods are flowers|Some flowers are dogs|Some foods are dogs,invalid
blood_relation,Karan is Arjun's son. Arjun is Sneha's son. How is Karan related to Sneha?,Karan|son|Arjun;Arjun|son|Sneha,grandson
direction_sense,"Riya walks 8km north, then 3km west. How far is Riya from the starting point?",8km north;3km west,8.54
coding_decoding,"If CAT is coded as ECV, how is BOX coded?",CAT->ECV;BOX->?,DQZ
syllogism,Statement 1: All birds are foods. Statement 2: All foods are cats. Conclusion: All birds are cats. Is the conclusion valid?,All birds are foods|All foods are cats|All birds are cats,valid
blood_relation,Pooja is Kavya's mother. Kavya is Karan's father. How is Pooja related to Karan?,Pooja|mother|Kavya;Kavya|father|Karan,grandmother
direction_sense,"Kavya walks 7km west, then 3km north, then 4km west. How far is Kavya from the starting point?",7km west;3km north;4km west,11.4
coding_decoding,"If PEN is coded as TIR, how is RUN coded?",PEN->TIR;RUN->?,VYR
syllogism,Statement 1: Some dogs are flowers. Statement 2: All flowers are birds. Conclusion: Some dogs are birds. Is the conclusion valid?,Some dogs are flowers|All flowers are birds|Some dogs are birds,valid
blood_relation,Sneha is Riya's mother. Riya is Vikram's mother. How is Sneha related to Vikram?,Sneha|mother|Riya;Riya|mother|Vikram,grandmother
direction_sense,"Riya walks 9km north, then 7km south, then 9km south. How far is Riya from the starting point?",9km north;7km south;9km south,7.0
coding_decoding,"If BAT is coded as CBU, how is KEY coded?",BAT->CBU;KEY->?,LFZ
syllogism,Statement 1: All fruits are flowers. Statement 2: No flowers are mammals. Conclusion: No fruits are mammals. Is the conclusion valid?,All fruits are flowers|No flowers are mammals|No fruits are mammals,valid
blood_relation,Rohit is Vikram's father. Vikram is Meera's father. How is Rohit related to Meera?,Rohit|father|Vikram;Vikram|father|Meera,grandfather
direction_sense,"Sneha walks 7km west, then 4km south, then 7km west. How far is Sneha from the starting point?",7km west;4km south;7km west,14.56
coding_decoding,"If PEN is coded as TIR, how is RUN coded?",PEN->TIR;RUN->?,VYR
syllogism,Statement 1: No flowers are birds. Statement 2: Some birds are foods. Conclusion: Some foods are not flowers. Is the conclusion valid?,No flowers are birds|Some birds are foods|Some foods are not flowers,valid
blood_relation,Anjali is Suresh's daughter. Suresh is Amit's daughter. How is Anjali related to Amit?,Anjali|daughter|Suresh;Suresh|daughter|Amit,granddaughter
direction_sense,"Priya walks 6km east, then 3km east. How far is Priya from the starting point?",6km east;3km east,9.0
coding_decoding,"If MAP is coded as RFU, how is KEY coded?",MAP->RFU;KEY->?,PJD
syllogism,Statement 1: No dogs are vehicles. Statement 2: Some vehicles are animals. Conclusion: Some animals are not dogs. Is the conclusion valid?,No dogs are vehicles|Some vehicles are animals|Some animals are not dogs,valid
blood_relation,Karan is Manoj's son. Manoj is Meera's daughter. How is Karan related to Meera?,Karan|son|Manoj;Manoj|daughter|Meera,grandson
direction_sense,"Riya walks 10km north, then 5km north, then 2km south. How far is Riya from the starting point?",10km north;5km north;2km south,13.0
coding_decoding,"If BAT is coded as DCV, how is JAM coded?",BAT->DCV;JAM->?,LCO
syllogism,Statement 1: All vehicles are birds. Statement 2: No birds are cars. Conclusion: No vehicles are cars. Is the conclusion valid?,All vehicles are birds|No birds are cars|No vehicles are cars,valid
blood_relation,Priya is Manoj's father. Manoj is Karan's mother. How is Priya related to Karan?,Priya|father|Manoj;Manoj|mother|Karan,grandfather
direction_sense,"Rohit walks 9km east, then 2km south. How far is Rohit from the starting point?",9km east;2km south,9.22
coding_decoding,"If SUN is coded as UWP, how is BAT coded?",SUN->UWP;BAT->?,DCV
syllogism,Statement 1: No foods are cars. Statement 2: Some cars are plants. Conclusion: Some plants are not foods. Is the conclusion valid?,No foods are cars|Some cars are plants|Some plants are not foods,valid
blood_relation,Amit is Rohit's daughter. Rohit is Priya's daughter. How is Amit related to Priya?,Amit|daughter|Rohit;Rohit|daughter|Priya,granddaughter
direction_sense,"Kavya walks 3km north, then 10km west, then 8km north. How far is Kavya from the starting point?",3km north;10km west;8km north,14.87
coding_decoding,"If MAP is coded as NBQ, how is JAM coded?",MAP->NBQ;JAM->?,KBN
syllogism,Statement 1: Some dogs are vehicles. Statement 2: Some vehicles are mammals. Conclusion: Some dogs are mammals. Is the conclusion valid?,Some dogs are vehicles|Some vehicles are mammals|Some dogs are mammals,invalid
blood_relation,Arjun is Manoj's father. Manoj is Sneha's father. How is Arjun related to Sneha?,Arjun|father|Manoj;Manoj|father|Sneha,grandfather
direction_sense,"Karan walks 5km west, then 4km south. How far is Karan from the starting point?",5km west;4km south,6.4
coding_decoding,"If SUN is coded as XZS, how is JAM coded?",SUN->XZS;JAM->?,OFR
syllogism,Statement 1: No cats are flowers. Statement 2: Some flowers are dogs. Conclusion: Some dogs are not cats. Is the conclusion valid?,No cats are flowers|Some flowers are dogs|Some dogs are not cats,valid
blood_relation,Karan is Amit's father. Amit is Manoj's father. How is Karan related to Manoj?,Karan|father|Amit;Amit|father|Manoj,grandfather
direction_sense,"Karan walks 7km east, then 3km north. How far is Karan from the starting point?",7km east;3km north,7.62
coding_decoding,"If CAT is coded as DBU, how is BOX coded?",CAT->DBU;BOX->?,CPY
syllogism,Statement 1: All birds are foods. Statement 2: All foods are animals. Conclusion: All birds are animals. Is the conclusion valid?,All birds are foods|All foods are animals|All birds are animals,valid
blood_relation,Vikram is Riya's son. Riya is Manoj's daughter. How is Vikram related to Manoj?,Vikram|son|Riya;Riya|daughter|Manoj,grandson
direction_sense,"Meera walks 9km east, then 2km east. How far is Meera from the starting point?",9km east;2km east,11.0
coding_decoding,"If FAN is coded as GBO, how is JAM coded?",FAN->GBO;JAM->?,KBN
syllogism,Statement 1: All pets are cars. Statement 2: All cars are mammals. Conclusion: All pets are mammals. Is the conclusion valid?,All pets are cars|All cars are mammals|All pets are mammals,valid
blood_relation,Kavya is Vikram's mother. Vikram is Pooja's mother. How is Kavya related to Pooja?,Kavya|mother|Vikram;Vikram|mother|Pooja,grandmother
direction_sense,"Arjun walks 7km north, then 6km west, then 4km south. How far is Arjun from the starting point?",7km north;6km west;4km south,6.71
coding_decoding,"If CAT is coded as ECV, how is TOP coded?",CAT->ECV;TOP->?,VQR
syllogism,Statement 1: Some mammals are birds. Statement 2: All birds are flowers. Conclusion: Some mammals are flowers. Is the conclusion valid?,Some mammals are birds|All birds are flowers|Some mammals are flowers,valid
blood_relation,Sneha is Kavya's son. Kavya is Divya's daughter. How is Sneha related to Divya?,Sneha|son|Kavya;Kavya|daughter|Divya,grandson
direction_sense,"Manoj walks 10km east, then 5km west. How far is Manoj from the starting point?",10km east;5km west,5.0
coding_decoding,"If CAT is coded as DBU, how is TOP coded?",CAT->DBU;TOP->?,UPQ
syllogism,Statement 1: Some cars are foods. Statement 2: Some foods are flowers. Conclusion: Some cars are flowers. Is the conclusion valid?,Some cars are foods|Some foods are flowers|Some cars are flowers,invalid
blood_relation,Rohit is Anjali's son. Anjali is Priya's daughter. How is Rohit related to Priya?,Rohit|son|Anjali;Anjali|daughter|Priya,grandson
direction_sense,"Amit walks 7km east, then 4km north, then 7km west. How far is Amit from the starting point?",7km east;4km north;7km west,4.0
coding_decoding,"If CAT is coded as HFY, how is KEY coded?",CAT->HFY;KEY->?,PJD
syllogism,Statement 1: Some fruits are flowers. Statement 2: Some flowers are foods. Conclusion: Some fruits are foods. Is the conclusion valid?,Some fruits are flowers|Some flowers are foods|Some fruits are foods,invalid
blood_relation,Nikhil is Priya's mother. Priya is Suresh's mother. How is Nikhil related to Suresh?,Nikhil|mother|Priya;Priya|mother|Suresh,grandmother
direction_sense,"Amit walks 10km east, then 3km west, then 7km south. How far is Amit from the starting point?",10km east;3km west;7km south,9.9
coding_decoding,"If PEN is coded as TIR, how is BOX coded?",PEN->TIR;BOX->?,FSB
syllogism,Statement 1: No flowers are birds. Statement 2: Some birds are foods. Conclusion: Some foods are not flowers. Is the conclusion valid?,No flowers are birds|Some birds are foods|Some foods are not flowers,valid
blood_relation,Pooja is Suresh's father. Suresh is Arjun's father. How is Pooja related to Arjun?,Pooja|father|Suresh;Suresh|father|Arjun,grandfather
direction_sense,"Priya walks 8km north, then 3km north. How far is Priya from the starting point?",8km north;3km north,11.0
coding_decoding,"If CAT is coded as HFY, how is TOP coded?",CAT->HFY;TOP->?,YTU
syllogism,Statement 1: All flowers are plants. Statement 2: No plants are vehicles. Conclusion: No flowers are vehicles. Is the conclusion valid?,All flowers are plants|No plants are vehicles|No flowers are vehicles,valid
blood_relation,Manoj is Nikhil's mother. Nikhil is Sneha's father. How is Manoj related to Sneha?,Manoj|mother|Nikhil;Nikhil|father|Sneha,grandmother
direction_sense,"Arjun walks 5km east, then 6km west. How far is Arjun from the starting point?",5km east;6km west,1.0
coding_decoding,"If PEN is coded as UJS, how is BAT coded?",PEN->UJS;BAT->?,GFY
syllogism,Statement 1: Some vehicles are flowers. Statement 2: All flowers are cats. Conclusion: Some vehicles are cats. Is the conclusion valid?,Some vehicles are flowers|All flowers are cats|Some vehicles are cats,valid
blood_relation,Divya is Manoj's mother. Manoj is Suresh's mother. How is Divya related to Suresh?,Divya|mother|Manoj;Manoj|mother|Suresh,grandmother
direction_sense,"Karan walks 7km south, then 6km north, then 8km west. How far is Karan from the starting point?",7km south;6km north;8km west,8.06
coding_decoding,"If BAT is coded as EDW, how is JAM coded?",BAT->EDW;JAM->?,MDP
syllogism,Statement 1: No animals are pets. Statement 2: Some pets are cats. Conclusion: Some cats are not animals. Is the conclusion valid?,No animals are pets|Some pets are cats|Some cats are not animals,valid
blood_relation,Karan is Amit's son. Amit is Manoj's daughter. How is Karan related to Manoj?,Karan|son|Amit;Amit|daughter|Manoj,grandson
direction_sense,"Arjun walks 2km west, then 2km south, then 3km north. How far is Arjun from the starting point?",2km west;2km south;3km north,2.24
coding_decoding,"If MAP is coded as RFU, how is BOX coded?",MAP->RFU;BOX->?,GTC
syllogism,Statement 1: All dogs are foods. Statement 2: No foods are plants. Conclusion: No dogs are plants. Is the conclusion valid?,All dogs are foods|No foods are plants|No dogs are plants,valid
blood_relation,Karan is Divya's father. Divya is Pooja's mother. How is Karan related to Pooja?,Karan|father|Divya;Divya|mother|Pooja,grandfather
direction_sense,"Pooja walks 7km east, then 7km west. How far is Pooja from the starting point?",7km east;7km west,0.0
coding_decoding,"If CAT is coded as FDW, how is TOP coded?",CAT->FDW;TOP->?,WRS
syllogism,Statement 1: All fruits are dogs. Statement 2: No dogs are vehicles. Conclusion: No fruits are vehicles. Is the conclusion valid?,All fruits are dogs|No dogs are vehicles|No fruits are vehicles,valid
blood_relation,Priya is Divya's father. Divya is Rohit's father. How is Priya related to Rohit?,Priya|father|Divya;Divya|father|Rohit,grandfather
direction_sense,"Manoj walks 8km west, then 2km west. How far is Manoj from the starting point?",8km west;2km west,10.0
coding_decoding,"If CUP is coded as GYT, how is BOX coded?",CUP->GYT;BOX->?,FSB
syllogism,Statement 1: Some cats are fruits. Statement 2: All fruits are mammals. Conclusion: Some cats are mammals. Is the conclusion valid?,Some cats are fruits|All fruits are mammals|Some cats are mammals,valid
blood_relation,Vikram is Sneha's father. Sneha is Karan's mother. How is Vikram related to Karan?,Vikram|father|Sneha;Sneha|mother|Karan,grandfather
direction_sense,"Amit walks 3km east, then 3km north, then 5km west. How far is Amit from the starting point?",3km east;3km north;5km west,3.61
coding_decoding,"If FAN is coded as JER, how is BAT coded?",FAN->JER;BAT->?,FEX
syllogism,Statement 1: All flowers are fruits. Statement 2: All fruits are plants. Conclusion: All flowers are plants. Is the conclusion valid?,All flowers are fruits|All fruits are plants|All flowers are plants,valid
blood_relation,Meera is Vikram's father. Vikram is Kavya's father. How is Meera related to Kavya?,Meera|father|Vikram;Vikram|father|Kavya,grandfather
direction_sense,"Anjali walks 5km south, then 8km north. How far is Anjali from the starting point?",5km south;8km north,3.0
coding_decoding,"If PEN is coded as UJS, how is RUN coded?",PEN->UJS;RUN->?,WZS
syllogism,Statement 1: No birds are cats. Statement 2: Some cats are plants. Conclusion: Some plants are not birds. Is the conclusion valid?,No birds are cats|Some cats are plants|Some plants are not birds,valid
blood_relation,Anjali is Rohit's father. Rohit is Sneha's father. How is Anjali related to Sneha?,Anjali|father|Rohit;Rohit|father|Sneha,grandfather
direction_sense,"Sneha walks 6km west, then 4km west, then 10km south. How far is Sneha from the starting point?",6km west;4km west;10km south,14.14
coding_decoding,"If PEN is coded as QFO, how is RUN coded?",PEN->QFO;RUN->?,SVO
syllogism,Statement 1: All flowers are cats. Statement 2: No cats are birds. Conclusion: No flowers are birds. Is the conclusion valid?,All flowers are cats|No cats are birds|No flowers are birds,valid
blood_relation,Meera is Pooja's son. Pooja is Amit's son. How is Meera related to Amit?,Meera|son|Pooja;Pooja|son|Amit,grandson
direction_sense,"Pooja walks 9km south, then 4km west, then 2km east. How far is Pooja from the starting point?",9km south;4km west;2km east,9.22
coding_decoding,"If BAT is coded as DCV, how is BAT coded?",BAT->DCV;BAT->?,DCV
syllogism,Statement 1: Some pets are birds. Statement 2: Some birds are fruits. Conclusion: Some pets are fruits. Is the conclusion valid?,Some pets are birds|Some birds are fruits|Some pets are fruits,invalid
blood_relation,Divya is Nikhil's daughter. Nikhil is Kavya's son. How is Divya related to Kavya?,Divya|daughter|Nikhil;Nikhil|son|Kavya,granddaughter
direction_sense,"Anjali walks 9km north, then 7km south, then 8km east. How far is Anjali from the starting point?",9km north;7km south;8km east,8.25
coding_decoding,"If SUN is coded as UWP, how is COW coded?",SUN->UWP;COW->?,EQY
syllogism,Statement 1: Some pets are mammals. Statement 2: All mammals are plants. Conclusion: Some pets are plants. Is the conclusion valid?,Some pets are mammals|All mammals are plants|Some pets are plants,valid
blood_relation,Amit is Arjun's daughter. Arjun is Nikhil's daughter. How is Amit related to Nikhil?,Amit|daughter|Arjun;Arjun|daughter|Nikhil,granddaughter
direction_sense,"Kavya walks 4km east, then 10km east, then 7km north. How far is Kavya from the starting point?",4km east;10km east;7km north,15.65
coding_decoding,"If SUN is coded as XZS, how is RUN coded?",SUN->XZS;RUN->?,WZS
syllogism,Statement 1: All dogs are pets. Statement 2: All pets are flowers. Conclusion: All dogs are flowers. Is the conclusion valid?,All dogs are pets|All pets are flowers|All dogs are flowers,valid
blood_relation,Divya is Priya's daughter. Priya is Meera's daughter. How is Divya related to Meera?,Divya|daughter|Priya;Priya|daughter|Meera,granddaughter
direction_sense,"Arjun walks 6km east, then 5km north, then 10km north. How far is Arjun from the starting point?",6km east;5km north;10km north,16.16
coding_decoding,"If SUN is coded as XZS, how is BAT coded?",SUN->XZS;BAT->?,GFY
syllogism,Statement 1: All flowers are plants. Statement 2: All plants are vehicles. Conclusion: All flowers are vehicles. Is the conclusion valid?,All flowers are plants|All plants are vehicles|All flowers are vehicles,valid
blood_relation,Anjali is Nikhil's daughter. Nikhil is Arjun's son. How is Anjali related to Arjun?,Anjali|daughter|Nikhil;Nikhil|son|Arjun,granddaughter
direction_sense,"Arjun walks 10km north, then 9km east, then 3km north. How far is Arjun from the starting point?",10km north;9km east;3km north,15.81
coding_decoding,"If MAP is coded as QET, how is TOP coded?",MAP->QET;TOP->?,XST
syllogism,Statement 1: All cars are animals. Statement 2: No animals are foods. Conclusion: No cars are foods. Is the conclusion valid?,All cars are animals|No animals are foods|No cars are foods,valid
blood_relation,Vikram is Amit's father. Amit is Anjali's mother. How is Vikram related to Anjali?,Vikram|father|Amit;Amit|mother|Anjali,grandfather
direction_sense,"Priya walks 4km north, then 6km east, then 3km south. How far is Priya from the starting point?",4km north;6km east;3km south,6.08
coding_decoding,"If FAN is coded as KFS, how is TOP coded?",FAN->KFS;TOP->?,YTU
syllogism,Statement 1: No animals are pets. Statement 2: Some pets are flowers. Conclusion: Some flowers are not animals. Is the conclusion valid?,No animals are pets|Some pets are flowers|Some flowers are not animals,valid
blood_relation,Rohit is Anjali's son. Anjali is Divya's son. How is Rohit related to Divya?,Rohit|son|Anjali;Anjali|son|Divya,grandson
direction_sense,"Amit walks 7km west, then 10km south, then 2km south. How far is Amit from the starting point?",7km west;10km south;2km south,13.89
coding_decoding,"If FAN is coded as GBO, how is JAM coded?",FAN->GBO;JAM->?,KBN
syllogism,Statement 1: All foods are mammals. Statement 2: All mammals are fruits. Conclusion: All foods are fruits. Is the conclusion valid?,All foods are mammals|All mammals are fruits|All foods are fruits,valid
blood_relation,Vikram is Priya's son. Priya is Manoj's son. How is Vikram related to Manoj?,Vikram|son|Priya;Priya|son|Manoj,grandson
direction_sense,"Amit walks 9km west, then 7km north. How far is Amit from the starting point?",9km west;7km north,11.4
coding_decoding,"If MAP is coded as NBQ, how is LOG coded?",MAP->NBQ;LOG->?,MPH
syllogism,Statement 1: All mammals are flowers. Statement 2: All flowers are cats. Conclusion: All mammals are cats. Is the conclusion valid?,All mammals are flowers|All flowers are cats|All mammals are cats,valid
blood_relation,Anjali is Riya's father. Riya is Nikhil's mother. How is Anjali related to Nikhil?,Anjali|father|Riya;Riya|mother|Nikhil,grandfather
direction_sense,"Suresh walks 6km east, then 2km west. How far is Suresh from the starting point?",6km east;2km west,4.0
coding_decoding,"If FAN is coded as GBO, how is JAM coded?",FAN->GBO;JAM->?,KBN
syllogism,Statement 1: All foods are pets. Statement 2: All pets are animals. Conclusion: All foods are animals. Is the conclusion valid?,All foods are pets|All pets are animals|All foods are animals,valid
blood_relation,Amit is Vikram's mother. Vikram is Anjali's mother. How is Amit related to Anjali?,Amit|mother|Vikram;Vikram|mother|Anjali,grandmother
direction_sense,"Pooja walks 9km south, then 8km east. How far is Pooja from the starting point?",9km south;8km east,12.04
coding_decoding,"If CUP is coded as FXS, how is BAT coded?",CUP->FXS;BAT->?,EDW
syllogism,Statement 1: All flowers are fruits. Statement 2: No fruits are foods. Conclusion: No flowers are foods. Is the conclusion valid?,All flowers are fruits|No fruits are foods|No flowers are foods,valid
blood_relation,Rohit is Riya's son. Riya is Anjali's son. How is Rohit related to Anjali?,Rohit|son|Riya;Riya|son|Anjali,grandson
direction_sense,"Sneha walks 6km east, then 6km north, then 3km south. How far is Sneha from the starting point?",6km east;6km north;3km south,6.71
coding_decoding,"If MAP is coded as QET, how is JAM coded?",MAP->QET;JAM->?,NEQ
syllogism,Statement 1: Some dogs are animals. Statement 2: All animals are pets. Conclusion: Some dogs are pets. Is the conclusion valid?,Some dogs are animals|All animals are pets|Some dogs are pets,valid
blood_relation,Meera is Priya's mother. Priya is Pooja's father. How is Meera related to Pooja?,Meera|mother|Priya;Priya|father|Pooja,grandmother
direction_sense,"Priya walks 8km west, then 3km east, then 9km west. How far is Priya from the starting point?",8km west;3km east;9km west,14.0
coding_decoding,"If CAT is coded as DBU, how is TOP coded?",CAT->DBU;TOP->?,UPQ
syllogism,Statement 1: All birds are cars. Statement 2: No cars are animals. Conclusion: No birds are animals. Is the conclusion valid?,All birds are cars|No cars are animals|No birds are animals,valid
blood_relation,Karan is Amit's mother. Amit is Kavya's mother. How is Karan related to Kavya?,Karan|mother|Amit;Amit|mother|Kavya,grandmother
direction_sense,"Suresh walks 9km east, then 9km south, then 2km west. How far is Suresh from the starting point?",9km east;9km south;2km west,11.4
coding_decoding,"If FAN is coded as KFS, how is JAM coded?",FAN->KFS;JAM->?,OFR
syllogism,Statement 1: All cats are birds. Statement 2: All birds are animals. Conclusion: All cats are animals. Is the conclusion valid?,All cats are birds|All birds are animals|All cats are animals,valid
blood_relation,Nikhil is Priya's father. Priya is Rohit's father. How is Nikhil related to Rohit?,Nikhil|father|Priya;Priya|father|Rohit,grandfather
direction_sense,"Nikhil walks 8km west, then 5km south. How far is Nikhil from the starting point?",8km west;5km south,9.43
coding_decoding,"If DOG is coded as HSK, how is LOG coded?",DOG->HSK;LOG->?,PSK
syllogism,Statement 1: Some foods are plants. Statement 2: Some plants are mammals. Conclusion: Some foods are mammals. Is the conclusion valid?,Some foods are plants|Some plants are mammals|Some foods are mammals,invalid
blood_relation,Manoj is Anjali's mother. Anjali is Riya's father. How is Manoj related to Riya?,Manoj|mother|Anjali;Anjali|father|Riya,grandmother
direction_sense,"Vikram walks 10km south, then 3km north. How far is Vikram from the starting point?",10km south;3km north,7.0
coding_decoding,"If MAP is coded as PDS, how is BAT coded?",MAP->PDS;BAT->?,EDW
syllogism,Statement 1: No plants are mammals. Statement 2: Some mammals are dogs. Conclusion: Some dogs are not plants. Is the conclusion valid?,No plants are mammals|Some mammals are dogs|Some dogs are not plants,valid
blood_relation,Kavya is Karan's father. Karan is Arjun's mother. How is Kavya related to Arjun?,Kavya|father|Karan;Karan|mother|Arjun,grandfather
direction_sense,"Anjali walks 10km west, then 6km west, then 7km east. How far is Anjali from the starting point?",10km west;6km west;7km east,9.0
coding_decoding,"If CAT is coded as FDW, how is LOG coded?",CAT->FDW;LOG->?,ORJ
syllogism,Statement 1: All flowers are pets. Statement 2: All pets are animals. Conclusion: All flowers are animals. Is the conclusion valid?,All flowers are pets|All pets are animals|All flowers are animals,valid
blood_relation,Suresh is Anjali's son. Anjali is Kavya's daughter. How is Suresh related to Kavya?,Suresh|son|Anjali;Anjali|daughter|Kavya,grandson
direction_sense,"Arjun walks 10km north, then 4km north, then 10km south. How far is Arjun from the starting point?",10km north;4km north;10km south,4.0
coding_decoding,"If DOG is coded as EPH, how is KEY coded?",DOG->EPH;KEY->?,LFZ
syllogism,Statement 1: All cars are fruits. Statement 2: All fruits are mammals. Conclusion: All cars are mammals. Is the conclusion valid?,All cars are fruits|All fruits are mammals|All cars are mammals,valid
blood_relation,Priya is Meera's daughter. Meera is Sneha's son. How is Priya related to Sneha?,Priya|daughter|Meera;Meera|son|Sneha,granddaughter
direction_sense,"Pooja walks 7km west, then 3km east, then 8km west. How far is Pooja from the starting point?",7km west;3km east;8km west,12.0
coding_decoding,"If CAT is coded as ECV, how is RUN coded?",CAT->ECV;RUN->?,TWP
syllogism,Statement 1: Some mammals are pets. Statement 2: Some pets are cars. Conclusion: Some mammals are cars. Is the conclusion valid?,Some mammals are pets|Some pets are cars|Some mammals are cars,invalid
blood_relation,Divya is Rohit's son. Rohit is Kavya's daughter. How is Divya related to Kavya?,Divya|son|Rohit;Rohit|daughter|Kavya,grandson
direction_sense,"Karan walks 4km east, then 2km west. How far is Karan from the starting point?",4km east;2km west,2.0
coding_decoding,"If PEN is coded as SHQ, how is BOX coded?",PEN->SHQ;BOX->?,ERA
syllogism,Statement 1: All mammals are birds. Statement 2: No birds are flowers. Conclusion: No mammals are flowers. Is the conclusion valid?,All mammals are birds|No birds are flowers|No mammals are flowers,valid
blood_relation,Pooja is Anjali's father. Anjali is Rohit's mother. How is Pooja related to Rohit?,Pooja|father|Anjali;Anjali|mother|Rohit,grandfather
direction_sense,"Anjali walks 4km east, then 10km north. How far is Anjali from the starting point?",4km east;10km north,10.77
coding_decoding,"If CAT is coded as FDW, how is BAT coded?",CAT->FDW;BAT->?,EDW
syllogism,Statement 1: All flowers are foods. Statement 2: No foods are birds. Conclusion: No flowers are birds. Is the conclusion valid?,All flowers are foods|No foods are birds|No flowers are birds,valid
blood_relation,Manoj is Riya's mother. Riya is Nikhil's mother. How is Manoj related to Nikhil?,Manoj|mother|Riya;Riya|mother|Nikhil,grandmother
direction_sense,"Anjali walks 6km south, then 3km east, then 3km east. How far is Anjali from the starting point?",6km south;3km east;3km east,8.49
coding_decoding,"If FAN is coded as JER, how is RUN coded?",FAN->JER;RUN->?,VYR
syllogism,Statement 1: Some foods are flowers. Statement 2: All flowers are plants. Conclusion: Some foods are plants. Is the conclusion valid?,Some foods are flowers|All flowers are plants|Some foods are plants,valid
blood_relation,Meera is Arjun's father. Arjun is Divya's father. How is Meera related to Divya?,Meera|father|Arjun;Arjun|father|Divya,grandfather
direction_sense,"Vikram walks 9km south, then 10km south. How far is Vikram from the starting point?",9km south;10km south,19.0
coding_decoding,"If MAP is coded as RFU, how is JAM coded?",MAP->RFU;JAM->?,OFR
syllogism,Statement 1: Some foods are plants. Statement 2: Some plants are dogs. Conclusion: Some foods are dogs. Is the conclusion valid?,Some foods are plants|Some plants are dogs|Some foods are dogs,invalid
blood_relation,Sneha is Riya's son. Riya is Arjun's son. How is Sneha related to Arjun?,Sneha|son|Riya;Riya|son|Arjun,grandson
direction_sense,"Manoj walks 7km south, then 9km south, then 6km south. How far is Manoj from the starting point?",7km south;9km south;6km south,22.0
coding_decoding,"If BAT is coded as CBU, how is JAM coded?",BAT->CBU;JAM->?,KBN
syllogism,Statement 1: All fruits are pets. Statement 2: All pets are animals. Conclusion: All fruits are animals. Is the conclusion valid?,All fruits are pets|All pets are animals|All fruits are animals,valid
blood_relation,Divya is Anjali's daughter. Anjali is Riya's son. How is Divya related to Riya?,Divya|daughter|Anjali;Anjali|son|Riya,granddaughter
direction_sense,"Kavya walks 9km south, then 3km west, then 6km east. How far is Kavya from the starting point?",9km south;3km west;6km east,9.49
coding_decoding,"If PEN is coded as TIR, how is COW coded?",PEN->TIR;COW->?,GSA
syllogism,Statement 1: All mammals are pets. Statement 2: All pets are flowers. Conclusion: All mammals are flowers. Is the conclusion valid?,All mammals are pets|All pets are flowers|All mammals are flowers,valid
blood_relation,Rohit is Anjali's daughter. Anjali is Sneha's daughter. How is Rohit related to Sneha?,Rohit|daughter|Anjali;Anjali|daughter|Sneha,granddaughter
direction_sense,"Riya walks 8km south, then 2km south. How far is Riya from the starting point?",8km south;2km south,10.0
coding_decoding,"If SUN is coded as WYR, how is BOX coded?",SUN->WYR;BOX->?,FSB
syllogism,Statement 1: All cats are fruits. Statement 2: All fruits are birds. Conclusion: All cats are birds. Is the conclusion valid?,All cats are fruits|All fruits are birds|All cats are birds,valid
blood_relation,Amit is Riya's father. Riya is Vikram's father. How is Amit related to Vikram?,Amit|father|Riya;Riya|father|Vikram,grandfather
direction_sense,"Riya walks 3km north, then 7km south, then 3km west. How far is Riya from the starting point?",3km north;7km south;3km west,5.0
coding_decoding,"If BAT is coded as CBU, how is JAM coded?",BAT->CBU;JAM->?,KBN
syllogism,Statement 1: All cats are animals. Statement 2: No animals are vehicles. Conclusion: No cats are vehicles. Is the conclusion valid?,All cats are animals|No animals are vehicles|No cats are vehicles,valid
blood_relation,Manoj is Pooja's mother. Pooja is Vikram's mother. How is Manoj related to Vikram?,Manoj|mother|Pooja;Pooja|mother|Vikram,grandmother
direction_sense,"Nikhil walks 6km west, then 2km east, then 8km north. How far is Nikhil from the starting point?",6km west;2km east;8km north,8.94
coding_decoding,"If SUN is coded as TVO, how is JAM coded?",SUN->TVO;JAM->?,KBN
syllogism,Statement 1: Some fruits are vehicles. Statement 2: All vehicles are plants. Conclusion: Some fruits are plants. Is the conclusion valid?,Some fruits are vehicles|All vehicles are plants|Some fruits are plants,valid
blood_relation,Riya is Anjali's mother. Anjali is Karan's father. How is Riya related to Karan?,Riya|mother|Anjali;Anjali|father|Karan,grandmother
direction_sense,"Rohit walks 4km east, then 10km north. How far is Rohit from the starting point?",4km east;10km north,10.77
coding_decoding,"If DOG is coded as HSK, how is BAT coded?",DOG->HSK;BAT->?,FEX
syllogism,Statement 1: No foods are dogs. Statement 2: Some dogs are animals. Conclusion: Some animals are not foods. Is the conclusion valid?,No foods are dogs|Some dogs are animals|Some animals are not foods,valid
blood_relation,Nikhil is Divya's daughter. Divya is Anjali's daughter. How is Nikhil related to Anjali?,Nikhil|daughter|Divya;Divya|daughter|Anjali,granddaughter
direction_sense,"Kavya walks 10km east, then 4km east. How far is Kavya from the starting point?",10km east;4km east,14.0
coding_decoding,"If CAT is coded as FDW, how is RUN coded?",CAT->FDW;RUN->?,UXQ
syllogism,Statement 1: All dogs are birds. Statement 2: No birds are fruits. Conclusion: No dogs are fruits. Is the conclusion valid?,All dogs are birds|No birds are fruits|No dogs are fruits,valid
blood_relation,Amit is Kavya's mother. Kavya is Anjali's mother. How is Amit related to Anjali?,Amit|mother|Kavya;Kavya|mother|Anjali,grandmother
direction_sense,"Karan walks 4km south, then 3km west. How far is Karan from the starting point?",4km south;3km west,5.0
coding_decoding,"If BAT is coded as CBU, how is COW coded?",BAT->CBU;COW->?,DPX
syllogism,Statement 1: All dogs are vehicles. Statement 2: No vehicles are birds. Conclusion: No dogs are birds. Is the conclusion valid?,All dogs are vehicles|No vehicles are birds|No dogs are birds,valid
blood_relation,Nikhil is Riya's daughter. Riya is Divya's son. How is Nikhil related to Divya?,Nikhil|daughter|Riya;Riya|son|Divya,granddaughter
direction_sense,"Sneha walks 6km north, then 4km south. How far is Sneha from the starting point?",6km north;4km south,2.0
coding_decoding,"If CAT is coded as FDW, how is JAM coded?",CAT->FDW;JAM->?,MDP
syllogism,Statement 1: No fruits are vehicles. Statement 2: Some vehicles are foods. Conclusion: Some foods are not fruits. Is the conclusion valid?,No fruits are vehicles|Some vehicles are foods|Some foods are not fruits,valid
blood_relation,Riya is Amit's son. Amit is Vikram's son. How is Riya related to Vikram?,Riya|son|Amit;Amit|son|Vikram,grandson
direction_sense,"Anjali walks 6km south, then 9km south. How far is Anjali from the starting point?",6km south;9km south,15.0
coding_decoding,"If FAN is coded as KFS, how is KEY coded?",FAN->KFS;KEY->?,PJD
syllogism,Statement 1: Some dogs are cars. Statement 2: Some cars are birds. Conclusion: Some dogs are birds. Is the conclusion valid?,Some dogs are cars|Some cars are birds|Some dogs are birds,invalid
blood_relation,Sneha is Divya's mother. Divya is Pooja's mother. How is Sneha related to Pooja?,Sneha|mother|Divya;Divya|mother|Pooja,grandmother
direction_sense,"Amit walks 10km north, then 7km east. How far is Amit from the starting point?",10km north;7km east,12.21
coding_decoding,"If BAT is coded as FEX, how is TOP coded?",BAT->FEX;TOP->?,XST
syllogism,Statement 1: All plants are cats. Statement 2: No cats are fruits. Conclusion: No plants are fruits. Is the conclusion valid?,All plants are cats|No cats are fruits|No plants are fruits,valid
blood_relation,Karan is Pooja's father. Pooja is Sneha's mother. How is Karan related to Sneha?,Karan|father|Pooja;Pooja|mother|Sneha,grandfather
direction_sense,"Riya walks 10km south, then 2km south. How far is Riya from the starting point?",10km south;2km south,12.0
coding_decoding,"If BAT is coded as DCV, how is KEY coded?",BAT->DCV;KEY->?,MGA
syllogism,Statement 1: All fruits are dogs. Statement 2: No dogs are animals. Conclusion: No fruits are animals. Is the conclusion valid?,All fruits are dogs|No dogs are animals|No fruits are animals,valid
blood_relation,Suresh is Rohit's son. Rohit is Nikhil's daughter. How is Suresh related to Nikhil?,Suresh|son|Rohit;Rohit|daughter|Nikhil,grandson
direction_sense,"Divya walks 3km west, then 10km west, then 10km south. How far is Divya from the starting point?",3km west;10km west;10km south,16.4
coding_decoding,"If DOG is coded as GRJ, how is RUN coded?",DOG->GRJ;RUN->?,UXQ
syllogism,Statement 1: Some dogs are fruits. Statement 2: Some fruits are foods. Conclusion: Some dogs are foods. Is the conclusion valid?,Some dogs are fruits|Some fruits are foods|Some dogs are foods,invalid
blood_relation,Divya is Rohit's son. Rohit is Meera's daughter. How is Divya related to Meera?,Divya|son|Rohit;Rohit|daughter|Meera,grandson
direction_sense,"Arjun walks 4km north, then 4km west, then 5km south. How far is Arjun from the starting point?",4km north;4km west;5km south,4.12
coding_decoding,"If MAP is coded as NBQ, how is BAT coded?",MAP->NBQ;BAT->?,CBU
syllogism,Statement 1: All dogs are mammals. Statement 2: All mammals are animals. Conclusion: All dogs are animals. Is the conclusion valid?,All dogs are mammals|All mammals are animals|All dogs are animals,valid
blood_relation,Pooja is Meera's father. Meera is Divya's father. How is Pooja related to Divya?,Pooja|father|Meera;Meera|father|Divya,grandfather
direction_sense,"Vikram walks 6km east, then 7km east. How far is Vikram from the starting point?",6km east;7km east,13.0
coding_decoding,"If FAN is coded as IDQ, how is JAM coded?",FAN->IDQ;JAM->?,MDP
syllogism,Statement 1: Some vehicles are mammals. Statement 2: All mammals are dogs. Conclusion: Some vehicles are dogs. Is the conclusion valid?,Some vehicles are mammals|All mammals are dogs|Some vehicles are dogs,valid
blood_relation,Sneha is Suresh's son. Suresh is Priya's daughter. How is Sneha related to Priya?,Sneha|son|Suresh;Suresh|daughter|Priya,grandson
direction_sense,"Suresh walks 10km east, then 2km east. How far is Suresh from the starting point?",10km east;2km east,12.0
coding_decoding,"If PEN is coded as UJS, how is COW coded?",PEN->UJS;COW->?,HTB
syllogism,Statement 1: No dogs are cars. Statement 2: Some cars are birds. Conclusion: Some birds are not dogs. Is the conclusion valid?,No dogs are cars|Some cars are birds|Some birds are not dogs,valid
blood_relation,Manoj is Priya's son. Priya is Amit's daughter. How is Manoj related to Amit?,Manoj|son|Priya;Priya|daughter|Amit,grandson
direction_sense,"Sneha walks 5km south, then 3km south. How far is Sneha from the starting point?",5km south;3km south,8.0
coding_decoding,"If PEN is coded as UJS, how is LOG coded?",PEN->UJS;LOG->?,QTL
syllogism,Statement 1: Some flowers are cats. Statement 2: All cats are birds. Conclusion: Some flowers are birds. Is the conclusion valid?,Some flowers are cats|All cats are birds|Some flowers are birds,valid
blood_relation,Kavya is Pooja's mother. Pooja is Manoj's mother. How is Kavya related to Manoj?,Kavya|mother|Pooja;Pooja|mother|Manoj,grandmother
direction_sense,"Riya walks 9km north, then 3km west. How far is Riya from the starting point?",9km north;3km west,9.49
coding_decoding,"If CAT is coded as ECV, how is RUN coded?",CAT->ECV;RUN->?,TWP
syllogism,Statement 1: Some cats are cars. Statement 2: All cars are dogs. Conclusion: Some cats are dogs. Is the conclusion valid?,Some cats are cars|All cars are dogs|Some cats are dogs,valid
blood_relation,Arjun is Divya's father. Divya is Anjali's father. How is Arjun related to Anjali?,Arjun|father|Divya;Divya|father|Anjali,grandfather
direction_sense,"Pooja walks 7km west, then 10km north, then 6km west. How far is Pooja from the starting point?",7km west;10km north;6km west,16.4
coding_decoding,"If MAP is coded as RFU, how is KEY coded?",MAP->RFU;KEY->?,PJD
syllogism,Statement 1: Some animals are birds. Statement 2: All birds are foods. Conclusion: Some animals are foods. Is the conclusion valid?,Some animals are birds|All birds are foods|Some animals are foods,valid
blood_relation,Vikram is Suresh's mother. Suresh is Riya's mother. How is Vikram related to Riya?,Vikram|mother|Suresh;Suresh|mother|Riya,grandmother
direction_sense,"Sneha walks 8km east, then 9km east. How far is Sneha from the starting point?",8km east;9km east,17.0
coding_decoding,"If SUN is coded as UWP, how is BAT coded?",SUN->UWP;BAT->?,DCV
syllogism,Statement 1: Some cats are animals. Statement 2: Some animals are cars. Conclusion: Some cats are cars. Is the conclusion valid?,Some cats are animals|Some animals are cars|Some cats are cars,invalid
blood_relation,Kavya is Manoj's mother. Manoj is Vikram's mother. How is Kavya related to Vikram?,Kavya|mother|Manoj;Manoj|mother|Vikram,grandmother
direction_sense,"Rohit walks 9km east, then 3km east. How far is Rohit from the starting point?",9km east;3km east,12.0
coding_decoding,"If FAN is coded as GBO, how is LOG coded?",FAN->GBO;LOG->?,MPH
syllogism,Statement 1: All animals are fruits. Statement 2: No fruits are foods. Conclusion: No animals are foods. Is the conclusion valid?,All animals are fruits|No fruits are foods|No animals are foods,valid
blood_relation,Sneha is Karan's father. Karan is Arjun's father. How is Sneha related to Arjun?,Sneha|father|Karan;Karan|father|Arjun,grandfather
direction_sense,"Riya walks 4km south, then 10km south. How far is Riya from the starting point?",4km south;10km south,14.0
coding_decoding,"If BAT is coded as GFY, how is BAT coded?",BAT->GFY;BAT->?,GFY
syllogism,Statement 1: Some birds are vehicles. Statement 2: All vehicles are cats. Conclusion: Some birds are cats. Is the conclusion valid?,Some birds are vehicles|All vehicles are cats|Some birds are cats,valid
blood_relation,Manoj is Meera's father. Meera is Suresh's mother. How is Manoj related to Suresh?,Manoj|father|Meera;Meera|mother|Suresh,grandfather
direction_sense,"Divya walks 10km west, then 6km west. How far is Divya from the starting point?",10km west;6km west,16.0
coding_decoding,"If DOG is coded as EPH, how is LOG coded?",DOG->EPH;LOG->?,MPH
syllogism,Statement 1: No birds are cats. Statement 2: Some cats are dogs. Conclusion: Some dogs are not birds. Is the conclusion valid?,No birds are cats|Some cats are dogs|Some dogs are not birds,valid
blood_relation,Anjali is Pooja's father. Pooja is Priya's father. How is Anjali related to Priya?,Anjali|father|Pooja;Pooja|father|Priya,grandfather
direction_sense,"Karan walks 5km east, then 9km south, then 8km west. How far is Karan from the starting point?",5km east;9km south;8km west,9.49
coding_decoding,"If MAP is coded as QET, how is KEY coded?",MAP->QET;KEY->?,OIC
syllogism,Statement 1: Some foods are fruits. Statement 2: All fruits are birds. Conclusion: Some foods are birds. Is the conclusion valid?,Some foods are fruits|All fruits are birds|Some foods are birds,valid
blood_relation,Pooja is Karan's mother. Karan is Suresh's mother. How is Pooja related to Suresh?,Pooja|mother|Karan;Karan|mother|Suresh,grandmother
direction_sense,"Meera walks 3km west, then 9km west. How far is Meera from the starting point?",3km west;9km west,12.0
coding_decoding,"If CUP is coded as EWR, how is RUN coded?",CUP->EWR;RUN->?,TWP
syllogism,Statement 1: Some vehicles are plants. Statement 2: Some plants are pets. Conclusion: Some vehicles are pets. Is the conclusion valid?,Some vehicles are plants|Some plants are pets|Some vehicles are pets,invalid
blood_relation,Rohit is Priya's father. Priya is Meera's mother. How is Rohit related to Meera?,Rohit|father|Priya;Priya|mother|Meera,grandfather
direction_sense,"Riya walks 4km west, then 4km north. How far is Riya from the starting point?",4km west;4km north,5.66
coding_decoding,"If SUN is coded as UWP, how is BOX coded?",SUN->UWP;BOX->?,DQZ
syllogism,Statement 1: All dogs are plants. Statement 2: No plants are flowers. Conclusion: No dogs are flowers. Is the conclusion valid?,All dogs are plants|No plants are flowers|No dogs are flowers,valid
blood_relation,Riya is Divya's father. Divya is Manoj's mother. How is Riya related to Manoj?,Riya|father|Divya;Divya|mother|Manoj,grandfather
direction_sense,"Rohit walks 8km south, then 7km west, then 5km west. How far is Rohit from the starting point?",8km south;7km west;5km west,14.42
coding_decoding,"If CUP is coded as FXS, how is RUN coded?",CUP->FXS;RUN->?,UXQ
syllogism,Statement 1: Some mammals are pets. Statement 2: All pets are vehicles. Conclusion: Some mammals are vehicles. Is the conclusion valid?,Some mammals are pets|All pets are vehicles|Some mammals are vehicles,valid
blood_relation,Amit is Arjun's daughter. Arjun is Riya's son. How is Amit related to Riya?,Amit|daughter|Arjun;Arjun|son|Riya,granddaughter
direction_sense,"Riya walks 8km west, then 5km west. How far is Riya from the starting point?",8km west;5km west,13.0
coding_decoding,"If CAT is coded as HFY, how is LOG coded?",CAT->HFY;LOG->?,QTL
syllogism,Statement 1: Some flowers are birds. Statement 2: Some birds are fruits. Conclusion: Some flowers are fruits. Is the conclusion valid?,Some flowers are birds|Some birds are fruits|Some flowers are fruits,invalid
blood_relation,Manoj is Priya's father. Priya is Kavya's father. How is Manoj related to Kavya?,Manoj|father|Priya;Priya|father|Kavya,grandfather
direction_sense,"Priya walks 5km south, then 9km south. How far is Priya from the starting point?",5km south;9km south,14.0
coding_decoding,"If BAT is coded as CBU, how is LOG coded?",BAT->CBU;LOG->?,MPH
syllogism,Statement 1: No fruits are pets. Statement 2: Some pets are foods. Conclusion: Some foods are not fruits. Is the conclusion valid?,No fruits are pets|Some pets are foods|Some foods are not fruits,valid
blood_relation,Anjali is Manoj's daughter. Manoj is Riya's daughter. How is Anjali related to Riya?,Anjali|daughter|Manoj;Manoj|daughter|Riya,granddaughter
direction_sense,"Amit walks 4km south, then 2km east, then 2km north. How far is Amit from the starting point?",4km south;2km east;2km north,2.83
coding_decoding,"If SUN is coded as XZS, how is TOP coded?",SUN->XZS;TOP->?,YTU
syllogism,Statement 1: Some foods are animals. Statement 2: All animals are flowers. Conclusion: Some foods are flowers. Is the conclusion valid?,Some foods are animals|All animals are flowers|Some foods are flowers,valid
blood_relation,Amit is Anjali's son. Anjali is Riya's son. How is Amit related to Riya?,Amit|son|Anjali;Anjali|son|Riya,grandson
direction_sense,"Anjali walks 7km south, then 7km east. How far is Anjali from the starting point?",7km south;7km east,9.9
coding_decoding,"If MAP is coded as QET, how is BAT coded?",MAP->QET;BAT->?,FEX
syllogism,Statement 1: Some cats are birds. Statement 2: All birds are foods. Conclusion: Some cats are foods. Is the conclusion valid?,Some cats are birds|All birds are foods|Some cats are foods,valid
blood_relation,Amit is Karan's son. Karan is Suresh's daughter. How is Amit related to Suresh?,Amit|son|Karan;Karan|daughter|Suresh,grandson
direction_sense,"Rohit walks 2km east, then 3km east, then 6km west. How far is Rohit from the starting point?",2km east;3km east;6km west,1.0
coding_decoding,"If CUP is coded as GYT, how is JAM coded?",CUP->GYT;JAM->?,NEQ
syllogism,Statement 1: Some cats are mammals. Statement 2: Some mammals are animals. Conclusion: Some cats are animals. Is the conclusion valid?,Some cats are mammals|Some mammals are animals|Some cats are animals,invalid
blood_relation,Rohit is Manoj's mother. Manoj is Pooja's mother. How is Rohit related to Pooja?,Rohit|mother|Manoj;Manoj|mother|Pooja,grandmother
direction_sense,"Vikram walks 3km north, then 8km west, then 5km west. How far is Vikram from the starting point?",3km north;8km west;5km west,13.34
coding_decoding,"If CAT is coded as DBU, how is RUN coded?",CAT->DBU;RUN->?,SVO
syllogism,Statement 1: Some vehicles are animals. Statement 2: Some animals are foods. Conclusion: Some vehicles are foods. Is the conclusion valid?,Some vehicles are animals|Some animals are foods|Some vehicles are foods,invalid
blood_relation,Rohit is Priya's son. Priya is Meera's daughter. How is Rohit related to Meera?,Rohit|son|Priya;Priya|daughter|Meera,grandson
direction_sense,"Rohit walks 7km east, then 6km north. How far is Rohit from the starting point?",7km east;6km north,9.22
coding_decoding,"If MAP is coded as RFU, how is RUN coded?",MAP->RFU;RUN->?,WZS
syllogism,Statement 1: Some cars are mammals. Statement 2: All mammals are dogs. Conclusion: Some cars are dogs. Is the conclusion valid?,Some cars are mammals|All mammals are dogs|Some cars are dogs,valid
blood_relation,Priya is Nikhil's mother. Nikhil is Manoj's father. How is Priya related to Manoj?,Priya|mother|Nikhil;Nikhil|father|Manoj,grandmother
direction_sense,"Sneha walks 7km south, then 4km east. How far is Sneha from the starting point?",7km south;4km east,8.06
coding_decoding,"If DOG is coded as FQI, how is COW coded?",DOG->FQI;COW->?,EQY
syllogism,Statement 1: All dogs are fruits. Statement 2: No fruits are foods. Conclusion: No dogs are foods. Is the conclusion valid?,All dogs are fruits|No fruits are foods|No dogs are foods,valid
blood_relation,Divya is Priya's father. Priya is Amit's mother. How is Divya related to Amit?,Divya|father|Priya;Priya|mother|Amit,grandfather
direction_sense,"Divya walks 2km west, then 9km north, then 4km east. How far is Divya from the starting point?",2km west;9km north;4km east,9.22
coding_decoding,"If SUN is coded as TVO, how is TOP coded?",SUN->TVO;TOP->?,UPQ
syllogism,Statement 1: Some fruits are dogs. Statement 2: All dogs are pets. Conclusion: Some fruits are pets. Is the conclusion valid?,Some fruits are dogs|All dogs are pets|Some fruits are pets,valid
blood_relation,Arjun is Divya's son. Divya is Manoj's daughter. How is Arjun related to Manoj?,Arjun|son|Divya;Divya|daughter|Manoj,grandson
direction_sense,"Rohit walks 5km north, then 9km east. How far is Rohit from the starting point?",5km north;9km east,10.3
coding_decoding,"If DOG is coded as ITL, how is KEY coded?",DOG->ITL;KEY->?,PJD
syllogism,Statement 1: All cars are mammals. Statement 2: No mammals are vehicles. Conclusion: No cars are vehicles. Is the conclusion valid?,All cars are mammals|No mammals are vehicles|No cars are vehicles,valid
blood_relation,Rohit is Manoj's son. Manoj is Nikhil's daughter. How is Rohit related to Nikhil?,Rohit|son|Manoj;Manoj|daughter|Nikhil,grandson
direction_sense,"Kavya walks 4km north, then 5km east. How far is Kavya from the starting point?",4km north;5km east,6.4
coding_decoding,"If CUP is coded as DVQ, how is TOP coded?",CUP->DVQ;TOP->?,UPQ
syllogism,Statement 1: Some mammals are birds. Statement 2: All birds are flowers. Conclusion: Some mammals are flowers. Is the conclusion valid?,Some mammals are birds|All birds are flowers|Some mammals are flowers,valid
blood_relation,Nikhil is Pooja's mother. Pooja is Kavya's father. How is Nikhil related to Kavya?,Nikhil|mother|Pooja;Pooja|father|Kavya,grandmother
direction_sense,"Arjun walks 3km south, then 10km west. How far is Arjun from the starting point?",3km south;10km west,10.44
coding_decoding,"If MAP is coded as RFU, how is LOG coded?",MAP->RFU;LOG->?,QTL
syllogism,Statement 1: All dogs are mammals. Statement 2: All mammals are birds. Conclusion: All dogs are birds. Is the conclusion valid?,All dogs are mammals|All mammals are birds|All dogs are birds,valid
blood_relation,Manoj is Anjali's son. Anjali is Pooja's daughter. How is Manoj related to Pooja?,Manoj|son|Anjali;Anjali|daughter|Pooja,grandson
direction_sense,"Meera walks 5km south, then 4km west, then 6km west. How far is Meera from the starting point?",5km south;4km west;6km west,11.18
coding_decoding,"If MAP is coded as PDS, how is KEY coded?",MAP->PDS;KEY->?,NHB
syllogism,Statement 1: Some birds are animals. Statement 2: All animals are vehicles. Conclusion: Some birds are vehicles. Is the conclusion valid?,Some birds are animals|All animals are vehicles|Some birds are vehicles,valid
blood_relation,Suresh is Riya's mother. Riya is Anjali's father. How is Suresh related to Anjali?,Suresh|mother|Riya;Riya|father|Anjali,grandmother
direction_sense,"Anjali walks 8km west, then 10km east. How far is Anjali from the starting point?",8km west;10km east,2.0
coding_decoding,"If CUP is coded as GYT, how is KEY coded?",CUP->GYT;KEY->?,OIC
syllogism,Statement 1: Some cats are plants. Statement 2: Some plants are pets. Conclusion: Some cats are pets. Is the conclusion valid?,Some cats are plants|Some plants are pets|Some cats are pets,invalid
blood_relation,Rohit is Nikhil's son. Nikhil is Meera's daughter. How is Rohit related to Meera?,Rohit|son|Nikhil;Nikhil|daughter|Meera,grandson
direction_sense,"Rohit walks 3km south, then 3km south. How far is Rohit from the starting point?",3km south;3km south,6.0
coding_decoding,"If SUN is coded as TVO, how is COW coded?",SUN->TVO;COW->?,DPX
syllogism,Statement 1: Some animals are vehicles. Statement 2: Some vehicles are mammals. Conclusion: Some animals are mammals. Is the conclusion valid?,Some animals are vehicles|Some vehicles are mammals|Some animals are mammals,invalid
blood_relation,Nikhil is Divya's son. Divya is Manoj's daughter. How is Nikhil related to Manoj?,Nikhil|son|Divya;Divya|daughter|Manoj,grandson
direction_sense,"Vikram walks 3km east, then 7km north. How far is Vikram from the starting point?",3km east;7km north,7.62
coding_decoding,"If CAT is coded as ECV, how is TOP coded?",CAT->ECV;TOP->?,VQR
syllogism,Statement 1: All vehicles are mammals. Statement 2: All mammals are cats. Conclusion: All vehicles are cats. Is the conclusion valid?,All vehicles are mammals|All mammals are cats|All vehicles are cats,valid
blood_relation,Karan is Arjun's father. Arjun is Divya's mother. How is Karan related to Divya?,Karan|father|Arjun;Arjun|mother|Divya,grandfather
direction_sense,"Riya walks 4km south, then 6km south. How far is Riya from the starting point?",4km south;6km south,10.0
coding_decoding,"If CUP is coded as FXS, how is KEY coded?",CUP->FXS;KEY->?,NHB
syllogism,Statement 1: All animals are pets. Statement 2: No pets are birds. Conclusion: No animals are birds. Is the conclusion valid?,All animals are pets|No pets are birds|No animals are birds,valid
blood_relation,Arjun is Anjali's mother. Anjali is Pooja's mother. How is Arjun related to Pooja?,Arjun|mother|Anjali;Anjali|mother|Pooja,grandmother
direction_sense,"Sneha walks 3km east, then 9km north. How far is Sneha from the starting point?",3km east;9km north,9.49
coding_decoding,"If FAN is coded as HCP, how is JAM coded?",FAN->HCP;JAM->?,LCO
syllogism,Statement 1: All fruits are cars. Statement 2: No cars are plants. Conclusion: No fruits are plants. Is the conclusion valid?,All fruits are cars|No cars are plants|No fruits are plants,valid
blood_relation,Manoj is Riya's father. Riya is Nikhil's father. How is Manoj related to Nikhil?,Manoj|father|Riya;Riya|father|Nikhil,grandfather
direction_sense,"Arjun walks 6km west, then 8km east. How far is Arjun from the starting point?",6km west;8km east,2.0
coding_decoding,"If CUP is coded as FXS, how is KEY coded?",CUP->FXS;KEY->?,NHB
syllogism,Statement 1: Some birds are vehicles. Statement 2: Some vehicles are foods. Conclusion: Some birds are foods. Is the conclusion valid?,Some birds are vehicles|Some vehicles are foods|Some birds are foods,invalid
blood_relation,Anjali is Kavya's daughter. Kavya is Priya's son. How is Anjali related to Priya?,Anjali|daughter|Kavya;Kavya|son|Priya,granddaughter
direction_sense,"Nikhil walks 2km west, then 6km south, then 3km east. How far is Nikhil from the starting point?",2km west;6km south;3km east,6.08
coding_decoding,"If SUN is coded as UWP, how is COW coded?",SUN->UWP;COW->?,EQY
syllogism,Statement 1: All cats are flowers. Statement 2: No flowers are birds. Conclusion: No cats are birds. Is the conclusion valid?,All cats are flowers|No flowers are birds|No cats are birds,valid
blood_relation,Divya is Anjali's mother. Anjali is Pooja's father. How is Divya related to Pooja?,Divya|mother|Anjali;Anjali|father|Pooja,grandmother
direction_sense,"Sneha walks 5km south, then 5km east, then 8km south. How far is Sneha from the starting point?",5km south;5km east;8km south,13.93
coding_decoding,"If MAP is coded as OCR, how is BOX coded?",MAP->OCR;BOX->?,DQZ
syllogism,Statement 1: All vehicles are birds. Statement 2: All birds are fruits. Conclusion: All vehicles are fruits. Is the conclusion valid?,All vehicles are birds|All birds are fruits|All vehicles are fruits,valid
blood_relation,Priya is Vikram's son. Vikram is Meera's son. How is Priya related to Meera?,Priya|son|Vikram;Vikram|son|Meera,grandson
direction_sense,"Vikram walks 8km west, then 3km east, then 2km west. How far is Vikram from the starting point?",8km west;3km east;2km west,7.0
coding_decoding,"If FAN is coded as KFS, how is JAM coded?",FAN->KFS;JAM->?,OFR
syllogism,Statement 1: No cars are fruits. Statement 2: Some fruits are cats. Conclusion: Some cats are not cars. Is the conclusion valid?,No cars are fruits|Some fruits are cats|Some cats are not cars,valid
blood_relation,Divya is Karan's son. Karan is Arjun's son. How is Divya related to Arjun?,Divya|son|Karan;Karan|son|Arjun,grandson
direction_sense,"Arjun walks 7km east, then 8km east. How far is Arjun from the starting point?",7km east;8km east,15.0
coding_decoding,"If PEN is coded as TIR, how is BAT coded?",PEN->TIR;BAT->?,FEX
syllogism,Statement 1: All cats are animals. Statement 2: No animals are plants. Conclusion: No cats are plants. Is the conclusion valid?,All cats are animals|No animals are plants|No cats are plants,valid
blood_relation,Nikhil is Sneha's mother. Sneha is Suresh's mother. How is Nikhil related to Suresh?,Nikhil|mother|Sneha;Sneha|mother|Suresh,grandmother
direction_sense,"Nikhil walks 10km east, then 6km east, then 9km west. How far is Nikhil from the starting point?",10km east;6km east;9km west,7.0
coding_decoding,"If MAP is coded as NBQ, how is RUN coded?",MAP->NBQ;RUN->?,SVO
syllogism,Statement 1: All fruits are cats. Statement 2: No cats are cars. Conclusion: No fruits are cars. Is the conclusion valid?,All fruits are cats|No cats are cars|No fruits are cars,valid
blood_relation,Nikhil is Riya's father. Riya is Arjun's father. How is Nikhil related to Arjun?,Nikhil|father|Riya;Riya|father|Arjun,grandfather
direction_sense,"Anjali walks 3km north, then 6km west, then 9km north. How far is Anjali from the starting point?",3km north;6km west;9km north,13.42
coding_decoding,"If FAN is coded as JER, how is COW coded?",FAN->JER;COW->?,GSA
syllogism,Statement 1: All cars are flowers. Statement 2: No flowers are fruits. Conclusion: No cars are fruits. Is the conclusion valid?,All cars are flowers|No flowers are fruits|No cars are fruits,valid
blood_relation,Suresh is Rohit's mother. Rohit is Vikram's father. How is Suresh related to Vikram?,Suresh|mother|Rohit;Rohit|father|Vikram,grandmother
direction_sense,"Nikhil walks 6km east, then 7km west. How far is Nikhil from the starting point?",6km east;7km west,1.0
coding_decoding,"If DOG is coded as EPH, how is LOG coded?",DOG->EPH;LOG->?,MPH
syllogism,Statement 1: Some animals are fruits. Statement 2: Some fruits are dogs. Conclusion: Some animals are dogs. Is the conclusion valid?,Some animals are fruits|Some fruits are dogs|Some animals are dogs,invalid
blood_relation,Suresh is Manoj's father. Manoj is Amit's mother. How is Suresh related to Amit?,Suresh|father|Manoj;Manoj|mother|Amit,grandfather
direction_sense,"Divya walks 4km north, then 5km south. How far is Divya from the starting point?",4km north;5km south,1.0
coding_decoding,"If CAT is coded as GEX, how is COW coded?",CAT->GEX;COW->?,GSA
syllogism,Statement 1: Some cars are cats. Statement 2: Some cats are plants. Conclusion: Some cars are plants. Is the conclusion valid?,Some cars are cats|Some cats are plants|Some cars are plants,invalid
blood_relation,Sneha is Nikhil's mother. Nikhil is Amit's mother. How is Sneha related to Amit?,Sneha|mother|Nikhil;Nikhil|mother|Amit,grandmother
direction_sense,"Rohit walks 6km east, then 9km north, then 7km east. How far is Rohit from the starting point?",6km east;9km north;7km east,15.81
coding_decoding,"If BAT is coded as GFY, how is COW coded?",BAT->GFY;COW->?,HTB
syllogism,Statement 1: Some fruits are cats. Statement 2: Some cats are pets. Conclusion: Some fruits are pets. Is the conclusion valid?,Some fruits are cats|Some cats are pets|Some fruits are pets,invalid
blood_relation,Sneha is Riya's mother. Riya is Meera's mother. How is Sneha related to Meera?,Sneha|mother|Riya;Riya|mother|Meera,grandmother
direction_sense,"Nikhil walks 4km north, then 8km east. How far is Nikhil from the starting point?",4km north;8km east,8.94
coding_decoding,"If BAT is coded as DCV, how is KEY coded?",BAT->DCV;KEY->?,MGA
syllogism,Statement 1: Some vehicles are cats. Statement 2: Some cats are cars. Conclusion: Some vehicles are cars. Is the conclusion valid?,Some vehicles are cats|Some cats are cars|Some vehicles are cars,invalid
blood_relation,Karan is Riya's daughter. Riya is Priya's daughter. How is Karan related to Priya?,Karan|daughter|Riya;Riya|daughter|Priya,granddaughter
direction_sense,"Meera walks 8km south, then 8km east. How far is Meera from the starting point?",8km south;8km east,11.31
coding_decoding,"If CUP is coded as EWR, how is KEY coded?",CUP->EWR;KEY->?,MGA
syllogism,Statement 1: Some dogs are cats. Statement 2: Some cats are mammals. Conclusion: Some dogs are mammals. Is the conclusion valid?,Some dogs are cats|Some cats are mammals|Some dogs are mammals,invalid
blood_relation,Vikram is Priya's father. Priya is Manoj's father. How is Vikram related to Manoj?,Vikram|father|Priya;Priya|father|Manoj,grandfather
direction_sense,"Anjali walks 4km west, then 7km east. How far is Anjali from the starting point?",4km west;7km east,3.0
coding_decoding,"If MAP is coded as PDS, how is KEY coded?",MAP->PDS;KEY->?,NHB
syllogism,Statement 1: All birds are mammals. Statement 2: All mammals are cars. Conclusion: All birds are cars. Is the conclusion valid?,All birds are mammals|All mammals are cars|All birds are cars,valid
blood_relation,Divya is Nikhil's mother. Nikhil is Vikram's mother. How is Divya related to Vikram?,Divya|mother|Nikhil;Nikhil|mother|Vikram,grandmother
direction_sense,"Vikram walks 6km west, then 8km west, then 6km north. How far is Vikram from the starting point?",6km west;8km west;6km north,15.23
coding_decoding,"If DOG is coded as FQI, how is TOP coded?",DOG->FQI;TOP->?,VQR
syllogism,Statement 1: Some foods are birds. Statement 2: All birds are cars. Conclusion: Some foods are cars. Is the conclusion valid?,Some foods are birds|All birds are cars|Some foods are cars,valid
blood_relation,Meera is Nikhil's father. Nikhil is Pooja's mother. How is Meera related to Pooja?,Meera|father|Nikhil;Nikhil|mother|Pooja,grandfather
direction_sense,"Sneha walks 10km north, then 4km east, then 9km west. How far is Sneha from the starting point?",10km north;4km east;9km west,11.18
coding_decoding,"If PEN is coded as RGP, how is BOX coded?",PEN->RGP;BOX->?,DQZ
syllogism,Statement 1: Some cars are fruits. Statement 2: All fruits are cats. Conclusion: Some cars are cats. Is the conclusion valid?,Some cars are fruits|All fruits are cats|Some cars are cats,valid
blood_relation,Kavya is Divya's son. Divya is Priya's daughter. How is Kavya related to Priya?,Kavya|son|Divya;Divya|daughter|Priya,grandson
direction_sense,"Arjun walks 9km south, then 4km west. How far is Arjun from the starting point?",9km south;4km west,9.85
coding_decoding,"If SUN is coded as TVO, how is LOG coded?",SUN->TVO;LOG->?,MPH
syllogism,Statement 1: All fruits are cats. Statement 2: All cats are mammals. Conclusion: All fruits are mammals. Is the conclusion valid?,All fruits are cats|All cats are mammals|All fruits are mammals,valid
blood_relation,Priya is Suresh's daughter. Suresh is Kavya's daughter. How is Priya related to Kavya?,Priya|daughter|Suresh;Suresh|daughter|Kavya,granddaughter
direction_sense,"Sneha walks 10km south, then 7km north. How far is Sneha from the starting point?",10km south;7km north,3.0
coding_decoding,"If SUN is coded as XZS, how is COW coded?",SUN->XZS;COW->?,HTB
syllogism,Statement 1: Some cars are plants. Statement 2: Some plants are dogs. Conclusion: Some cars are dogs. Is the conclusion valid?,Some cars are plants|Some plants are dogs|Some cars are dogs,invalid
blood_relation,Sneha is Kavya's son. Kavya is Vikram's daughter. How is Sneha related to Vikram?,Sneha|son|Kavya;Kavya|daughter|Vikram,grandson
direction_sense,"Suresh walks 7km west, then 3km west, then 6km north. How far is Suresh from the starting point?",7km west;3km west;6km north,11.66
coding_decoding,"If FAN is coded as GBO, how is BAT coded?",FAN->GBO;BAT->?,CBU
syllogism,Statement 1: Some pets are plants. Statement 2: Some plants are cars. Conclusion: Some pets are cars. Is the conclusion valid?,Some pets are plants|Some plants are cars|Some pets are cars,invalid
blood_relation,Riya is Manoj's son. Manoj is Sneha's daughter. How is Riya related to Sneha?,Riya|son|Manoj;Manoj|daughter|Sneha,grandson
direction_sense,"Arjun walks 4km east, then 3km north. How far is Arjun from the starting point?",4km east;3km north,5.0
coding_decoding,"If PEN is coded as SHQ, how is KEY coded?",PEN->SHQ;KEY->?,NHB
syllogism,Statement 1: All animals are cars. Statement 2: All cars are flowers. Conclusion: All animals are flowers. Is the conclusion valid?,All animals are cars|All cars are flowers|All animals are flowers,valid
blood_relation,Vikram is Meera's daughter. Meera is Anjali's son. How is Vikram related to Anjali?,Vikram|daughter|Meera;Meera|son|Anjali,granddaughter
direction_sense,"Anjali walks 9km east, then 9km south. How far is Anjali from the starting point?",9km east;9km south,12.73
coding_decoding,"If FAN is coded as HCP, how is LOG coded?",FAN->HCP;LOG->?,NQI
syllogism,Statement 1: Some dogs are cats. Statement 2: All cats are flowers. Conclusion: Some dogs are flowers. Is the conclusion valid?,Some dogs are cats|All cats are flowers|Some dogs are flowers,valid
blood_relation,Divya is Riya's father. Riya is Arjun's mother. How is Divya related to Arjun?,Divya|father|Riya;Riya|mother|Arjun,grandfather
direction_sense,"Karan walks 5km south, then 5km west, then 9km west. How far is Karan from the starting point?",5km south;5km west;9km west,14.87
coding_decoding,"If SUN is coded as WYR, how is TOP coded?",SUN->WYR;TOP->?,XST
syllogism,Statement 1: No plants are fruits. Statement 2: Some fruits are birds. Conclusion: Some birds are not plants. Is the conclusion valid?,No plants are fruits|Some fruits are birds|Some birds are not plants,valid
blood_relation,Anjali is Manoj's mother. Manoj is Amit's mother. How is Anjali related to Amit?,Anjali|mother|Manoj;Manoj|mother|Amit,grandmother
direction_sense,"Amit walks 4km west, then 2km south, then 5km south. How far is Amit from the starting point?",4km west;2km south;5km south,8.06
coding_decoding,"If PEN is coded as RGP, how is COW coded?",PEN->RGP;COW->?,EQY
syllogism,Statement 1: All pets are dogs. Statement 2: No dogs are animals. Conclusion: No pets are animals. Is the conclusion valid?,All pets are dogs|No dogs are animals|No pets are animals,valid
blood_relation,Amit is Karan's mother. Karan is Rohit's mother. How is Amit related to Rohit?,Amit|mother|Karan;Karan|mother|Rohit,grandmother
direction_sense,"Riya walks 10km west, then 5km east, then 10km south. How far is Riya from the starting point?",10km west;5km east;10km south,11.18
coding_decoding,"If PEN is coded as TIR, how is BAT coded?",PEN->TIR;BAT->?,FEX
syllogism,Statement 1: All dogs are plants. Statement 2: All plants are cars. Conclusion: All dogs are cars. Is the conclusion valid?,All dogs are plants|All plants are cars|All dogs are cars,valid
blood_relation,Sneha is Vikram's daughter. Vikram is Riya's daughter. How is Sneha related to Riya?,Sneha|daughter|Vikram;Vikram|daughter|Riya,granddaughter
direction_sense,"Sneha walks 2km north, then 4km north. How far is Sneha from the starting point?",2km north;4km north,6.0
coding_decoding,"If MAP is coded as RFU, how is BOX coded?",MAP->RFU;BOX->?,GTC
syllogism,Statement 1: Some pets are foods. Statement 2: Some foods are fruits. Conclusion: Some pets are fruits. Is the conclusion valid?,Some pets are foods|Some foods are fruits|Some pets are fruits,invalid
blood_relation,Amit is Priya's father. Priya is Anjali's father. How is Amit related to Anjali?,Amit|father|Priya;Priya|father|Anjali,grandfather
direction_sense,"Vikram walks 2km north, then 5km north, then 4km north. How far is Vikram from the starting point?",2km north;5km north;4km north,11.0
coding_decoding,"If CUP is coded as HZU, how is BOX coded?",CUP->HZU;BOX->?,GTC
syllogism,Statement 1: No animals are dogs. Statement 2: Some dogs are flowers. Conclusion: Some flowers are not animals. Is the conclusion valid?,No animals are dogs|Some dogs are flowers|Some flowers are not animals,valid
blood_relation,Nikhil is Amit's daughter. Amit is Priya's daughter. How is Nikhil related to Priya?,Nikhil|daughter|Amit;Amit|daughter|Priya,granddaughter
direction_sense,"Vikram walks 5km south, then 10km south. How far is Vikram from the starting point?",5km south;10km south,15.0
coding_decoding,"If BAT is coded as CBU, how is KEY coded?",BAT->CBU;KEY->?,LFZ
syllogism,Statement 1: All foods are cats. Statement 2: All cats are fruits. Conclusion: All foods are fruits. Is the conclusion valid?,All foods are cats|All cats are fruits|All foods are fruits,valid
blood_relation,Riya is Arjun's father. Arjun is Priya's father. How is Riya related to Priya?,Riya|father|Arjun;Arjun|father|Priya,grandfather
direction_sense,"Manoj walks 4km north, then 8km west, then 7km north. How far is Manoj from the starting point?",4km north;8km west;7km north,13.6
coding_decoding,"If FAN is coded as KFS, how is KEY coded?",FAN->KFS;KEY->?,PJD
syllogism,Statement 1: No mammals are cats. Statement 2: Some cats are cars. Conclusion: Some cars are not mammals. Is the conclusion valid?,No mammals are cats|Some cats are cars|Some cars are not mammals,valid
blood_relation,Divya is Amit's father. Amit is Manoj's father. How is Divya related to Manoj?,Divya|father|Amit;Amit|father|Manoj,grandfather
direction_sense,"Manoj walks 4km west, then 2km east, then 3km south. How far is Manoj from the starting point?",4km west;2km east;3km south,3.61
coding_decoding,"If DOG is coded as GRJ, how is BOX coded?",DOG->GRJ;BOX->?,ERA
syllogism,Statement 1: No plants are flowers. Statement 2: Some flowers are cats. Conclusion: Some cats are not plants. Is the conclusion valid?,No plants are flowers|Some flowers are cats|Some cats are not plants,valid
blood_relation,Anjali is Meera's father. Meera is Divya's mother. How is Anjali related to Divya?,Anjali|father|Meera;Meera|mother|Divya,grandfather
direction_sense,"Suresh walks 9km south, then 2km west, then 7km west. How far is Suresh from the starting point?",9km south;2km west;7km west,12.73
coding_decoding,"If BAT is coded as GFY, how is COW coded?",BAT->GFY;COW->?,HTB
syllogism,Statement 1: All flowers are foods. Statement 2: All foods are pets. Conclusion: All flowers are pets. Is the conclusion valid?,All flowers are foods|All foods are pets|All flowers are pets,valid
blood_relation,Pooja is Divya's daughter. Divya is Arjun's son. How is Pooja related to Arjun?,Pooja|daughter|Divya;Divya|son|Arjun,granddaughter
direction_sense,"Meera walks 8km west, then 7km south. How far is Meera from the starting point?",8km west;7km south,10.63
coding_decoding,"If MAP is coded as PDS, how is BAT coded?",MAP->PDS;BAT->?,EDW
syllogism,Statement 1: Some foods are mammals. Statement 2: Some mammals are pets. Conclusion: Some foods are pets. Is the conclusion valid?,Some foods are mammals|Some mammals are pets|Some foods are pets,invalid
blood_relation,Arjun is Pooja's daughter. Pooja is Amit's daughter. How is Arjun related to Amit?,Arjun|daughter|Pooja;Pooja|daughter|Amit,granddaughter
direction_sense,"Vikram walks 2km east, then 4km east. How far is Vikram from the starting point?",2km east;4km east,6.0
coding_decoding,"If DOG is coded as EPH, how is LOG coded?",DOG->EPH;LOG->?,MPH
syllogism,Statement 1: All pets are foods. Statement 2: No foods are flowers. Conclusion: No pets are flowers. Is the conclusion valid?,All pets are foods|No foods are flowers|No pets are flowers,valid
blood_relation,Pooja is Meera's son. Meera is Kavya's son. How is Pooja related to Kavya?,Pooja|son|Meera;Meera|son|Kavya,grandson
direction_sense,"Kavya walks 9km west, then 10km north, then 3km west. How far is Kavya from the starting point?",9km west;10km north;3km west,15.62
coding_decoding,"If SUN is coded as WYR, how is LOG coded?",SUN->WYR;LOG->?,PSK
syllogism,Statement 1: Some foods are pets. Statement 2: All pets are fruits. Conclusion: Some foods are fruits. Is the conclusion valid?,Some foods are pets|All pets are fruits|Some foods are fruits,valid
blood_relation,Meera is Priya's son. Priya is Kavya's son. How is Meera related to Kavya?,Meera|son|Priya;Priya|son|Kavya,grandson
direction_sense,"Suresh walks 8km east, then 6km south. How far is Suresh from the starting point?",8km east;6km south,10.0
coding_decoding,"If DOG is coded as HSK, how is LOG coded?",DOG->HSK;LOG->?,PSK
syllogism,Statement 1: All pets are foods. Statement 2: No foods are mammals. Conclusion: No pets are mammals. Is the conclusion valid?,All pets are foods|No foods are mammals|No pets are mammals,valid
blood_relation,Karan is Suresh's father. Suresh is Divya's father. How is Karan related to Divya?,Karan|father|Suresh;Suresh|father|Divya,grandfather
direction_sense,"Nikhil walks 10km east, then 6km north, then 8km east. How far is Nikhil from the starting point?",10km east;6km north;8km east,18.97
coding_decoding,"If SUN is coded as XZS, how is JAM coded?",SUN->XZS;JAM->?,OFR
syllogism,Statement 1: All flowers are cats. Statement 2: No cats are foods. Conclusion: No flowers are foods. Is the conclusion valid?,All flowers are cats|No cats are foods|No flowers are foods,valid
blood_relation,Priya is Arjun's son. Arjun is Nikhil's son. How is Priya related to Nikhil?,Priya|son|Arjun;Arjun|son|Nikhil,grandson
direction_sense,"Pooja walks 4km east, then 9km south, then 4km west. How far is Pooja from the starting point?",4km east;9km south;4km west,9.0
coding_decoding,"If BAT is coded as GFY, how is COW coded?",BAT->GFY;COW->?,HTB
syllogism,Statement 1: Some cats are flowers. Statement 2: All flowers are fruits. Conclusion: Some cats are fruits. Is the conclusion valid?,Some cats are flowers|All flowers are fruits|Some cats are fruits,valid
blood_relation,Karan is Anjali's father. Anjali is Priya's mother. How is Karan related to Priya?,Karan|father|Anjali;Anjali|mother|Priya,grandfather
direction_sense,"Sneha walks 5km north, then 6km west. How far is Sneha from the starting point?",5km north;6km west,7.81
coding_decoding,"If DOG is coded as ITL, how is BOX coded?",DOG->ITL;BOX->?,GTC
syllogism,Statement 1: All cats are pets. Statement 2: All pets are plants. Conclusion: All cats are plants. Is the conclusion valid?,All cats are pets|All pets are plants|All cats are plants,valid
blood_relation,Priya is Sneha's son. Sneha is Nikhil's daughter. How is Priya related to Nikhil?,Priya|son|Sneha;Sneha|daughter|Nikhil,grandson
direction_sense,"Priya walks 5km east, then 3km north, then 9km south. How far is Priya from the starting point?",5km east;3km north;9km south,7.81
coding_decoding,"If SUN is coded as UWP, how is BAT coded?",SUN->UWP;BAT->?,DCV
syllogism,Statement 1: Some vehicles are animals. Statement 2: Some animals are mammals. Conclusion: Some vehicles are mammals. Is the conclusion valid?,Some vehicles are animals|Some animals are mammals|Some vehicles are mammals,invalid
blood_relation,Vikram is Sneha's daughter. Sneha is Rohit's daughter. How is Vikram related to Rohit?,Vikram|daughter|Sneha;Sneha|daughter|Rohit,granddaughter
direction_sense,"Manoj walks 3km north, then 3km east, then 6km east. How far is Manoj from the starting point?",3km north;3km east;6km east,9.49
coding_decoding,"If CUP is coded as EWR, how is KEY coded?",CUP->EWR;KEY->?,MGA
syllogism,Statement 1: All vehicles are dogs. Statement 2: No dogs are flowers. Conclusion: No vehicles are flowers. Is the conclusion valid?,All vehicles are dogs|No dogs are flowers|No vehicles are flowers,valid
blood_relation,Vikram is Karan's son. Karan is Arjun's daughter. How is Vikram related to Arjun?,Vikram|son|Karan;Karan|daughter|Arjun,grandson
direction_sense,"Suresh walks 6km east, then 8km north, then 5km south. How far is Suresh from the starting point?",6km east;8km north;5km south,6.71
coding_decoding,"If BAT is coded as EDW, how is BAT coded?",BAT->EDW;BAT->?,EDW
syllogism,Statement 1: All cats are plants. Statement 2: No plants are pets. Conclusion: No cats are pets. Is the conclusion valid?,All cats are plants|No plants are pets|No cats are pets,valid
blood_relation,Rohit is Sneha's son. Sneha is Anjali's son. How is Rohit related to Anjali?,Rohit|son|Sneha;Sneha|son|Anjali,grandson
direction_sense,"Anjali walks 4km north, then 7km north. How far is Anjali from the starting point?",4km north;7km north,11.0
coding_decoding,"If CUP is coded as EWR, how is BOX coded?",CUP->EWR;BOX->?,DQZ
syllogism,Statement 1: Some flowers are animals. Statement 2: Some animals are vehicles. Conclusion: Some flowers are vehicles. Is the conclusion valid?,Some flowers are animals|Some animals are vehicles|Some flowers are vehicles,invalid
blood_relation,Arjun is Divya's daughter. Divya is Vikram's daughter. How is Arjun related to Vikram?,Arjun|daughter|Divya;Divya|daughter|Vikram,granddaughter
direction_sense,"Sneha walks 7km east, then 3km east. How far is Sneha from the starting point?",7km east;3km east,10.0
coding_decoding,"If CAT is coded as GEX, how is JAM coded?",CAT->GEX;JAM->?,NEQ
syllogism,Statement 1: All pets are cats. Statement 2: All cats are foods. Conclusion: All pets are foods. Is the conclusion valid?,All pets are cats|All cats are foods|All pets are foods,valid
blood_relation,Kavya is Sneha's daughter. Sneha is Manoj's daughter. How is Kavya related to Manoj?,Kavya|daughter|Sneha;Sneha|daughter|Manoj,granddaughter
direction_sense,"Nikhil walks 5km south, then 2km south, then 10km east. How far is Nikhil from the starting point?",5km south;2km south;10km east,12.21
coding_decoding,"If FAN is coded as JER, how is BAT coded?",FAN->JER;BAT->?,FEX
syllogism,Statement 1: No cars are animals. Statement 2: Some animals are plants. Conclusion: Some plants are not cars. Is the conclusion valid?,No cars are animals|Some animals are plants|Some plants are not cars,valid
blood_relation,Amit is Karan's son. Karan is Vikram's daughter. How is Amit related to Vikram?,Amit|son|Karan;Karan|daughter|Vikram,grandson
direction_sense,"Amit walks 3km south, then 10km north, then 5km east. How far is Amit from the starting point?",3km south;10km north;5km east,8.6
coding_decoding,"If CAT is coded as GEX, how is COW coded?",CAT->GEX;COW->?,GSA
syllogism,Statement 1: Some vehicles are pets. Statement 2: All pets are fruits. Conclusion: Some vehicles are fruits. Is the conclusion valid?,Some vehicles are pets|All pets are fruits|Some vehicles are fruits,valid
blood_relation,Divya is Rohit's daughter. Rohit is Priya's daughter. How is Divya related to Priya?,Divya|daughter|Rohit;Rohit|daughter|Priya,granddaughter
direction_sense,"Arjun walks 4km west, then 8km east. How far is Arjun from the starting point?",4km west;8km east,4.0
coding_decoding,"If BAT is coded as CBU, how is BAT coded?",BAT->CBU;BAT->?,CBU
syllogism,Statement 1: All foods are dogs. Statement 2: No dogs are fruits. Conclusion: No foods are fruits. Is the conclusion valid?,All foods are dogs|No dogs are fruits|No foods are fruits,valid
blood_relation,Vikram is Nikhil's daughter. Nikhil is Karan's son. How is Vikram related to Karan?,Vikram|daughter|Nikhil;Nikhil|son|Karan,granddaughter
direction_sense,"Vikram walks 9km east, then 3km east, then 10km south. How far is Vikram from the starting point?",9km east;3km east;10km south,15.62
coding_decoding,"If SUN is coded as UWP, how is BOX coded?",SUN->UWP;BOX->?,DQZ
syllogism,Statement 1: No foods are fruits. Statement 2: Some fruits are plants. Conclusion: Some plants are not foods. Is the conclusion valid?,No foods are fruits|Some fruits are plants|Some plants are not foods,valid
blood_relation,Priya is Anjali's son. Anjali is Rohit's son. How is Priya related to Rohit?,Priya|son|Anjali;Anjali|son|Rohit,grandson
direction_sense,"Vikram walks 9km south, then 6km east, then 6km west. How far is Vikram from the starting point?",9km south;6km east;6km west,9.0
coding_decoding,"If DOG is coded as ITL, how is COW coded?",DOG->ITL;COW->?,HTB
syllogism,Statement 1: No dogs are animals. Statement 2: Some animals are cats. Conclusion: Some cats are not dogs. Is the conclusion valid?,No dogs are animals|Some animals are cats|Some cats are not dogs,valid
blood_relation,Amit is Divya's mother. Divya is Kavya's mother. How is Amit related to Kavya?,Amit|mother|Divya;Divya|mother|Kavya,grandmother
direction_sense,"Nikhil walks 4km north, then 2km north, then 2km south. How far is Nikhil from the starting point?",4km north;2km north;2km south,4.0
coding_decoding,"If SUN is coded as XZS, how is COW coded?",SUN->XZS;COW->?,HTB
syllogism,Statement 1: Some flowers are plants. Statement 2: All plants are fruits. Conclusion: Some flowers are fruits. Is the conclusion valid?,Some flowers are plants|All plants are fruits|Some flowers are fruits,valid
blood_relation,Arjun is Sneha's daughter. Sneha is Karan's daughter. How is Arjun related to Karan?,Arjun|daughter|Sneha;Sneha|daughter|Karan,granddaughter
direction_sense,"Manoj walks 6km west, then 8km west, then 10km south. How far is Manoj from the starting point?",6km west;8km west;10km south,17.2
coding_decoding,"If MAP is coded as QET, how is LOG coded?",MAP->QET;LOG->?,PSK
syllogism,Statement 1: Some animals are pets. Statement 2: Some pets are fruits. Conclusion: Some animals are fruits. Is the conclusion valid?,Some animals are pets|Some pets are fruits|Some animals are fruits,invalid
blood_relation,Karan is Kavya's father. Kavya is Riya's mother. How is Karan related to Riya?,Karan|father|Kavya;Kavya|mother|Riya,grandfather
direction_sense,"Suresh walks 4km south, then 6km west, then 6km west. How far is Suresh from the starting point?",4km south;6km west;6km west,12.65
coding_decoding,"If CUP is coded as GYT, how is KEY coded?",CUP->GYT;KEY->?,OIC
syllogism,Statement 1: All foods are cars. Statement 2: All cars are vehicles. Conclusion: All foods are vehicles. Is the conclusion valid?,All foods are cars|All cars are vehicles|All foods are vehicles,valid
blood_relation,Riya is Priya's daughter. Priya is Manoj's daughter. How is Riya related to Manoj?,Riya|daughter|Priya;Priya|daughter|Manoj,granddaughter
direction_sense,"Manoj walks 4km east, then 4km north, then 7km west. How far is Manoj from the starting point?",4km east;4km north;7km west,5.0
coding_decoding,"If MAP is coded as QET, how is LOG coded?",MAP->QET;LOG->?,PSK
syllogism,Statement 1: All cats are animals. Statement 2: No animals are foods. Conclusion: No cats are foods. Is the conclusion valid?,All cats are animals|No animals are foods|No cats are foods,valid
blood_relation,Amit is Priya's son. Priya is Rohit's daughter. How is Amit related to Rohit?,Amit|son|Priya;Priya|daughter|Rohit,grandson
direction_sense,"Pooja walks 2km north, then 7km north. How far is Pooja from the starting point?",2km north;7km north,9.0
coding_decoding,"If CAT is coded as ECV, how is TOP coded?",CAT->ECV;TOP->?,VQR
syllogism,Statement 1: No flowers are cars. Statement 2: Some cars are pets. Conclusion: Some pets are not flowers. Is the conclusion valid?,No flowers are cars|Some cars are pets|Some pets are not flowers,valid
blood_relation,Karan is Nikhil's son. Nikhil is Meera's son. How is Karan related to Meera?,Karan|son|Nikhil;Nikhil|son|Meera,grandson
direction_sense,"Pooja walks 3km east, then 5km south, then 9km north. How far is Pooja from the starting point?",3km east;5km south;9km north,5.0
coding_decoding,"If MAP is coded as RFU, how is RUN coded?",MAP->RFU;RUN->?,WZS
syllogism,Statement 1: All vehicles are dogs. Statement 2: All dogs are foods. Conclusion: All vehicles are foods. Is the conclusion valid?,All vehicles are dogs|All dogs are foods|All vehicles are foods,valid
blood_relation,Vikram is Pooja's daughter. Pooja is Manoj's son. How is Vikram related to Manoj?,Vikram|daughter|Pooja;Pooja|son|Manoj,granddaughter
direction_sense,"Meera walks 10km west, then 3km south, then 6km west. How far is Meera from the starting point?",10km west;3km south;6km west,16.28
coding_decoding,"If BAT is coded as DCV, how is LOG coded?",BAT->DCV;LOG->?,NQI
syllogism,Statement 1: All pets are birds. Statement 2: No birds are dogs. Conclusion: No pets are dogs. Is the conclusion valid?,All pets are birds|No birds are dogs|No pets are dogs,valid
blood_relation,Vikram is Priya's son. Priya is Amit's son. How is Vikram related to Amit?,Vikram|son|Priya;Priya|son|Amit,grandson
direction_sense,"Sneha walks 8km south, then 5km east, then 3km east. How far is Sneha from the starting point?",8km south;5km east;3km east,11.31
coding_decoding,"If DOG is coded as FQI, how is LOG coded?",DOG->FQI;LOG->?,NQI
syllogism,Statement 1: All fruits are cars. Statement 2: No cars are plants. Conclusion: No fruits are plants. Is the conclusion valid?,All fruits are cars|No cars are plants|No fruits are plants,valid
blood_relation,Meera is Vikram's daughter. Vikram is Sneha's son. How is Meera related to Sneha?,Meera|daughter|Vikram;Vikram|son|Sneha,granddaughter
direction_sense,"Kavya walks 8km north, then 8km west. How far is Kavya from the starting point?",8km north;8km west,11.31
coding_decoding,"If SUN is coded as WYR, how is RUN coded?",SUN->WYR;RUN->?,VYR
syllogism,Statement 1: All plants are mammals. Statement 2: No mammals are cars. Conclusion: No plants are cars. Is the conclusion valid?,All plants are mammals|No mammals are cars|No plants are cars,valid
blood_relation,Suresh is Manoj's father. Manoj is Riya's father. How is Suresh related to Riya?,Suresh|father|Manoj;Manoj|father|Riya,grandfather
direction_sense,"Suresh walks 3km east, then 10km south. How far is Suresh from the starting point?",3km east;10km south,10.44
coding_decoding,"If CUP is coded as GYT, how is TOP coded?",CUP->GYT;TOP->?,XST
syllogism,Statement 1: Some flowers are cats. Statement 2: Some cats are dogs. Conclusion: Some flowers are dogs. Is the conclusion valid?,Some flowers are cats|Some cats are dogs|Some flowers are dogs,invalid
blood_relation,Manoj is Karan's son. Karan is Anjali's daughter. How is Manoj related to Anjali?,Manoj|son|Karan;Karan|daughter|Anjali,grandson
direction_sense,"Suresh walks 10km north, then 6km east, then 9km south. How far is Suresh from the starting point?",10km north;6km east;9km south,6.08
coding_decoding,"If CUP is coded as GYT, how is KEY coded?",CUP->GYT;KEY->?,OIC
syllogism,Statement 1: Some flowers are birds. Statement 2: Some birds are foods. Conclusion: Some flowers are foods. Is the conclusion valid?,Some flowers are birds|Some birds are foods|Some flowers are foods,invalid
blood_relation,Kavya is Rohit's father. Rohit is Arjun's mother. How is Kavya related to Arjun?,Kavya|father|Rohit;Rohit|mother|Arjun,grandfather
direction_sense,"Divya walks 7km south, then 3km west. How far is Divya from the starting point?",7km south;3km west,7.62
coding_decoding,"If PEN is coded as UJS, how is RUN coded?",PEN->UJS;RUN->?,WZS
syllogism,Statement 1: Some dogs are birds. Statement 2: All birds are pets. Conclusion: Some dogs are pets. Is the conclusion valid?,Some dogs are birds|All birds are pets|Some dogs are pets,valid
blood_relation,Karan is Meera's father. Meera is Pooja's father. How is Karan related to Pooja?,Karan|father|Meera;Meera|father|Pooja,grandfather
direction_sense,"Nikhil walks 10km south, then 3km north. How far is Nikhil from the starting point?",10km south;3km north,7.0
coding_decoding,"If PEN is coded as RGP, how is TOP coded?",PEN->RGP;TOP->?,VQR
syllogism,Statement 1: Some birds are plants. Statement 2: All plants are foods. Conclusion: Some birds are foods. Is the conclusion valid?,Some birds are plants|All plants are foods|Some birds are foods,valid
blood_relation,Suresh is Divya's father. Divya is Kavya's father. How is Suresh related to Kavya?,Suresh|father|Divya;Divya|father|Kavya,grandfather
direction_sense,"Manoj walks 2km west, then 3km north, then 2km north. How far is Manoj from the starting point?",2km west;3km north;2km north,5.39
coding_decoding,"If SUN is coded as TVO, how is RUN coded?",SUN->TVO;RUN->?,SVO
syllogism,Statement 1: No cars are plants. Statement 2: Some plants are fruits. Conclusion: Some fruits are not cars. Is the conclusion valid?,No cars are plants|Some plants are fruits|Some fruits are not cars,valid
blood_relation,Priya is Nikhil's father. Nikhil is Amit's father. How is Priya related to Amit?,Priya|father|Nikhil;Nikhil|father|Amit,grandfather
direction_sense,"Manoj walks 2km east, then 7km west. How far is Manoj from the starting point?",2km east;7km west,5.0
coding_decoding,"If MAP is coded as PDS, how is JAM coded?",MAP->PDS;JAM->?,MDP
syllogism,Statement 1: No foods are flowers. Statement 2: Some flowers are cats. Conclusion: Some cats are not foods. Is the conclusion valid?,No foods are flowers|Some flowers are cats|Some cats are not foods,valid
blood_relation,Manoj is Karan's mother. Karan is Nikhil's father. How is Manoj related to Nikhil?,Manoj|mother|Karan;Karan|father|Nikhil,grandmother
direction_sense,"Riya walks 7km north, then 9km east, then 9km north. How far is Riya from the starting point?",7km north;9km east;9km north,18.36
coding_decoding,"If PEN is coded as SHQ, how is BOX coded?",PEN->SHQ;BOX->?,ERA
syllogism,Statement 1: All plants are dogs. Statement 2: No dogs are foods. Conclusion: No plants are foods. Is the conclusion valid?,All plants are dogs|No dogs are foods|No plants are foods,valid
blood_relation,Karan is Arjun's mother. Arjun is Rohit's mother. How is Karan related to Rohit?,Karan|mother|Arjun;Arjun|mother|Rohit,grandmother
direction_sense,"Nikhil walks 8km south, then 8km north. How far is Nikhil from the starting point?",8km south;8km north,0.0
coding_decoding,"If CAT is coded as ECV, how is BAT coded?",CAT->ECV;BAT->?,DCV
syllogism,Statement 1: No cars are flowers. Statement 2: Some flowers are foods. Conclusion: Some foods are not cars. Is the conclusion valid?,No cars are flowers|Some flowers are foods|Some foods are not cars,valid
blood_relation,Manoj is Sneha's mother. Sneha is Riya's father. How is Manoj related to Riya?,Manoj|mother|Sneha;Sneha|father|Riya,grandmother
direction_sense,"Suresh walks 4km south, then 2km north, then 4km north. How far is Suresh from the starting point?",4km south;2km north;4km north,2.0
coding_decoding,"If DOG is coded as EPH, how is RUN coded?",DOG->EPH;RUN->?,SVO
syllogism,Statement 1: All mammals are fruits. Statement 2: No fruits are pets. Conclusion: No mammals are pets. Is the conclusion valid?,All mammals are fruits|No fruits are pets|No mammals are pets,valid
blood_relation,Vikram is Amit's son. Amit is Anjali's son. How is Vikram related to Anjali?,Vikram|son|Amit;Amit|son|Anjali,grandson
direction_sense,"Amit walks 6km south, then 6km north. How far is Amit from the starting point?",6km south;6km north,0.0
coding_decoding,"If CAT is coded as FDW, how is RUN coded?",CAT->FDW;RUN->?,UXQ
syllogism,Statement 1: No flowers are animals. Statement 2: Some animals are dogs. Conclusion: Some dogs are not flowers. Is the conclusion valid?,No flowers are animals|Some animals are dogs|Some dogs are not flowers,valid
blood_relation,Riya is Manoj's father. Manoj is Suresh's father. How is Riya related to Suresh?,Riya|father|Manoj;Manoj|father|Suresh,grandfather
direction_sense,"Arjun walks 3km north, then 6km south, then 2km north. How far is Arjun from the starting point?",3km north;6km south;2km north,1.0
coding_decoding,"If CAT is coded as DBU, how is LOG coded?",CAT->DBU;LOG->?,MPH
syllogism,Statement 1: No vehicles are plants. Statement 2: Some plants are dogs. Conclusion: Some dogs are not vehicles. Is the conclusion valid?,No vehicles are plants|Some plants are dogs|Some dogs are not vehicles,valid
blood_relation,Suresh is Karan's daughter. Karan is Vikram's son. How is Suresh related to Vikram?,Suresh|daughter|Karan;Karan|son|Vikram,granddaughter
direction_sense,"Kavya walks 5km east, then 5km south, then 8km south. How far is Kavya from the starting point?",5km east;5km south;8km south,13.93
coding_decoding,"If MAP is coded as OCR, how is BOX coded?",MAP->OCR;BOX->?,DQZ
syllogism,Statement 1: Some birds are animals. Statement 2: Some animals are fruits. Conclusion: Some birds are fruits. Is the conclusion valid?,Some birds are animals|Some animals are fruits|Some birds are fruits,invalid
blood_relation,Divya is Karan's daughter. Karan is Rohit's daughter. How is Divya related to Rohit?,Divya|daughter|Karan;Karan|daughter|Rohit,granddaughter
direction_sense,"Rohit walks 5km west, then 4km east, then 4km north. How far is Rohit from the starting point?",5km west;4km east;4km north,4.12
coding_decoding,"If DOG is coded as ITL, how is TOP coded?",DOG->ITL;TOP->?,YTU
syllogism,Statement 1: Some plants are pets. Statement 2: Some pets are dogs. Conclusion: Some plants are dogs. Is the conclusion valid?,Some plants are pets|Some pets are dogs|Some plants are dogs,invalid
blood_relation,Karan is Meera's father. Meera is Nikhil's mother. How is Karan related to Nikhil?,Karan|father|Meera;Meera|mother|Nikhil,grandfather
direction_sense,"Sneha walks 3km east, then 5km east, then 3km west. How far is Sneha from the starting point?",3km east;5km east;3km west,5.0
coding_decoding,"If MAP is coded as RFU, how is TOP coded?",MAP->RFU;TOP->?,YTU
syllogism,Statement 1: All pets are dogs. Statement 2: No dogs are foods. Conclusion: No pets are foods. Is the conclusion valid?,All pets are dogs|No dogs are foods|No pets are foods,valid
blood_relation,Arjun is Meera's mother. Meera is Suresh's father. How is Arjun related to Suresh?,Arjun|mother|Meera;Meera|father|Suresh,grandmother
direction_sense,"Suresh walks 4km west, then 4km south. How far is Suresh from the starting point?",4km west;4km south,5.66
coding_decoding,"If DOG is coded as GRJ, how is LOG coded?",DOG->GRJ;LOG->?,ORJ
syllogism,Statement 1: Some cats are vehicles. Statement 2: All vehicles are pets. Conclusion: Some cats are pets. Is the conclusion valid?,Some cats are vehicles|All vehicles are pets|Some cats are pets,valid
blood_relation,Manoj is Pooja's daughter. Pooja is Rohit's daughter. How is Manoj related to Rohit?,Manoj|daughter|Pooja;Pooja|daughter|Rohit,granddaughter
direction_sense,"Priya walks 6km north, then 5km west. How far is Priya from the starting point?",6km north;5km west,7.81
coding_decoding,"If CAT is coded as GEX, how is LOG coded?",CAT->GEX;LOG->?,PSK
syllogism,Statement 1: Some plants are fruits. Statement 2: All fruits are animals. Conclusion: Some plants are animals. Is the conclusion valid?,Some plants are fruits|All fruits are animals|Some plants are animals,valid
blood_relation,Riya is Priya's father. Priya is Anjali's father. How is Riya related to Anjali?,Riya|father|Priya;Priya|father|Anjali,grandfather
direction_sense,"Riya walks 3km south, then 3km south, then 7km west. How far is Riya from the starting point?",3km south;3km south;7km west,9.22
coding_decoding,"If SUN is coded as WYR, how is BAT coded?",SUN->WYR;BAT->?,FEX
syllogism,Statement 1: All birds are animals. Statement 2: All animals are foods. Conclusion: All birds are foods. Is the conclusion valid?,All birds are animals|All animals are foods|All birds are foods,valid
blood_relation,Anjali is Amit's daughter. Amit is Rohit's son. How is Anjali related to Rohit?,Anjali|daughter|Amit;Amit|son|Rohit,granddaughter
direction_sense,"Arjun walks 2km east, then 3km east, then 3km south. How far is Arjun from the starting point?",2km east;3km east;3km south,5.83
coding_decoding,"If DOG is coded as EPH, how is RUN coded?",DOG->EPH;RUN->?,SVO
syllogism,Statement 1: No pets are dogs. Statement 2: Some dogs are plants. Conclusion: Some plants are not pets. Is the conclusion valid?,No pets are dogs|Some dogs are plants|Some plants are not pets,valid
blood_relation,Karan is Meera's son. Meera is Nikhil's son. How is Karan related to Nikhil?,Karan|son|Meera;Meera|son|Nikhil,grandson
direction_sense,"Divya walks 4km east, then 8km east, then 10km west. How far is Divya from the starting point?",4km east;8km east;10km west,2.0
coding_decoding,"If MAP is coded as NBQ, how is BOX coded?",MAP->NBQ;BOX->?,CPY
syllogism,Statement 1: All birds are vehicles. Statement 2: All vehicles are animals. Conclusion: All birds are animals. Is the conclusion valid?,All birds are vehicles|All vehicles are animals|All birds are animals,valid
blood_relation,Priya is Arjun's mother. Arjun is Kavya's mother. How is Priya related to Kavya?,Priya|mother|Arjun;Arjun|mother|Kavya,grandmother
direction_sense,"Meera walks 3km north, then 6km south. How far is Meera from the starting point?",3km north;6km south,3.0
coding_decoding,"If PEN is coded as QFO, how is TOP coded?",PEN->QFO;TOP->?,UPQ
syllogism,Statement 1: All mammals are animals. Statement 2: No animals are flowers. Conclusion: No mammals are flowers. Is the conclusion valid?,All mammals are animals|No animals are flowers|No mammals are flowers,valid
blood_relation,Amit is Pooja's father. Pooja is Anjali's mother. How is Amit related to Anjali?,Amit|father|Pooja;Pooja|mother|Anjali,grandfather
direction_sense,"Manoj walks 5km south, then 6km west. How far is Manoj from the starting point?",5km south;6km west,7.81
coding_decoding,"If MAP is coded as OCR, how is KEY coded?",MAP->OCR;KEY->?,MGA
syllogism,Statement 1: Some dogs are cats. Statement 2: All cats are foods. Conclusion: Some dogs are foods. Is the conclusion valid?,Some dogs are cats|All cats are foods|Some dogs are foods,valid
blood_relation,Priya is Arjun's son. Arjun is Amit's son. How is Priya related to Amit?,Priya|son|Arjun;Arjun|son|Amit,grandson
direction_sense,"Arjun walks 2km east, then 3km east. How far is Arjun from the starting point?",2km east;3km east,5.0
coding_decoding,"If PEN is coded as SHQ, how is BAT coded?",PEN->SHQ;BAT->?,EDW
syllogism,Statement 1: All plants are flowers. Statement 2: No flowers are birds. Conclusion: No plants are birds. Is the conclusion valid?,All plants are flowers|No flowers are birds|No plants are birds,valid
